-- MySQL dump 10.13  Distrib 8.0.30, for Win64 (x86_64)
--
-- Host: localhost    Database: winstar22
-- ------------------------------------------------------
-- Server version	8.0.30

/*!40101 SET @OLD_CHARACTER_SET_CLIENT=@@CHARACTER_SET_CLIENT */;
/*!40101 SET @OLD_CHARACTER_SET_RESULTS=@@CHARACTER_SET_RESULTS */;
/*!40101 SET @OLD_COLLATION_CONNECTION=@@COLLATION_CONNECTION */;
/*!50503 SET NAMES utf8mb4 */;
/*!40103 SET @OLD_TIME_ZONE=@@TIME_ZONE */;
/*!40103 SET TIME_ZONE='+00:00' */;
/*!40014 SET @OLD_UNIQUE_CHECKS=@@UNIQUE_CHECKS, UNIQUE_CHECKS=0 */;
/*!40014 SET @OLD_FOREIGN_KEY_CHECKS=@@FOREIGN_KEY_CHECKS, FOREIGN_KEY_CHECKS=0 */;
/*!40101 SET @OLD_SQL_MODE=@@SQL_MODE, SQL_MODE='NO_AUTO_VALUE_ON_ZERO' */;
/*!40111 SET @OLD_SQL_NOTES=@@SQL_NOTES, SQL_NOTES=0 */;

--
-- Table structure for table `about_page`
--

DROP TABLE IF EXISTS `about_page`;
/*!40101 SET @saved_cs_client     = @@character_set_client */;
/*!50503 SET character_set_client = utf8mb4 */;
CREATE TABLE `about_page` (
  `id` bigint unsigned NOT NULL AUTO_INCREMENT,
  `title` varchar(255) CHARACTER SET utf8mb4 COLLATE utf8mb4_unicode_ci NOT NULL,
  `content` text CHARACTER SET utf8mb4 COLLATE utf8mb4_unicode_ci,
  `created_at` timestamp NULL DEFAULT NULL,
  `updated_at` timestamp NULL DEFAULT NULL,
  PRIMARY KEY (`id`)
) ENGINE=InnoDB AUTO_INCREMENT=2 DEFAULT CHARSET=utf8mb4 COLLATE=utf8mb4_unicode_ci;
/*!40101 SET character_set_client = @saved_cs_client */;

--
-- Dumping data for table `about_page`
--

LOCK TABLES `about_page` WRITE;
/*!40000 ALTER TABLE `about_page` DISABLE KEYS */;
INSERT INTO `about_page` VALUES (1,'About','Hiện tại, giá dòng iPhone 16 đang giảm sâu so với thời điểm ra mắt nên đây là thời điểm không thể hợp lý hơn để bạn tậu các \"siêu phẩm\" mới đến từ Apple.\r\n\r\nBạn đang có ý định mua một chiếc điện thoại cao cấp mới để phục vụ công việc cũng như giải trí và đang tìm hiểu bảng giá các mẫu iPhone 16 của Apple? Bài viết này sẽ cung cấp cho bạn thông tin giá các mẫu iPhone mới nhất hiện nay của \"Nhà Táo\" để bạn có thể lựa chọn được sản phẩm phù hợp với nhu cầu và ngân sách của mình.\r\n\r\nGiá IPhone 16 Series hiện giảm sâu so với thời điểm ra mắt\r\nGiá IPhone 16 Series hiện giảm sâu so với thời điểm ra mắt\r\nLưu ý: Giá bán dòng iPhone 16 được cập nhật tại cuối tháng 07/2025, giá, khuyến mãi có thể thay đổi tùy thời điểm, Sforum sẽ cập nhật liên tục tới bạn đọc!\r\n\r\nMục lục\r\nẨn\r\n1. iPhone 16\r\n2. iPhone 16 Plus\r\n3. iPhone 16 Pro\r\n4. iPhone 16 Pro Max\r\n5. Tạm kết\r\niPhone 16\r\niPhone 16 là model giá phải chăng nhất trong dòng iPhone 2024. So với thời điểm lên kệ, giá mẫu iPhone này đã giảm sâu, lần lượt chỉ còn 18.89 triệu đồng cho bản bộ nhớ trong 128GB, 22.19 triệu đồng cho bản 256GB và giá model 512GB là 27.99 triệu đồng.\r\n\r\niPhone 16 có giá hấp dẫn\r\niPhone 16 có giá hấp dẫn\r\nNgoài giá giảm sâu, quý khách hàng khi mua iPhone 16 tại CellphoneS còn nhận được nhiều khuyến mãi hấp dẫn khác như Trả góp 0% lãi suất, tối đa 12 tháng, trả trước từ 10% qua CTTC hoặc 0đ qua thẻ tín dụng, Tặng combo 3 voucher tổng trị giá đến 2 triệu mua các sản phẩm tivi, gia dụng, đồng hồ trẻ em, Đặc quyền trợ giá lên đến 3 triệu khi thu cũ lên đời iPhone và Tặng SIM/ESIM Viettel 5G có 8GB data/ngày kèm TV360 4K & 30GB Mybox - miễn phí 1 tháng sử dụng (Chỉ áp dụng tại cửa hàng).\r\n\r\niPhone 16 có thiết kế nhỏ gọn cao cấp\r\niPhone 16 có thiết kế nhỏ gọn cao cấp\r\nNếu đang tìm kiếm một chiếc iPhone chất lượng mà không muốn chi quá nhiều tiền thì iPhone 16 là lựa chọn rất đáng để bạn cận nhắc. Điện thoại này có thiết kế hiện đại với màn hình đục lỗ bắt mắt, màn hình 6.1 inch tràn viền, các góc được bo tròn nên cho cảm giác cầm nắm bằng một tay cực kỳ thoải mái. Mặc dù màn hình này không hỗ trợ tần số quét 120Hz nhưng chất lượng hiển thị của nó có thể làm hài lòng bất kỳ người dùng khó tính nào.\r\n\r\nBên trong iPhone 16 dùng chip A18 3nm mạnh mẽ, có RAM 8GB và chạy trên hệ điều hành iOS 18 mang đến hàng loạt tính năng AI thú vị. Máy còn có dung lượng pin đủ dùng trong cả ngày dài, hệ thống camera sau kép 48MP + 12MP chất lượng cũng như máy ảnh selfie 12MP ở mặt trước.\r\n\r\n\r\niPhone 16 128GB | Chính hãng VN/A\r\niPhone 16 128GB | Chính hãng VN/A\r\n18.890.000đ\r\n22.990.000đ\r\nĐặc điểm nổi bật\r\niPhone 16 trang bị hệ thống camera tiên tiến cho phép truy cập nhanh các công cụ như thu phóng và độ sâu trường ảnh, giúp ghi lại khoảnh khắc hoàn hảo chỉ trong chớp mắt.\r\nCamera Ultra Wide với lấy nét tự động giúp chụp ảnh cận cảnh ấn tượng, trong khi camera Fusion 48MP mang lại độ phân giải tuyệt đẹp cho mọi bức hình.\r\nPhong Cách Nhiếp Ảnh mới mang đến sự linh hoạt, giúp bạn dễ dàng biến mỗi bức ảnh thành tác phẩm nghệ thuật độc đáo.\r\nChip A18 mạnh mẽ tối ưu hóa chụp ảnh và quay video, tiết kiệm năng lượng và kéo dài thời gian sử dụng pin lên đến 22 giờ cho những cuộc phiêu lưu không ngừng nghỉ.\r\nXem chi tiết\r\niPhone 16 Plus\r\nTựa như iPhone 16, giá iPhone 16 Plus VN/A hiện đã giảm sâu so với thời điểm máy ra mắt. Hiện tại, phiên bản 128GB của điện thoại này hiện đang được bán tại CellphoneS với mức giá chỉ 21.89 triệu đồng. Còn hai biến thể 256GB và 512GB được giảm giá xuống còn lần lượt 25.19 và 29.49 triệu đồng.\r\n\r\nGiá iPhone 16 Plus giảm sâu\r\nGiá iPhone 16 Plus giảm sâu\r\nKhi mua iPhone 16 Plus tại CellphoneS, bạn cũng nhận được các ưu đãi hấp dẫn như Trả góp 0% lãi suất, tối đa 12 tháng, trả trước từ 10% qua CTTC hoặc 0đ qua thẻ tín dụng, Tặng combo 3 voucher tổng trị giá đến 2 triệu mua các sản phẩm tivi, gia dụng, đồng hồ trẻ em, Đặc quyền trợ giá lên đến 3 triệu khi thu cũ lên đời iPhone và Tặng SIM/ESIM Viettel 5G có 8GB data/ngày kèm TV360 4K & 30GB Mybox - miễn phí 1 tháng sử dụng (Chỉ áp dụng tại cửa hàng).\r\n\r\niPhone 16 Plus là phiên bản phóng lớn của iPhone 16\r\niPhone 16 Plus là phiên bản phóng lớn của iPhone 16\r\niPhone 16 Plus phiên bản phóng lớn của iPhone 16 với sự khác biệt chính giữa hai điện thoại này chỉ đến từ kích thước và dung lượng pin.\r\n\r\nCác điểm nhấn ấn tượng nhất của iPhone 16 Plus bao gồm màn hình Super Retina XDR OLED thiết kế Dynamic Island, kích thước 6.7 inch, kết hợp công nghệ True Tone, HDR, Haptic Touch, Không chỉ vậy, sản phẩm còn trang bị chip A18 3nm mạnh mẽ, RAM 8GB, bộ nhớ trong tối thiểu 128GB và chạy trên hệ điều hành iOS 18.\r\n\r\nKhả năng nhiếp ảnh của iPhone 16 Plus cũng khá ấn tượng khi điện thoại sở hữu hệ thống camera kép ở mặt sau, bao gồm cảm biến chính 48MP chất lượng và máy ảnh 12MP cho góc chụp siêu rộng. Mặt trước của thiết bị có máy ảnh selfie 12MP chất lượng và viên pin lớn có thể đáp ứng tốt một ngày dài sử dụng với cường độ cao của người dùng.\r\n\r\n\r\niPhone 16 Plus 128GB | Chính hãng VN/A\r\niPhone 16 Plus 128GB | Chính hãng VN/A\r\n21.890.000đ\r\n25.990.000đ\r\nĐặc điểm nổi bật\r\niPhone 16 Plus cho phép bạn điều khiển camera và truy cập nhanh các công cụ như thu phóng, giúp chụp ảnh dễ dàng hơn.\r\nCamera Ultra Wide với lấy nét tự động ghi hình cận cảnh sắc nét, trong khi camera Fusion 48MP mang lại độ phân giải cao cho bức ảnh sống động.\r\nPhong Cách Nhiếp Ảnh mới giúp bạn sáng tạo, biến mỗi bức ảnh thành tác phẩm độc đáo và dễ dàng thay đổi phong cách.\r\nChip A18 mang đến hiệu suất vượt trội cho chụp ảnh, quay video và chơi game, cùng thời lượng pin lên đến 27 giờ để bạn luôn sẵn sàng khám phá.\r\nXem chi tiết\r\niPhone 16 Pro\r\niPhone 16 Pro là một trong hai mẫu điện thoại cao cấp nhất của Apple ở thời điểm hiện tại. Hiện tại, mẫu iPhone này có giá khởi điểm chỉ từ 25.09 triệu đồng cho bản bộ nhớ trong 128GB. Phiên bản 256GB của điện thoại hiện có giá 28.09 triệu đồng, bản 512GB được giảm giá còn 34.69 triệu đồng và biến thể 1TB có giá 39.49 triệu đồng.\r\n\r\niPhone 16 Pro là một trong những flagship nhỏ gọn đáng mua nhất hiện nay\r\niPhone 16 Pro là một trong những flagship nhỏ gọn đáng mua nhất hiện nay\r\nChưa hết, bạn cũng nhận được các ưu đãi hấp dẫn như combo 3 voucher tổng trị giá đến 2 triệu mua các sản phẩm tivi, gia dụng, đồng hồ trẻ em; Ưu đãi trả góp 0% lãi suất, tối đa 12 tháng, trả trước từ 10% qua CTTC hoặc 0đ qua thẻ tín dụng; Đặc quyền trợ giá lên đến 3 triệu khi thu cũ lên đời iPhone và SIM/ESIM Viettel 5G có 8GB data/ngày kèm TV360 4K & 30GB Mybox - miễn phí 1 tháng sử dụng (Chỉ áp dụng tại cửa hàng).\r\n\r\niPhone 16 Pro sở hữu chất lượng hoàn thiện cao cấp\r\niPhone 16 Pro sở hữu chất lượng hoàn thiện cao cấp\r\nĐược biết, iPhone 16 Pro sở hữu cấu hình gần như giống hệt iPhone 16 Pro Max nhưng có kích thước nhỏ gọn hơn, chỉ 6.3 inch nên cho trải nghiệm cầm nắm bằng một tay cực kỳ thoải mái.\r\n\r\nSo với thế hệ trước, iPhone 16 Pro nhận được khá nhiều cải tiến và nâng cấp, đến từ thiết kế, cấu hình cho đến tính năng. Mẫu iPhone này có thiết kế đục lỗ hiện đại, hỗ trợ tính năng Dynamic Island cho khả năng tương tác thú vị, tần số quét thích ứng 120Hz cũng như tính năng Always On Display.\r\n\r\nVề hiệu năng, iPhone 16 Pro được trang bị bộ xử lý A18 Pro 3nm mạnh mẽ, đi kèm dung lượng RAM 8GB và bộ nhớ trong tối đa lên tới 1TB. Viên pin của điện thoại này cũng dư sức đáp ứng tốt một ngày dài sử dụng của người dùng. Cụm 3 camera sau 48MP (chính) + 48MP (siêu rộng) + 12MP (tiềm vọng 5x) sẽ mang tới những hình ảnh/video chất lượng cao.\r\n\r\n\r\niPhone 16 Pro 128GB | Chính hãng VN/A\r\niPhone 16 Pro 128GB | Chính hãng VN/A\r\n25.090.000đ\r\n28.990.000đ\r\nĐặc điểm nổi bật\r\niPhone 16 Pro có thiết kế titan nhẹ và cứng cáp, với màn hình Super Retina XDR 6,3 inch lớn hơn, mang đến vẻ đẹp tuyệt vời.\r\nĐiều Khiển Camera cho phép bạn truy cập nhanh các công cụ như thu phóng và độ sâu trường ảnh, giúp bạn chụp ảnh hoàn hảo siêu nhanh.\r\nCamera Ultra Wide 48MP và Telephoto 5x ghi lại những chi tiết sắc nét từ mọi góc độ, nâng tầm trải nghiệm chụp ảnh của bạn.\r\nChip A18 Pro cung cấp hiệu suất vượt trội và thời lượng pin ấn tượng, cho phép bạn sử dụng liên tục lên đến 27 giờ.\r\nXem chi tiết\r\niPhone 16 Pro Max\r\niPhone 16 Pro Max là mẫu iPhone cao cấp nhất ở thời điểm hiện tại của Apple. Giống như các thành viên khác của dòng iPhone 16, giá điện thoại này hiện đã giảm sâu so với thời điểm ra mắt, chỉ còn từ 29.99 triệu đồng cho bản bộ nhớ trong 256GB. Model 512GB đang được bán tại CellphoneS với giá 37.39 triệu đồng, trong khi biến thể 1TB hiện có giá 42.99 triệu đồng.\r\n\r\nGiá iPhone 16 Pro Max giảm sâu so với thời điểm ra mắt\r\nGiá iPhone 16 Pro Max giảm sâu so với thời điểm ra mắt\r\nKhi mua iPhone 16 Pro Max tại CellphoneS, bạn cũng sẽ nhận được các ưu đãi hấp dẫn như combo 3 voucher tổng trị giá đến 2 triệu mua các sản phẩm tivi, gia dụng, đồng hồ trẻ em; Ưu đãi trả góp 0% lãi suất, tối đa 12 tháng, trả trước từ 10% qua CTTC hoặc 0đ qua thẻ tín dụng; Đặc quyền trợ giá lên đến 3 triệu khi thu cũ lên đời iPhone và SIM/ESIM Viettel 5G có 8GB data/ngày kèm TV360 4K & 30GB Mybox - miễn phí 1 tháng sử dụng (Chỉ áp dụng tại cửa hàng).\r\n\r\niPhone 16 Pro Max có thiết kế cực kỳ cao cấp\r\niPhone 16 Pro Max có thiết kế cực kỳ cao cấp\r\nSo với thế hệ trước, iPhone 16 Pro Max nhận được khá nhiều cải tiến và nâng cấp. Chất lượng hiển thị của smartphone này vẫn thuộc hàng top khi máy sở hữu màn hình 6.9 inch, Super Retina XDR, hỗ trợ độ phân giải 1,320 x 2,868 pixel công nghệ ProMotion với tần số quét thích ứng 120Hz. Chính vì vậy mà người dùng sẽ có được trải nghiệm liền mạch, mượt mà và vô cùng sắc nét.\r\n\r\nCung cấp sức mạnh cho iPhone 16 Pro Max đến từ vi xử lý Apple A18 Bionic cùng dung lượng RAM 8GB và bộ nhớ trong tối thiểu 256GB. Cấu hình này đảm bảo cho bạn mọi tác vụ đều trở nên mượt mà, trơn tru và thời gian xử lý nhanh chóng nhất. Máy có pin lớn, đủ dùng trong cả ngày dài và bộ ba camera sau, bao gồm cảm biến chính 48MP, máy ảnh siêu rộng 48MP mới và  ống kính tiềm vọng 12MP mới hỗ trợ zoom quang học 5x ấn tượng.\r\n\r\n\r\niPhone 16 Pro Max 256GB | Chính hãng VN/A\r\niPhone 16 Pro Max 256GB | Chính hãng VN/A\r\n29.990.000đ\r\n34.990.000đ\r\nĐặc điểm nổi bật\r\niPhone 16 Pro Max có thiết kế titan nhẹ và bền bỉ, với màn hình Super Retina XDR 6,9 inch lớn hơn.\r\nTính năng Điều Khiển Camera cho phép truy cập nhanh các công cụ như thu phóng, giúp chụp ảnh dễ dàng.\r\nCamera Ultra Wide 48MP ghi lại chi tiết sắc nét, trong khi camera Telephoto 5x chụp xa ấn tượng.\r\nVideo 4K Dolby Vision ở 120 fps cùng micrô chất lượng studio biến iPhone thành một studio chuyên nghiệp trong túi bạn.\r\nNgoài ra, chip A18 Pro mang lại hiệu suất vượt trội cho cả việc chụp ảnh và chơi game.\r\nXem chi tiết\r\nCùng với đó, CellphoneS còn phân phối nhiều thương hiệu điện thoại cũ với đa dạng mẫu mã và giá bán, cùng khám phá xem nếu có nhu cầu ngay nhé!\r\n\r\nTạm kết\r\nTùy thuộc vào nhu cầu sử dụng và ngân sách của bạn, mỗi chiếc iPhone 16 đều có những ưu điểm riêng. Nếu bạn ưu tiên giá cả phải chăng và hiệu năng ổn định, iPhone 16 vẫn là một lựa chọn sáng giá. Còn nếu bạn muốn trải nghiệm những công nghệ mới nhất và sẵn sàng đầu tư, các mẫu iPhone 16 Pro và iPhone 16 Pro Max sẽ là lựa chọn tốt nhất dành cho bạn ở thời điểm hiện tại.','2025-08-04 04:25:42','2025-08-04 04:25:42');
/*!40000 ALTER TABLE `about_page` ENABLE KEYS */;
UNLOCK TABLES;

--
-- Table structure for table `attendance`
--

DROP TABLE IF EXISTS `attendance`;
/*!40101 SET @saved_cs_client     = @@character_set_client */;
/*!50503 SET character_set_client = utf8mb4 */;
CREATE TABLE `attendance` (
  `id` bigint unsigned NOT NULL AUTO_INCREMENT,
  `user_id` bigint unsigned NOT NULL,
  `date` date NOT NULL COMMENT 'Ngày điểm danh',
  `check_in_time` time DEFAULT NULL COMMENT 'Thời gian điểm danh vào',
  `check_out_time` time DEFAULT NULL COMMENT 'Thời gian điểm danh ra',
  `points_earned` int NOT NULL DEFAULT '0' COMMENT 'Điểm tích được từ điểm danh',
  `status` varchar(255) CHARACTER SET utf8mb4 COLLATE utf8mb4_unicode_ci NOT NULL DEFAULT 'present' COMMENT 'Trạng thái: present, absent, late',
  `notes` text CHARACTER SET utf8mb4 COLLATE utf8mb4_unicode_ci COMMENT 'Ghi chú',
  `created_at` timestamp NULL DEFAULT NULL,
  `updated_at` timestamp NULL DEFAULT NULL,
  `points_claimed` tinyint(1) NOT NULL DEFAULT '0' COMMENT 'Đã tích điểm chưa',
  PRIMARY KEY (`id`),
  UNIQUE KEY `attendance_user_id_date_unique` (`user_id`,`date`),
  KEY `attendance_user_id_date_index` (`user_id`,`date`),
  KEY `attendance_date_index` (`date`),
  KEY `attendance_status_index` (`status`),
  CONSTRAINT `attendance_user_id_foreign` FOREIGN KEY (`user_id`) REFERENCES `users` (`id`) ON DELETE CASCADE
) ENGINE=InnoDB AUTO_INCREMENT=340 DEFAULT CHARSET=utf8mb4 COLLATE=utf8mb4_unicode_ci;
/*!40101 SET character_set_client = @saved_cs_client */;

--
-- Dumping data for table `attendance`
--

LOCK TABLES `attendance` WRITE;
/*!40000 ALTER TABLE `attendance` DISABLE KEYS */;
INSERT INTO `attendance` VALUES (1,1,'2025-07-07','07:46:00','17:03:00',105,'present','Dữ liệu mẫu','2025-08-05 02:49:18','2025-08-05 02:49:18',0),(2,1,'2025-07-08','09:06:00','18:57:00',100,'present','Dữ liệu mẫu','2025-08-05 02:49:18','2025-08-05 02:49:18',0),(3,1,'2025-07-09','08:50:00','19:07:00',115,'present','Dữ liệu mẫu','2025-08-05 02:49:18','2025-08-05 02:49:18',0),(4,1,'2025-07-11','07:56:00','17:51:00',105,'present','Dữ liệu mẫu','2025-08-05 02:49:18','2025-08-05 02:49:18',0),(5,1,'2025-07-14','07:42:00','19:10:00',125,'present','Dữ liệu mẫu','2025-08-05 02:49:18','2025-08-05 02:49:18',0),(6,1,'2025-07-15','09:34:00','18:23:00',90,'present','Dữ liệu mẫu','2025-08-05 02:49:18','2025-08-05 02:49:18',0),(7,1,'2025-07-17','07:05:00','18:47:00',125,'present','Dữ liệu mẫu','2025-08-05 02:49:18','2025-08-05 02:49:18',0),(8,1,'2025-07-21','08:38:00','17:17:00',95,'present','Dữ liệu mẫu','2025-08-05 02:49:18','2025-08-05 02:49:18',0),(9,1,'2025-07-22','08:35:00','19:12:00',115,'present','Dữ liệu mẫu','2025-08-05 02:49:18','2025-08-05 02:49:18',0),(10,1,'2025-07-23','09:21:00','18:44:00',100,'present','Dữ liệu mẫu','2025-08-05 02:49:19','2025-08-05 02:49:19',0),(11,1,'2025-07-24','08:22:00','17:43:00',105,'present','Dữ liệu mẫu','2025-08-05 02:49:19','2025-08-05 02:49:19',0),(12,1,'2025-07-25','09:07:00','19:21:00',110,'present','Dữ liệu mẫu','2025-08-05 02:49:19','2025-08-05 02:49:19',0),(13,1,'2025-07-29','08:00:00','18:53:00',115,'present','Dữ liệu mẫu','2025-08-05 02:49:19','2025-08-05 02:49:19',0),(14,1,'2025-07-30','09:39:00','17:50:00',90,'present','Dữ liệu mẫu','2025-08-05 02:49:19','2025-08-05 02:49:19',0),(15,1,'2025-07-31','07:10:00','17:12:00',115,'present','Dữ liệu mẫu','2025-08-05 02:49:19','2025-08-05 02:49:19',0),(16,1,'2025-08-01','09:57:00','18:01:00',90,'present','Dữ liệu mẫu','2025-08-05 02:49:19','2025-08-05 02:49:19',0),(17,1,'2025-08-04','09:16:00','17:21:00',90,'present','Dữ liệu mẫu','2025-08-05 02:49:19','2025-08-05 02:49:19',0),(18,2,'2025-07-07','08:05:00','19:22:00',125,'present','Dữ liệu mẫu','2025-08-05 02:49:19','2025-08-05 02:49:19',0),(19,2,'2025-07-08','08:33:00','19:02:00',115,'present','Dữ liệu mẫu','2025-08-05 02:49:19','2025-08-05 02:49:19',0),(20,2,'2025-07-09','07:50:00','17:34:00',105,'present','Dữ liệu mẫu','2025-08-05 02:49:19','2025-08-05 02:49:19',0),(21,2,'2025-07-10','07:16:00','18:24:00',125,'present','Dữ liệu mẫu','2025-08-05 02:49:19','2025-08-05 02:49:19',0),(22,2,'2025-07-11','07:57:00','19:38:00',125,'present','Dữ liệu mẫu','2025-08-05 02:49:19','2025-08-05 02:49:19',0),(23,2,'2025-07-14','09:25:00','17:45:00',90,'present','Dữ liệu mẫu','2025-08-05 02:49:19','2025-08-05 02:49:19',0),(24,2,'2025-07-16','08:25:00','18:11:00',105,'present','Dữ liệu mẫu','2025-08-05 02:49:19','2025-08-05 02:49:19',0),(25,2,'2025-07-17','09:28:00','19:49:00',110,'present','Dữ liệu mẫu','2025-08-05 02:49:19','2025-08-05 02:49:19',0),(26,2,'2025-07-18','09:01:00','18:54:00',100,'present','Dữ liệu mẫu','2025-08-05 02:49:19','2025-08-05 02:49:19',0),(27,2,'2025-07-21','07:18:00','19:03:00',125,'present','Dữ liệu mẫu','2025-08-05 02:49:19','2025-08-05 02:49:19',0),(28,2,'2025-07-22','09:31:00','19:50:00',110,'present','Dữ liệu mẫu','2025-08-05 02:49:19','2025-08-05 02:49:19',0),(29,2,'2025-07-23','09:22:00','18:09:00',90,'present','Dữ liệu mẫu','2025-08-05 02:49:19','2025-08-05 02:49:19',0),(30,2,'2025-07-24','07:44:00','19:58:00',135,'present','Dữ liệu mẫu','2025-08-05 02:49:19','2025-08-05 02:49:19',0),(31,2,'2025-07-25','08:47:00','18:59:00',115,'present','Dữ liệu mẫu','2025-08-05 02:49:19','2025-08-05 02:49:19',0),(32,2,'2025-07-28','08:10:00','18:53:00',115,'present','Dữ liệu mẫu','2025-08-05 02:49:19','2025-08-05 02:49:19',0),(33,2,'2025-07-29','09:12:00','19:50:00',110,'present','Dữ liệu mẫu','2025-08-05 02:49:19','2025-08-05 02:49:19',0),(34,2,'2025-07-30','07:44:00','17:59:00',115,'present','Dữ liệu mẫu','2025-08-05 02:49:19','2025-08-05 02:49:19',0),(35,2,'2025-07-31','08:26:00','17:32:00',105,'present','Dữ liệu mẫu','2025-08-05 02:49:19','2025-08-05 02:49:19',0),(36,2,'2025-08-01','08:09:00','18:09:00',115,'present','Dữ liệu mẫu','2025-08-05 02:49:19','2025-08-05 02:49:19',0),(37,2,'2025-08-04','08:48:00','18:09:00',105,'present','Dữ liệu mẫu','2025-08-05 02:49:19','2025-08-05 02:49:19',0),(38,2,'2025-08-05','08:22:00','19:36:00',125,'present','Dữ liệu mẫu','2025-08-05 02:49:19','2025-08-05 02:49:19',0),(39,3,'2025-07-07','09:41:00','18:26:00',90,'present','Dữ liệu mẫu','2025-08-05 02:49:19','2025-08-05 02:49:19',0),(40,3,'2025-07-08','08:52:00','18:36:00',105,'present','Dữ liệu mẫu','2025-08-05 02:49:19','2025-08-05 02:49:19',0),(41,3,'2025-07-09','09:19:00','19:14:00',100,'present','Dữ liệu mẫu','2025-08-05 02:49:19','2025-08-05 02:49:19',0),(42,3,'2025-07-10','08:21:00','19:04:00',115,'present','Dữ liệu mẫu','2025-08-05 02:49:19','2025-08-05 02:49:19',0),(43,3,'2025-07-11','09:19:00','18:50:00',100,'present','Dữ liệu mẫu','2025-08-05 02:49:19','2025-08-05 02:49:19',0),(44,3,'2025-07-14','07:23:00','17:51:00',115,'present','Dữ liệu mẫu','2025-08-05 02:49:19','2025-08-05 02:49:19',0),(45,3,'2025-07-15','08:41:00','17:28:00',95,'present','Dữ liệu mẫu','2025-08-05 02:49:19','2025-08-05 02:49:19',0),(46,3,'2025-07-16','08:02:00','19:44:00',125,'present','Dữ liệu mẫu','2025-08-05 02:49:19','2025-08-05 02:49:19',0),(47,3,'2025-07-17','07:29:00','19:59:00',135,'present','Dữ liệu mẫu','2025-08-05 02:49:19','2025-08-05 02:49:19',0),(48,3,'2025-07-18','07:26:00','18:05:00',115,'present','Dữ liệu mẫu','2025-08-05 02:49:19','2025-08-05 02:49:19',0),(49,3,'2025-07-21','07:17:00','19:47:00',135,'present','Dữ liệu mẫu','2025-08-05 02:49:19','2025-08-05 02:49:19',0),(50,3,'2025-07-22','07:05:00','19:44:00',135,'present','Dữ liệu mẫu','2025-08-05 02:49:19','2025-08-05 02:49:19',0),(51,3,'2025-07-24','07:24:00','19:58:00',135,'present','Dữ liệu mẫu','2025-08-05 02:49:19','2025-08-05 02:49:19',0),(52,3,'2025-07-25','08:39:00','18:07:00',105,'present','Dữ liệu mẫu','2025-08-05 02:49:19','2025-08-05 02:49:19',0),(53,3,'2025-07-29','07:26:00','18:52:00',125,'present','Dữ liệu mẫu','2025-08-05 02:49:19','2025-08-05 02:49:19',0),(54,3,'2025-07-31','07:53:00','19:15:00',125,'present','Dữ liệu mẫu','2025-08-05 02:49:19','2025-08-05 02:49:19',0),(55,3,'2025-08-01','07:25:00','18:51:00',125,'present','Dữ liệu mẫu','2025-08-05 02:49:19','2025-08-05 02:49:19',0),(56,3,'2025-08-05','09:20:00','19:14:00',100,'present','Dữ liệu mẫu','2025-08-05 02:49:19','2025-08-05 02:49:19',0),(57,4,'2025-07-07','07:23:00','19:18:00',125,'present','Dữ liệu mẫu','2025-08-05 02:49:19','2025-08-05 02:49:19',0),(58,4,'2025-07-08','09:09:00','19:34:00',110,'present','Dữ liệu mẫu','2025-08-05 02:49:19','2025-08-05 02:49:19',0),(59,4,'2025-07-09','09:44:00','18:08:00',90,'present','Dữ liệu mẫu','2025-08-05 02:49:19','2025-08-05 02:49:19',0),(60,4,'2025-07-10','07:12:00','17:30:00',115,'present','Dữ liệu mẫu','2025-08-05 02:49:19','2025-08-05 02:49:19',0),(61,4,'2025-07-15','09:18:00','18:22:00',100,'present','Dữ liệu mẫu','2025-08-05 02:49:19','2025-08-05 02:49:19',0),(62,4,'2025-07-17','08:03:00','18:42:00',115,'present','Dữ liệu mẫu','2025-08-05 02:49:19','2025-08-05 02:49:19',0),(63,4,'2025-07-18','07:49:00','18:14:00',115,'present','Dữ liệu mẫu','2025-08-05 02:49:19','2025-08-05 02:49:19',0),(64,4,'2025-07-21','07:14:00','19:59:00',135,'present','Dữ liệu mẫu','2025-08-05 02:49:19','2025-08-05 02:49:19',0),(65,4,'2025-07-22','09:24:00','17:56:00',90,'present','Dữ liệu mẫu','2025-08-05 02:49:19','2025-08-05 02:49:19',0),(66,4,'2025-07-23','09:11:00','17:58:00',90,'present','Dữ liệu mẫu','2025-08-05 02:49:19','2025-08-05 02:49:19',0),(67,4,'2025-07-24','08:04:00','18:55:00',115,'present','Dữ liệu mẫu','2025-08-05 02:49:19','2025-08-05 02:49:19',0),(68,4,'2025-07-25','07:19:00','17:03:00',105,'present','Dữ liệu mẫu','2025-08-05 02:49:19','2025-08-05 02:49:19',0),(69,4,'2025-07-28','08:11:00','17:32:00',105,'present','Dữ liệu mẫu','2025-08-05 02:49:19','2025-08-05 02:49:19',0),(70,4,'2025-07-29','09:43:00','19:43:00',110,'present','Dữ liệu mẫu','2025-08-05 02:49:19','2025-08-05 02:49:19',0),(71,4,'2025-07-30','08:05:00','17:29:00',105,'present','Dữ liệu mẫu','2025-08-05 02:49:19','2025-08-05 02:49:19',0),(72,4,'2025-07-31','07:15:00','18:23:00',125,'present','Dữ liệu mẫu','2025-08-05 02:49:19','2025-08-05 02:49:19',0),(73,4,'2025-08-05','07:51:00','18:56:00',125,'present','Dữ liệu mẫu','2025-08-05 02:49:19','2025-08-05 02:49:19',0),(74,5,'2025-07-07','08:50:00','17:30:00',95,'present','Dữ liệu mẫu','2025-08-05 02:49:19','2025-08-05 02:49:19',0),(75,5,'2025-07-08','09:41:00','18:28:00',90,'present','Dữ liệu mẫu','2025-08-05 02:49:19','2025-08-05 02:49:19',0),(76,5,'2025-07-09','08:03:00','17:50:00',105,'present','Dữ liệu mẫu','2025-08-05 02:49:19','2025-08-05 02:49:19',0),(77,5,'2025-07-10','07:00:00','19:11:00',135,'present','Dữ liệu mẫu','2025-08-05 02:49:19','2025-08-05 02:49:19',0),(78,5,'2025-07-11','08:49:00','19:21:00',115,'present','Dữ liệu mẫu','2025-08-05 02:49:19','2025-08-05 02:49:19',0),(79,5,'2025-07-14','07:56:00','18:19:00',115,'present','Dữ liệu mẫu','2025-08-05 02:49:19','2025-08-05 02:49:19',0),(80,5,'2025-07-15','08:14:00','18:58:00',115,'present','Dữ liệu mẫu','2025-08-05 02:49:19','2025-08-05 02:49:19',0),(81,5,'2025-07-17','07:31:00','18:51:00',125,'present','Dữ liệu mẫu','2025-08-05 02:49:19','2025-08-05 02:49:19',0),(82,5,'2025-07-18','07:54:00','18:40:00',115,'present','Dữ liệu mẫu','2025-08-05 02:49:19','2025-08-05 02:49:19',0),(83,5,'2025-07-23','09:45:00','19:57:00',110,'present','Dữ liệu mẫu','2025-08-05 02:49:19','2025-08-05 02:49:19',0),(84,5,'2025-07-24','07:40:00','19:20:00',125,'present','Dữ liệu mẫu','2025-08-05 02:49:19','2025-08-05 02:49:19',0),(85,5,'2025-07-25','09:29:00','17:03:00',75,'present','Dữ liệu mẫu','2025-08-05 02:49:19','2025-08-05 02:49:19',0),(86,5,'2025-07-28','07:27:00','17:12:00',105,'present','Dữ liệu mẫu','2025-08-05 02:49:19','2025-08-05 02:49:19',0),(87,5,'2025-07-29','07:59:00','19:08:00',125,'present','Dữ liệu mẫu','2025-08-05 02:49:19','2025-08-05 02:49:19',0),(88,5,'2025-07-30','09:06:00','17:26:00',90,'present','Dữ liệu mẫu','2025-08-05 02:49:19','2025-08-05 02:49:19',0),(89,5,'2025-07-31','08:33:00','19:39:00',125,'present','Dữ liệu mẫu','2025-08-05 02:49:19','2025-08-05 02:49:19',0),(90,5,'2025-08-01','09:01:00','17:28:00',90,'present','Dữ liệu mẫu','2025-08-05 02:49:19','2025-08-05 02:49:19',0),(91,5,'2025-08-04','08:55:00','19:06:00',115,'present','Dữ liệu mẫu','2025-08-05 02:49:19','2025-08-05 02:49:19',0),(92,5,'2025-08-05','09:12:00','17:16:00',90,'present','Dữ liệu mẫu','2025-08-05 02:49:19','2025-08-05 02:49:19',0),(93,6,'2025-07-08','09:46:00','19:02:00',100,'present','Dữ liệu mẫu','2025-08-05 02:49:19','2025-08-05 02:49:19',0),(94,6,'2025-07-09','09:40:00','17:58:00',90,'present','Dữ liệu mẫu','2025-08-05 02:49:19','2025-08-05 02:49:19',0),(95,6,'2025-07-10','09:53:00','17:37:00',75,'present','Dữ liệu mẫu','2025-08-05 02:49:19','2025-08-05 02:49:19',0),(96,6,'2025-07-11','07:22:00','19:45:00',135,'present','Dữ liệu mẫu','2025-08-05 02:49:19','2025-08-05 02:49:19',0),(97,6,'2025-07-14','09:49:00','19:09:00',100,'present','Dữ liệu mẫu','2025-08-05 02:49:19','2025-08-05 02:49:19',0),(98,6,'2025-07-15','09:06:00','17:04:00',75,'present','Dữ liệu mẫu','2025-08-05 02:49:19','2025-08-05 02:49:19',0),(99,6,'2025-07-16','07:57:00','17:02:00',105,'present','Dữ liệu mẫu','2025-08-05 02:49:19','2025-08-05 02:49:19',0),(100,6,'2025-07-17','07:57:00','19:12:00',125,'present','Dữ liệu mẫu','2025-08-05 02:49:19','2025-08-05 02:49:19',0),(101,6,'2025-07-21','08:48:00','17:48:00',105,'present','Dữ liệu mẫu','2025-08-05 02:49:19','2025-08-05 02:49:19',0),(102,6,'2025-07-23','08:50:00','19:27:00',115,'present','Dữ liệu mẫu','2025-08-05 02:49:19','2025-08-05 02:49:19',0),(103,6,'2025-07-24','07:33:00','17:42:00',115,'present','Dữ liệu mẫu','2025-08-05 02:49:19','2025-08-05 02:49:19',0),(104,6,'2025-07-25','07:24:00','17:42:00',115,'present','Dữ liệu mẫu','2025-08-05 02:49:19','2025-08-05 02:49:19',0),(105,6,'2025-07-28','08:33:00','19:38:00',125,'present','Dữ liệu mẫu','2025-08-05 02:49:19','2025-08-05 02:49:19',0),(106,6,'2025-07-29','07:39:00','19:20:00',125,'present','Dữ liệu mẫu','2025-08-05 02:49:19','2025-08-05 02:49:19',0),(107,6,'2025-07-30','08:25:00','18:00:00',105,'present','Dữ liệu mẫu','2025-08-05 02:49:19','2025-08-05 02:49:19',0),(108,6,'2025-07-31','08:20:00','17:00:00',95,'present','Dữ liệu mẫu','2025-08-05 02:49:19','2025-08-05 02:49:19',0),(109,6,'2025-08-01','07:03:00','17:53:00',115,'present','Dữ liệu mẫu','2025-08-05 02:49:19','2025-08-05 02:49:19',0),(110,6,'2025-08-05','09:35:00','17:53:00',90,'present','Dữ liệu mẫu','2025-08-05 02:49:19','2025-08-05 02:49:19',0),(111,7,'2025-07-09','09:58:00','19:16:00',100,'present','Dữ liệu mẫu','2025-08-05 02:49:19','2025-08-05 02:49:19',0),(112,7,'2025-07-10','09:12:00','17:44:00',90,'present','Dữ liệu mẫu','2025-08-05 02:49:19','2025-08-05 02:49:19',0),(113,7,'2025-07-11','08:23:00','18:30:00',115,'present','Dữ liệu mẫu','2025-08-05 02:49:19','2025-08-05 02:49:19',0),(114,7,'2025-07-15','09:45:00','19:05:00',100,'present','Dữ liệu mẫu','2025-08-05 02:49:19','2025-08-05 02:49:19',0),(115,7,'2025-07-16','08:06:00','19:13:00',125,'present','Dữ liệu mẫu','2025-08-05 02:49:19','2025-08-05 02:49:19',0),(116,7,'2025-07-17','08:52:00','19:17:00',115,'present','Dữ liệu mẫu','2025-08-05 02:49:19','2025-08-05 02:49:19',0),(117,7,'2025-07-18','08:29:00','19:20:00',115,'present','Dữ liệu mẫu','2025-08-05 02:49:19','2025-08-05 02:49:19',0),(118,7,'2025-07-23','07:27:00','17:42:00',115,'present','Dữ liệu mẫu','2025-08-05 02:49:19','2025-08-05 02:49:19',0),(119,7,'2025-07-25','08:23:00','17:44:00',105,'present','Dữ liệu mẫu','2025-08-05 02:49:19','2025-08-05 02:49:19',0),(120,7,'2025-07-28','07:53:00','17:06:00',105,'present','Dữ liệu mẫu','2025-08-05 02:49:19','2025-08-05 02:49:19',0),(121,7,'2025-07-29','07:17:00','17:21:00',115,'present','Dữ liệu mẫu','2025-08-05 02:49:19','2025-08-05 02:49:19',0),(122,7,'2025-07-30','09:50:00','17:40:00',75,'present','Dữ liệu mẫu','2025-08-05 02:49:19','2025-08-05 02:49:19',0),(123,7,'2025-08-01','07:53:00','19:32:00',125,'present','Dữ liệu mẫu','2025-08-05 02:49:19','2025-08-05 02:49:19',0),(124,7,'2025-08-04','08:44:00','17:16:00',95,'present','Dữ liệu mẫu','2025-08-05 02:49:19','2025-08-05 02:49:19',0),(125,7,'2025-08-05','09:46:00','17:43:00',75,'present','Dữ liệu mẫu','2025-08-05 02:49:19','2025-08-05 02:49:19',0),(126,8,'2025-07-07','07:06:00','17:07:00',115,'present','Dữ liệu mẫu','2025-08-05 02:49:19','2025-08-05 02:49:19',0),(127,8,'2025-07-08','09:09:00','17:32:00',90,'present','Dữ liệu mẫu','2025-08-05 02:49:19','2025-08-05 02:49:19',0),(128,8,'2025-07-09','07:38:00','18:57:00',125,'present','Dữ liệu mẫu','2025-08-05 02:49:19','2025-08-05 02:49:19',0),(129,8,'2025-07-10','07:37:00','17:10:00',105,'present','Dữ liệu mẫu','2025-08-05 02:49:19','2025-08-05 02:49:19',0),(130,8,'2025-07-11','07:10:00','18:31:00',125,'present','Dữ liệu mẫu','2025-08-05 02:49:19','2025-08-05 02:49:19',0),(131,8,'2025-07-14','07:39:00','17:41:00',115,'present','Dữ liệu mẫu','2025-08-05 02:49:19','2025-08-05 02:49:19',0),(132,8,'2025-07-15','07:03:00','19:46:00',135,'present','Dữ liệu mẫu','2025-08-05 02:49:19','2025-08-05 02:49:19',0),(133,8,'2025-07-16','07:51:00','19:18:00',125,'present','Dữ liệu mẫu','2025-08-05 02:49:19','2025-08-05 02:49:19',0),(134,8,'2025-07-17','07:31:00','18:47:00',125,'present','Dữ liệu mẫu','2025-08-05 02:49:19','2025-08-05 02:49:19',0),(135,8,'2025-07-18','07:32:00','17:39:00',115,'present','Dữ liệu mẫu','2025-08-05 02:49:19','2025-08-05 02:49:19',0),(136,8,'2025-07-21','09:50:00','17:39:00',75,'present','Dữ liệu mẫu','2025-08-05 02:49:19','2025-08-05 02:49:19',0),(137,8,'2025-07-22','08:33:00','17:06:00',95,'present','Dữ liệu mẫu','2025-08-05 02:49:19','2025-08-05 02:49:19',0),(138,8,'2025-07-23','09:44:00','17:42:00',75,'present','Dữ liệu mẫu','2025-08-05 02:49:19','2025-08-05 02:49:19',0),(139,8,'2025-07-24','07:54:00','17:18:00',105,'present','Dữ liệu mẫu','2025-08-05 02:49:19','2025-08-05 02:49:19',0),(140,8,'2025-07-25','08:44:00','18:05:00',105,'present','Dữ liệu mẫu','2025-08-05 02:49:19','2025-08-05 02:49:19',0),(141,8,'2025-07-28','07:34:00','17:31:00',105,'present','Dữ liệu mẫu','2025-08-05 02:49:19','2025-08-05 02:49:19',0),(142,8,'2025-07-29','08:29:00','17:12:00',95,'present','Dữ liệu mẫu','2025-08-05 02:49:19','2025-08-05 02:49:19',0),(143,8,'2025-07-30','07:40:00','17:47:00',115,'present','Dữ liệu mẫu','2025-08-05 02:49:19','2025-08-05 02:49:19',0),(144,8,'2025-07-31','09:46:00','19:20:00',100,'present','Dữ liệu mẫu','2025-08-05 02:49:19','2025-08-05 02:49:19',0),(145,8,'2025-08-01','08:56:00','17:35:00',95,'present','Dữ liệu mẫu','2025-08-05 02:49:19','2025-08-05 02:49:19',0),(146,8,'2025-08-05','08:35:00','17:29:00',95,'present','Dữ liệu mẫu','2025-08-05 02:49:19','2025-08-05 02:49:19',0),(147,9,'2025-07-07','07:46:00','17:34:00',105,'present','Dữ liệu mẫu','2025-08-05 02:49:19','2025-08-05 02:49:19',0),(148,9,'2025-07-08','09:46:00','19:41:00',100,'present','Dữ liệu mẫu','2025-08-05 02:49:19','2025-08-05 02:49:19',0),(149,9,'2025-07-09','08:29:00','18:12:00',105,'present','Dữ liệu mẫu','2025-08-05 02:49:19','2025-08-05 02:49:19',0),(150,9,'2025-07-11','09:20:00','17:48:00',90,'present','Dữ liệu mẫu','2025-08-05 02:49:19','2025-08-05 02:49:19',0),(151,9,'2025-07-14','08:55:00','18:16:00',105,'present','Dữ liệu mẫu','2025-08-05 02:49:19','2025-08-05 02:49:19',0),(152,9,'2025-07-15','07:44:00','19:12:00',125,'present','Dữ liệu mẫu','2025-08-05 02:49:19','2025-08-05 02:49:19',0),(153,9,'2025-07-16','07:02:00','19:50:00',135,'present','Dữ liệu mẫu','2025-08-05 02:49:19','2025-08-05 02:49:19',0),(154,9,'2025-07-18','07:09:00','18:35:00',125,'present','Dữ liệu mẫu','2025-08-05 02:49:19','2025-08-05 02:49:19',0),(155,9,'2025-07-22','07:48:00','18:31:00',115,'present','Dữ liệu mẫu','2025-08-05 02:49:19','2025-08-05 02:49:19',0),(156,9,'2025-07-23','09:07:00','17:17:00',90,'present','Dữ liệu mẫu','2025-08-05 02:49:19','2025-08-05 02:49:19',0),(157,9,'2025-07-24','08:59:00','17:39:00',95,'present','Dữ liệu mẫu','2025-08-05 02:49:19','2025-08-05 02:49:19',0),(158,9,'2025-07-25','08:14:00','18:34:00',115,'present','Dữ liệu mẫu','2025-08-05 02:49:19','2025-08-05 02:49:19',0),(159,9,'2025-07-28','08:02:00','18:22:00',115,'present','Dữ liệu mẫu','2025-08-05 02:49:19','2025-08-05 02:49:19',0),(160,9,'2025-07-29','08:13:00','18:12:00',105,'present','Dữ liệu mẫu','2025-08-05 02:49:19','2025-08-05 02:49:19',0),(161,9,'2025-07-31','08:54:00','18:22:00',105,'present','Dữ liệu mẫu','2025-08-05 02:49:19','2025-08-05 02:49:19',0),(162,9,'2025-08-01','09:52:00','17:16:00',75,'present','Dữ liệu mẫu','2025-08-05 02:49:19','2025-08-05 02:49:19',0),(163,9,'2025-08-04','08:17:00','18:19:00',115,'present','Dữ liệu mẫu','2025-08-05 02:49:19','2025-08-05 02:49:19',0),(164,9,'2025-08-05','08:52:00','17:45:00',95,'present','Dữ liệu mẫu','2025-08-05 02:49:19','2025-08-05 02:49:19',0),(165,10,'2025-07-07','07:00:00','17:21:00',115,'present','Dữ liệu mẫu','2025-08-05 02:49:19','2025-08-05 02:49:19',0),(166,10,'2025-07-08','08:54:00','17:57:00',105,'present','Dữ liệu mẫu','2025-08-05 02:49:19','2025-08-05 02:49:19',0),(167,10,'2025-07-09','09:56:00','19:38:00',100,'present','Dữ liệu mẫu','2025-08-05 02:49:19','2025-08-05 02:49:19',0),(168,10,'2025-07-10','08:44:00','19:57:00',125,'present','Dữ liệu mẫu','2025-08-05 02:49:19','2025-08-05 02:49:19',0),(169,10,'2025-07-11','08:01:00','17:58:00',105,'present','Dữ liệu mẫu','2025-08-05 02:49:19','2025-08-05 02:49:19',0),(170,10,'2025-07-14','08:44:00','19:03:00',115,'present','Dữ liệu mẫu','2025-08-05 02:49:19','2025-08-05 02:49:19',0),(171,10,'2025-07-15','07:48:00','18:01:00',115,'present','Dữ liệu mẫu','2025-08-05 02:49:19','2025-08-05 02:49:19',0),(172,10,'2025-07-16','07:23:00','17:17:00',105,'present','Dữ liệu mẫu','2025-08-05 02:49:19','2025-08-05 02:49:19',0),(173,10,'2025-07-17','07:30:00','19:09:00',125,'present','Dữ liệu mẫu','2025-08-05 02:49:19','2025-08-05 02:49:19',0),(174,10,'2025-07-18','09:26:00','17:13:00',75,'present','Dữ liệu mẫu','2025-08-05 02:49:19','2025-08-05 02:49:19',0),(175,10,'2025-07-21','07:41:00','19:46:00',135,'present','Dữ liệu mẫu','2025-08-05 02:49:19','2025-08-05 02:49:19',0),(176,10,'2025-07-23','09:24:00','17:38:00',90,'present','Dữ liệu mẫu','2025-08-05 02:49:19','2025-08-05 02:49:19',0),(177,10,'2025-07-24','07:09:00','19:27:00',135,'present','Dữ liệu mẫu','2025-08-05 02:49:19','2025-08-05 02:49:19',0),(178,10,'2025-07-25','09:15:00','19:38:00',110,'present','Dữ liệu mẫu','2025-08-05 02:49:19','2025-08-05 02:49:19',0),(179,10,'2025-07-28','08:39:00','18:44:00',115,'present','Dữ liệu mẫu','2025-08-05 02:49:19','2025-08-05 02:49:19',0),(180,10,'2025-07-29','07:41:00','17:07:00',105,'present','Dữ liệu mẫu','2025-08-05 02:49:19','2025-08-05 02:49:19',0),(181,10,'2025-07-30','07:20:00','18:29:00',125,'present','Dữ liệu mẫu','2025-08-05 02:49:19','2025-08-05 02:49:19',0),(182,10,'2025-07-31','08:15:00','17:02:00',95,'present','Dữ liệu mẫu','2025-08-05 02:49:19','2025-08-05 02:49:19',0),(183,10,'2025-08-01','07:07:00','18:51:00',125,'present','Dữ liệu mẫu','2025-08-05 02:49:19','2025-08-05 02:49:19',0),(184,10,'2025-08-04','09:41:00','19:24:00',100,'present','Dữ liệu mẫu','2025-08-05 02:49:19','2025-08-05 02:49:19',0),(185,11,'2025-07-07','09:58:00','17:34:00',75,'present','Dữ liệu mẫu','2025-08-05 02:49:19','2025-08-05 02:49:19',0),(186,11,'2025-07-08','09:52:00','17:17:00',75,'present','Dữ liệu mẫu','2025-08-05 02:49:19','2025-08-05 02:49:19',0),(187,11,'2025-07-09','08:06:00','18:04:00',105,'present','Dữ liệu mẫu','2025-08-05 02:49:19','2025-08-05 02:49:19',0),(188,11,'2025-07-10','08:50:00','19:02:00',115,'present','Dữ liệu mẫu','2025-08-05 02:49:19','2025-08-05 02:49:19',0),(189,11,'2025-07-11','07:17:00','18:50:00',125,'present','Dữ liệu mẫu','2025-08-05 02:49:19','2025-08-05 02:49:19',0),(190,11,'2025-07-14','09:57:00','17:28:00',75,'present','Dữ liệu mẫu','2025-08-05 02:49:19','2025-08-05 02:49:19',0),(191,11,'2025-07-16','08:20:00','18:22:00',115,'present','Dữ liệu mẫu','2025-08-05 02:49:19','2025-08-05 02:49:19',0),(192,11,'2025-07-17','07:19:00','19:48:00',135,'present','Dữ liệu mẫu','2025-08-05 02:49:19','2025-08-05 02:49:19',0),(193,11,'2025-07-18','07:26:00','19:58:00',135,'present','Dữ liệu mẫu','2025-08-05 02:49:19','2025-08-05 02:49:19',0),(194,11,'2025-07-21','08:07:00','18:17:00',115,'present','Dữ liệu mẫu','2025-08-05 02:49:19','2025-08-05 02:49:19',0),(195,11,'2025-07-22','09:40:00','17:44:00',90,'present','Dữ liệu mẫu','2025-08-05 02:49:19','2025-08-05 02:49:19',0),(196,11,'2025-07-23','09:21:00','18:09:00',90,'present','Dữ liệu mẫu','2025-08-05 02:49:19','2025-08-05 02:49:19',0),(197,11,'2025-07-25','07:52:00','17:27:00',105,'present','Dữ liệu mẫu','2025-08-05 02:49:19','2025-08-05 02:49:19',0),(198,11,'2025-07-28','08:58:00','17:49:00',95,'present','Dữ liệu mẫu','2025-08-05 02:49:19','2025-08-05 02:49:19',0),(199,11,'2025-07-29','07:12:00','18:35:00',125,'present','Dữ liệu mẫu','2025-08-05 02:49:19','2025-08-05 02:49:19',0),(200,11,'2025-07-30','08:48:00','18:32:00',105,'present','Dữ liệu mẫu','2025-08-05 02:49:19','2025-08-05 02:49:19',0),(201,11,'2025-07-31','07:37:00','18:23:00',115,'present','Dữ liệu mẫu','2025-08-05 02:49:19','2025-08-05 02:49:19',0),(202,11,'2025-08-04','09:36:00','18:57:00',100,'present','Dữ liệu mẫu','2025-08-05 02:49:19','2025-08-05 02:49:19',0),(203,11,'2025-08-05','08:06:00','19:51:00',125,'present','Dữ liệu mẫu','2025-08-05 02:49:19','2025-08-05 02:49:19',0),(204,12,'2025-07-07','07:03:00','17:36:00',115,'present','Dữ liệu mẫu','2025-08-05 02:49:19','2025-08-05 02:49:19',0),(205,12,'2025-07-08','07:23:00','19:45:00',135,'present','Dữ liệu mẫu','2025-08-05 02:49:19','2025-08-05 02:49:19',0),(206,12,'2025-07-09','07:13:00','17:51:00',115,'present','Dữ liệu mẫu','2025-08-05 02:49:19','2025-08-05 02:49:19',0),(207,12,'2025-07-11','09:54:00','18:35:00',90,'present','Dữ liệu mẫu','2025-08-05 02:49:19','2025-08-05 02:49:19',0),(208,12,'2025-07-14','08:08:00','17:31:00',105,'present','Dữ liệu mẫu','2025-08-05 02:49:19','2025-08-05 02:49:19',0),(209,12,'2025-07-15','08:26:00','17:35:00',105,'present','Dữ liệu mẫu','2025-08-05 02:49:19','2025-08-05 02:49:19',0),(210,12,'2025-07-17','09:49:00','19:59:00',110,'present','Dữ liệu mẫu','2025-08-05 02:49:19','2025-08-05 02:49:19',0),(211,12,'2025-07-18','09:49:00','17:43:00',75,'present','Dữ liệu mẫu','2025-08-05 02:49:19','2025-08-05 02:49:19',0),(212,12,'2025-07-21','07:42:00','19:01:00',125,'present','Dữ liệu mẫu','2025-08-05 02:49:19','2025-08-05 02:49:19',0),(213,12,'2025-07-22','08:50:00','19:42:00',115,'present','Dữ liệu mẫu','2025-08-05 02:49:19','2025-08-05 02:49:19',0),(214,12,'2025-07-23','09:51:00','17:43:00',75,'present','Dữ liệu mẫu','2025-08-05 02:49:19','2025-08-05 02:49:19',0),(215,12,'2025-07-25','09:23:00','18:40:00',100,'present','Dữ liệu mẫu','2025-08-05 02:49:19','2025-08-05 02:49:19',0),(216,12,'2025-07-28','09:34:00','17:10:00',75,'present','Dữ liệu mẫu','2025-08-05 02:49:19','2025-08-05 02:49:19',0),(217,12,'2025-07-29','09:51:00','17:13:00',75,'present','Dữ liệu mẫu','2025-08-05 02:49:19','2025-08-05 02:49:19',0),(218,12,'2025-07-30','08:47:00','17:15:00',95,'present','Dữ liệu mẫu','2025-08-05 02:49:19','2025-08-05 02:49:19',0),(219,12,'2025-07-31','09:09:00','19:07:00',100,'present','Dữ liệu mẫu','2025-08-05 02:49:19','2025-08-05 02:49:19',0),(220,12,'2025-08-01','07:49:00','17:44:00',105,'present','Dữ liệu mẫu','2025-08-05 02:49:19','2025-08-05 02:49:19',0),(221,12,'2025-08-04','07:49:00','18:53:00',125,'present','Dữ liệu mẫu','2025-08-05 02:49:19','2025-08-05 02:49:19',0),(222,12,'2025-08-05','09:12:00','17:35:00',90,'present','Dữ liệu mẫu','2025-08-05 02:49:19','2025-08-05 02:49:19',0),(223,13,'2025-07-07','09:25:00','17:44:00',90,'present','Dữ liệu mẫu','2025-08-05 02:49:19','2025-08-05 02:49:19',0),(224,13,'2025-07-08','08:00:00','19:59:00',125,'present','Dữ liệu mẫu','2025-08-05 02:49:19','2025-08-05 02:49:19',0),(225,13,'2025-07-09','09:01:00','18:27:00',100,'present','Dữ liệu mẫu','2025-08-05 02:49:19','2025-08-05 02:49:19',0),(226,13,'2025-07-10','09:43:00','17:33:00',75,'present','Dữ liệu mẫu','2025-08-05 02:49:19','2025-08-05 02:49:19',0),(227,13,'2025-07-11','07:28:00','17:18:00',105,'present','Dữ liệu mẫu','2025-08-05 02:49:19','2025-08-05 02:49:19',0),(228,13,'2025-07-14','09:40:00','17:00:00',75,'present','Dữ liệu mẫu','2025-08-05 02:49:19','2025-08-05 02:49:19',0),(229,13,'2025-07-16','07:12:00','19:46:00',135,'present','Dữ liệu mẫu','2025-08-05 02:49:19','2025-08-05 02:49:19',0),(230,13,'2025-07-17','08:15:00','18:52:00',115,'present','Dữ liệu mẫu','2025-08-05 02:49:19','2025-08-05 02:49:19',0),(231,13,'2025-07-18','07:33:00','19:18:00',125,'present','Dữ liệu mẫu','2025-08-05 02:49:19','2025-08-05 02:49:19',0),(232,13,'2025-07-21','08:36:00','18:02:00',105,'present','Dữ liệu mẫu','2025-08-05 02:49:19','2025-08-05 02:49:19',0),(233,13,'2025-07-22','09:01:00','17:53:00',90,'present','Dữ liệu mẫu','2025-08-05 02:49:19','2025-08-05 02:49:19',0),(234,13,'2025-07-23','07:59:00','19:57:00',125,'present','Dữ liệu mẫu','2025-08-05 02:49:19','2025-08-05 02:49:19',0),(235,13,'2025-07-24','08:30:00','17:21:00',95,'present','Dữ liệu mẫu','2025-08-05 02:49:19','2025-08-05 02:49:19',0),(236,13,'2025-07-25','07:25:00','17:40:00',115,'present','Dữ liệu mẫu','2025-08-05 02:49:19','2025-08-05 02:49:19',0),(237,13,'2025-07-28','08:23:00','17:24:00',105,'present','Dữ liệu mẫu','2025-08-05 02:49:19','2025-08-05 02:49:19',0),(238,13,'2025-07-29','09:15:00','18:39:00',100,'present','Dữ liệu mẫu','2025-08-05 02:49:19','2025-08-05 02:49:19',0),(239,13,'2025-07-30','08:31:00','19:34:00',125,'present','Dữ liệu mẫu','2025-08-05 02:49:19','2025-08-05 02:49:19',0),(240,13,'2025-07-31','09:05:00','18:54:00',100,'present','Dữ liệu mẫu','2025-08-05 02:49:19','2025-08-05 02:49:19',0),(241,13,'2025-08-04','09:44:00','19:19:00',100,'present','Dữ liệu mẫu','2025-08-05 02:49:19','2025-08-05 02:49:19',0),(242,13,'2025-08-05','09:19:00','19:44:00',110,'present','Dữ liệu mẫu','2025-08-05 02:49:19','2025-08-05 02:49:19',0),(243,14,'2025-07-07','08:48:00','18:02:00',105,'present','Dữ liệu mẫu','2025-08-05 02:49:19','2025-08-05 02:49:19',0),(244,14,'2025-07-08','08:11:00','17:25:00',105,'present','Dữ liệu mẫu','2025-08-05 02:49:19','2025-08-05 02:49:19',0),(245,14,'2025-07-09','08:12:00','18:00:00',105,'present','Dữ liệu mẫu','2025-08-05 02:49:19','2025-08-05 02:49:19',0),(246,14,'2025-07-10','09:15:00','18:37:00',100,'present','Dữ liệu mẫu','2025-08-05 02:49:19','2025-08-05 02:49:19',0),(247,14,'2025-07-14','07:39:00','19:10:00',125,'present','Dữ liệu mẫu','2025-08-05 02:49:19','2025-08-05 02:49:19',0),(248,14,'2025-07-15','08:03:00','19:21:00',125,'present','Dữ liệu mẫu','2025-08-05 02:49:19','2025-08-05 02:49:19',0),(249,14,'2025-07-16','09:34:00','18:56:00',100,'present','Dữ liệu mẫu','2025-08-05 02:49:19','2025-08-05 02:49:19',0),(250,14,'2025-07-17','09:26:00','17:27:00',90,'present','Dữ liệu mẫu','2025-08-05 02:49:19','2025-08-05 02:49:19',0),(251,14,'2025-07-18','09:25:00','18:37:00',100,'present','Dữ liệu mẫu','2025-08-05 02:49:19','2025-08-05 02:49:19',0),(252,14,'2025-07-21','09:03:00','19:20:00',110,'present','Dữ liệu mẫu','2025-08-05 02:49:19','2025-08-05 02:49:19',0),(253,14,'2025-07-22','09:58:00','17:32:00',75,'present','Dữ liệu mẫu','2025-08-05 02:49:19','2025-08-05 02:49:19',0),(254,14,'2025-07-23','08:03:00','18:14:00',115,'present','Dữ liệu mẫu','2025-08-05 02:49:19','2025-08-05 02:49:19',0),(255,14,'2025-07-24','09:48:00','19:52:00',110,'present','Dữ liệu mẫu','2025-08-05 02:49:19','2025-08-05 02:49:19',0),(256,14,'2025-07-25','09:25:00','19:55:00',110,'present','Dữ liệu mẫu','2025-08-05 02:49:19','2025-08-05 02:49:19',0),(257,14,'2025-07-29','07:19:00','17:37:00',115,'present','Dữ liệu mẫu','2025-08-05 02:49:19','2025-08-05 02:49:19',0),(258,14,'2025-07-30','07:26:00','19:35:00',135,'present','Dữ liệu mẫu','2025-08-05 02:49:19','2025-08-05 02:49:19',0),(259,14,'2025-07-31','08:19:00','19:53:00',125,'present','Dữ liệu mẫu','2025-08-05 02:49:19','2025-08-05 02:49:19',0),(260,14,'2025-08-01','07:39:00','19:58:00',135,'present','Dữ liệu mẫu','2025-08-05 02:49:19','2025-08-05 02:49:19',0),(261,14,'2025-08-04','07:34:00','18:49:00',125,'present','Dữ liệu mẫu','2025-08-05 02:49:19','2025-08-05 02:49:19',0),(262,14,'2025-08-05','09:58:00','19:29:00',100,'present','Dữ liệu mẫu','2025-08-05 02:49:19','2025-08-05 02:49:19',0),(263,15,'2025-07-07','08:30:00','18:11:00',105,'present','Dữ liệu mẫu','2025-08-05 02:49:19','2025-08-05 02:49:19',0),(264,15,'2025-07-08','09:31:00','18:50:00',100,'present','Dữ liệu mẫu','2025-08-05 02:49:19','2025-08-05 02:49:19',0),(265,15,'2025-07-09','09:52:00','17:27:00',75,'present','Dữ liệu mẫu','2025-08-05 02:49:19','2025-08-05 02:49:19',0),(266,15,'2025-07-10','07:10:00','17:59:00',115,'present','Dữ liệu mẫu','2025-08-05 02:49:19','2025-08-05 02:49:19',0),(267,15,'2025-07-11','07:51:00','19:20:00',125,'present','Dữ liệu mẫu','2025-08-05 02:49:19','2025-08-05 02:49:19',0),(268,15,'2025-07-15','09:05:00','17:37:00',90,'present','Dữ liệu mẫu','2025-08-05 02:49:19','2025-08-05 02:49:19',0),(269,15,'2025-07-16','08:06:00','19:36:00',125,'present','Dữ liệu mẫu','2025-08-05 02:49:19','2025-08-05 02:49:19',0),(270,15,'2025-07-17','07:01:00','18:59:00',125,'present','Dữ liệu mẫu','2025-08-05 02:49:19','2025-08-05 02:49:19',0),(271,15,'2025-07-18','08:20:00','17:16:00',95,'present','Dữ liệu mẫu','2025-08-05 02:49:19','2025-08-05 02:49:19',0),(272,15,'2025-07-21','07:46:00','17:50:00',115,'present','Dữ liệu mẫu','2025-08-05 02:49:19','2025-08-05 02:49:19',0),(273,15,'2025-07-23','08:43:00','18:59:00',115,'present','Dữ liệu mẫu','2025-08-05 02:49:19','2025-08-05 02:49:19',0),(274,15,'2025-07-24','09:17:00','19:18:00',110,'present','Dữ liệu mẫu','2025-08-05 02:49:19','2025-08-05 02:49:19',0),(275,15,'2025-07-25','08:55:00','19:24:00',115,'present','Dữ liệu mẫu','2025-08-05 02:49:19','2025-08-05 02:49:19',0),(276,15,'2025-07-28','09:13:00','19:13:00',110,'present','Dữ liệu mẫu','2025-08-05 02:49:19','2025-08-05 02:49:19',0),(277,15,'2025-07-29','08:31:00','17:35:00',105,'present','Dữ liệu mẫu','2025-08-05 02:49:19','2025-08-05 02:49:19',0),(278,15,'2025-07-30','07:15:00','18:20:00',125,'present','Dữ liệu mẫu','2025-08-05 02:49:19','2025-08-05 02:49:19',0),(279,15,'2025-07-31','07:29:00','17:56:00',115,'present','Dữ liệu mẫu','2025-08-05 02:49:19','2025-08-05 02:49:19',0),(280,15,'2025-08-01','09:28:00','18:17:00',90,'present','Dữ liệu mẫu','2025-08-05 02:49:19','2025-08-05 02:49:19',0),(281,15,'2025-08-04','09:23:00','19:03:00',100,'present','Dữ liệu mẫu','2025-08-05 02:49:19','2025-08-05 02:49:19',0),(282,22,'2025-07-07','08:09:00','18:20:00',115,'present','Dữ liệu mẫu','2025-08-05 02:49:19','2025-08-05 02:49:19',0),(283,22,'2025-07-09','08:06:00','19:38:00',125,'present','Dữ liệu mẫu','2025-08-05 02:49:19','2025-08-05 02:49:19',0),(284,22,'2025-07-10','07:52:00','17:14:00',105,'present','Dữ liệu mẫu','2025-08-05 02:49:19','2025-08-05 02:49:19',0),(285,22,'2025-07-11','08:57:00','17:48:00',95,'present','Dữ liệu mẫu','2025-08-05 02:49:19','2025-08-05 02:49:19',0),(286,22,'2025-07-14','09:51:00','17:01:00',75,'present','Dữ liệu mẫu','2025-08-05 02:49:19','2025-08-05 02:49:19',0),(287,22,'2025-07-15','07:06:00','18:25:00',125,'present','Dữ liệu mẫu','2025-08-05 02:49:19','2025-08-05 02:49:19',0),(288,22,'2025-07-18','08:44:00','18:24:00',105,'present','Dữ liệu mẫu','2025-08-05 02:49:19','2025-08-05 02:49:19',0),(289,22,'2025-07-21','09:57:00','17:44:00',75,'present','Dữ liệu mẫu','2025-08-05 02:49:19','2025-08-05 02:49:19',0),(290,22,'2025-07-22','07:19:00','18:20:00',125,'present','Dữ liệu mẫu','2025-08-05 02:49:19','2025-08-05 02:49:19',0),(291,22,'2025-07-23','09:38:00','18:32:00',90,'present','Dữ liệu mẫu','2025-08-05 02:49:19','2025-08-05 02:49:19',0),(292,22,'2025-07-24','08:18:00','19:44:00',125,'present','Dữ liệu mẫu','2025-08-05 02:49:19','2025-08-05 02:49:19',0),(293,22,'2025-07-25','07:24:00','19:57:00',135,'present','Dữ liệu mẫu','2025-08-05 02:49:19','2025-08-05 02:49:19',0),(294,22,'2025-07-28','07:54:00','17:02:00',105,'present','Dữ liệu mẫu','2025-08-05 02:49:19','2025-08-05 02:49:19',0),(295,22,'2025-07-29','07:09:00','18:42:00',125,'present','Dữ liệu mẫu','2025-08-05 02:49:19','2025-08-05 02:49:19',0),(296,22,'2025-07-30','09:13:00','18:45:00',100,'present','Dữ liệu mẫu','2025-08-05 02:49:19','2025-08-05 02:49:19',0),(297,22,'2025-07-31','07:18:00','18:42:00',125,'present','Dữ liệu mẫu','2025-08-05 02:49:19','2025-08-05 02:49:19',0),(298,22,'2025-08-01','08:42:00','17:34:00',95,'present','Dữ liệu mẫu','2025-08-05 02:49:19','2025-08-05 02:49:19',0),(299,22,'2025-08-04','09:17:00','19:03:00',100,'present','Dữ liệu mẫu','2025-08-05 02:49:19','2025-08-05 02:49:19',0),(300,22,'2025-08-05','08:05:00','19:12:00',125,'present','Dữ liệu mẫu','2025-08-05 02:49:19','2025-08-05 03:28:33',1),(301,23,'2025-07-07','07:16:00','19:21:00',135,'present','Dữ liệu mẫu','2025-08-05 02:49:19','2025-08-05 02:49:19',0),(302,23,'2025-07-09','09:51:00','19:24:00',100,'present','Dữ liệu mẫu','2025-08-05 02:49:19','2025-08-05 02:49:19',0),(303,23,'2025-07-10','07:02:00','18:07:00',125,'present','Dữ liệu mẫu','2025-08-05 02:49:19','2025-08-05 02:49:19',0),(304,23,'2025-07-11','08:52:00','18:44:00',105,'present','Dữ liệu mẫu','2025-08-05 02:49:19','2025-08-05 02:49:19',0),(305,23,'2025-07-14','08:04:00','19:02:00',115,'present','Dữ liệu mẫu','2025-08-05 02:49:19','2025-08-05 02:49:19',0),(306,23,'2025-07-15','09:56:00','17:30:00',75,'present','Dữ liệu mẫu','2025-08-05 02:49:19','2025-08-05 02:49:19',0),(307,23,'2025-07-16','08:38:00','18:37:00',105,'present','Dữ liệu mẫu','2025-08-05 02:49:19','2025-08-05 02:49:19',0),(308,23,'2025-07-17','09:33:00','17:02:00',75,'present','Dữ liệu mẫu','2025-08-05 02:49:19','2025-08-05 02:49:19',0),(309,23,'2025-07-21','08:14:00','17:05:00',95,'present','Dữ liệu mẫu','2025-08-05 02:49:19','2025-08-05 02:49:19',0),(310,23,'2025-07-22','07:07:00','19:49:00',135,'present','Dữ liệu mẫu','2025-08-05 02:49:19','2025-08-05 02:49:19',0),(311,23,'2025-07-24','08:16:00','18:15:00',105,'present','Dữ liệu mẫu','2025-08-05 02:49:19','2025-08-05 02:49:19',0),(312,23,'2025-07-25','07:18:00','17:47:00',115,'present','Dữ liệu mẫu','2025-08-05 02:49:19','2025-08-05 02:49:19',0),(313,23,'2025-07-28','08:26:00','17:15:00',95,'present','Dữ liệu mẫu','2025-08-05 02:49:19','2025-08-05 02:49:19',0),(314,23,'2025-07-29','09:34:00','19:51:00',110,'present','Dữ liệu mẫu','2025-08-05 02:49:19','2025-08-05 02:49:19',0),(315,23,'2025-07-31','09:30:00','19:03:00',100,'present','Dữ liệu mẫu','2025-08-05 02:49:19','2025-08-05 02:49:19',0),(316,23,'2025-08-01','07:07:00','19:38:00',135,'present','Dữ liệu mẫu','2025-08-05 02:49:19','2025-08-05 02:49:19',0),(317,23,'2025-08-04','09:18:00','19:40:00',110,'present','Dữ liệu mẫu','2025-08-05 02:49:19','2025-08-05 02:49:19',0),(318,23,'2025-08-05','07:46:00','19:59:00',135,'present','Dữ liệu mẫu','2025-08-05 02:49:19','2025-08-05 02:49:19',0),(319,24,'2025-07-07','09:23:00','17:19:00',75,'present','Dữ liệu mẫu','2025-08-05 02:49:20','2025-08-05 02:49:20',0),(320,24,'2025-07-08','07:26:00','17:40:00',115,'present','Dữ liệu mẫu','2025-08-05 02:49:20','2025-08-05 02:49:20',0),(321,24,'2025-07-09','07:56:00','17:28:00',105,'present','Dữ liệu mẫu','2025-08-05 02:49:20','2025-08-05 02:49:20',0),(322,24,'2025-07-10','07:59:00','18:51:00',115,'present','Dữ liệu mẫu','2025-08-05 02:49:20','2025-08-05 02:49:20',0),(323,24,'2025-07-14','08:52:00','18:46:00',105,'present','Dữ liệu mẫu','2025-08-05 02:49:20','2025-08-05 02:49:20',0),(324,24,'2025-07-16','09:12:00','18:41:00',100,'present','Dữ liệu mẫu','2025-08-05 02:49:20','2025-08-05 02:49:20',0),(325,24,'2025-07-17','07:36:00','17:52:00',115,'present','Dữ liệu mẫu','2025-08-05 02:49:20','2025-08-05 02:49:20',0),(326,24,'2025-07-18','07:13:00','18:41:00',125,'present','Dữ liệu mẫu','2025-08-05 02:49:20','2025-08-05 02:49:20',0),(327,24,'2025-07-21','08:13:00','19:49:00',125,'present','Dữ liệu mẫu','2025-08-05 02:49:20','2025-08-05 02:49:20',0),(328,24,'2025-07-22','07:25:00','19:04:00',125,'present','Dữ liệu mẫu','2025-08-05 02:49:20','2025-08-05 02:49:20',0),(329,24,'2025-07-23','07:10:00','17:38:00',115,'present','Dữ liệu mẫu','2025-08-05 02:49:20','2025-08-05 02:49:20',0),(330,24,'2025-07-24','09:59:00','19:56:00',100,'present','Dữ liệu mẫu','2025-08-05 02:49:20','2025-08-05 02:49:20',0),(331,24,'2025-07-25','07:05:00','18:42:00',125,'present','Dữ liệu mẫu','2025-08-05 02:49:20','2025-08-05 02:49:20',0),(332,24,'2025-07-28','09:58:00','19:36:00',100,'present','Dữ liệu mẫu','2025-08-05 02:49:20','2025-08-05 02:49:20',0),(333,24,'2025-07-29','08:41:00','18:51:00',115,'present','Dữ liệu mẫu','2025-08-05 02:49:20','2025-08-05 02:49:20',0),(334,24,'2025-07-30','07:14:00','19:45:00',135,'present','Dữ liệu mẫu','2025-08-05 02:49:20','2025-08-05 02:49:20',0),(335,24,'2025-08-01','07:47:00','17:14:00',105,'present','Dữ liệu mẫu','2025-08-05 02:49:20','2025-08-05 02:49:20',0),(336,24,'2025-08-04','07:16:00','18:23:00',125,'present','Dữ liệu mẫu','2025-08-05 02:49:20','2025-08-05 02:49:20',0),(337,24,'2025-08-05','07:24:00','19:27:00',135,'present','Dữ liệu mẫu','2025-08-05 02:49:20','2025-08-05 02:49:20',0),(338,1,'2025-08-05','09:49:49','10:09:05',3,'present',NULL,'2025-08-05 02:49:49','2025-08-05 03:09:05',0),(339,1,'2025-08-16','06:31:55','06:32:40',5,'present',NULL,'2025-08-15 23:31:55','2025-08-15 23:40:48',1);
/*!40000 ALTER TABLE `attendance` ENABLE KEYS */;
UNLOCK TABLES;

--
-- Table structure for table `authors`
--

DROP TABLE IF EXISTS `authors`;
/*!40101 SET @saved_cs_client     = @@character_set_client */;
/*!50503 SET character_set_client = utf8mb4 */;
CREATE TABLE `authors` (
  `id` bigint unsigned NOT NULL AUTO_INCREMENT,
  `name` varchar(255) CHARACTER SET utf8mb4 COLLATE utf8mb4_unicode_ci NOT NULL,
  `email` varchar(255) CHARACTER SET utf8mb4 COLLATE utf8mb4_unicode_ci NOT NULL,
  `bio` text CHARACTER SET utf8mb4 COLLATE utf8mb4_unicode_ci,
  `avatar` varchar(255) CHARACTER SET utf8mb4 COLLATE utf8mb4_unicode_ci DEFAULT NULL,
  `website` varchar(255) CHARACTER SET utf8mb4 COLLATE utf8mb4_unicode_ci DEFAULT NULL,
  `created_at` timestamp NULL DEFAULT NULL,
  `updated_at` timestamp NULL DEFAULT NULL,
  PRIMARY KEY (`id`),
  UNIQUE KEY `authors_email_unique` (`email`)
) ENGINE=InnoDB AUTO_INCREMENT=6 DEFAULT CHARSET=utf8mb4 COLLATE=utf8mb4_unicode_ci;
/*!40101 SET character_set_client = @saved_cs_client */;

--
-- Dumping data for table `authors`
--

LOCK TABLES `authors` WRITE;
/*!40000 ALTER TABLE `authors` DISABLE KEYS */;
INSERT INTO `authors` VALUES (1,'Miss Janiya Kiehn','dino03@example.com','Et ut harum qui sunt. Iure ipsam accusantium aut quia unde sequi. Ex eos aut omnis omnis dolorem voluptatem.','https://via.placeholder.com/200x200.png/002299?text=people+illum',NULL,'2025-08-02 22:20:40','2025-08-02 22:20:40'),(2,'Wayne Feeney','nedra.nikolaus@example.net','Voluptatem illum maiores debitis pariatur tempore consequatur nobis eum. Omnis eum minus commodi ut voluptatum. Aut saepe tempora blanditiis praesentium.','https://via.placeholder.com/200x200.png/008855?text=people+quia',NULL,'2025-08-02 22:20:40','2025-08-02 22:20:40'),(3,'Reina Jerde I','elmer28@example.com','Consequatur facilis est magni voluptas error maxime. Sed qui magnam magni rerum beatae labore natus. Animi reiciendis inventore nam voluptatum.','https://via.placeholder.com/200x200.png/006611?text=people+earum','http://www.pouros.biz/dolorum-ut-numquam-et-quam-ratione-quaerat','2025-08-02 22:20:40','2025-08-02 22:20:40'),(4,'Wilfredo Cronin','adolphus.runolfsson@example.com','Natus perferendis commodi exercitationem cumque cupiditate ducimus placeat et. Aspernatur omnis molestiae est corporis eligendi amet. Voluptatem nostrum earum enim vel sunt quis consequatur.','https://via.placeholder.com/200x200.png/003377?text=people+praesentium','https://www.moore.com/labore-dolorem-eveniet-expedita-debitis','2025-08-02 22:20:40','2025-08-02 22:20:40'),(5,'Fabian Reichel','araceli96@example.com','Rem eos magni in eum sit. Minima et ratione aut et voluptas qui. Labore eos quia occaecati similique totam nobis tenetur.','https://via.placeholder.com/200x200.png/008844?text=people+delectus','http://www.waelchi.org/et-numquam-in-officiis.html','2025-08-02 22:20:40','2025-08-02 22:20:40');
/*!40000 ALTER TABLE `authors` ENABLE KEYS */;
UNLOCK TABLES;

--
-- Table structure for table `banners`
--

DROP TABLE IF EXISTS `banners`;
/*!40101 SET @saved_cs_client     = @@character_set_client */;
/*!50503 SET character_set_client = utf8mb4 */;
CREATE TABLE `banners` (
  `id` bigint unsigned NOT NULL AUTO_INCREMENT,
  `image_url` varchar(255) CHARACTER SET utf8mb4 COLLATE utf8mb4_unicode_ci NOT NULL,
  `link` varchar(255) CHARACTER SET utf8mb4 COLLATE utf8mb4_unicode_ci NOT NULL,
  `title` varchar(255) CHARACTER SET utf8mb4 COLLATE utf8mb4_unicode_ci NOT NULL,
  `start_date` datetime NOT NULL,
  `end_date` datetime NOT NULL,
  `status` enum('1','0') CHARACTER SET utf8mb4 COLLATE utf8mb4_unicode_ci NOT NULL DEFAULT '1',
  `created_at` timestamp NULL DEFAULT NULL,
  `updated_at` timestamp NULL DEFAULT NULL,
  `deleted_at` timestamp NULL DEFAULT NULL,
  PRIMARY KEY (`id`)
) ENGINE=InnoDB AUTO_INCREMENT=3 DEFAULT CHARSET=utf8mb4 COLLATE=utf8mb4_unicode_ci;
/*!40101 SET character_set_client = @saved_cs_client */;

--
-- Dumping data for table `banners`
--

LOCK TABLES `banners` WRITE;
/*!40000 ALTER TABLE `banners` DISABLE KEYS */;
INSERT INTO `banners` VALUES (1,'banners/o0cRAlsOh78vT3tOASnRfyxfYjOUxs16Rucp8Txg.webp','http://127.0.0.1:8000/product','h','2025-08-02 00:00:00','2025-08-16 00:00:00','1','2025-08-02 22:25:22','2025-08-02 22:25:22',NULL),(2,'banners/ZDpgEjdlTcCfafEyGhRNqSStzrdfnrSYYGHIES3w.webp','http://127.0.0.1:8000/product','s','2025-08-02 00:00:00','2025-08-16 00:00:00','1','2025-08-02 22:25:40','2025-08-02 22:25:40',NULL);
/*!40000 ALTER TABLE `banners` ENABLE KEYS */;
UNLOCK TABLES;

--
-- Table structure for table `cart_details`
--

DROP TABLE IF EXISTS `cart_details`;
/*!40101 SET @saved_cs_client     = @@character_set_client */;
/*!50503 SET character_set_client = utf8mb4 */;
CREATE TABLE `cart_details` (
  `id` bigint unsigned NOT NULL AUTO_INCREMENT,
  `cart_id` bigint unsigned NOT NULL,
  `product_id` bigint unsigned NOT NULL,
  `variant_id` bigint unsigned DEFAULT NULL,
  `quantity` int NOT NULL,
  `price` decimal(10,2) NOT NULL,
  `created_at` timestamp NULL DEFAULT NULL,
  `updated_at` timestamp NULL DEFAULT NULL,
  PRIMARY KEY (`id`),
  KEY `cart_details_cart_id_foreign` (`cart_id`),
  KEY `cart_details_product_id_foreign` (`product_id`),
  KEY `cart_details_variant_id_foreign` (`variant_id`),
  CONSTRAINT `cart_details_cart_id_foreign` FOREIGN KEY (`cart_id`) REFERENCES `carts` (`id`) ON DELETE CASCADE,
  CONSTRAINT `cart_details_product_id_foreign` FOREIGN KEY (`product_id`) REFERENCES `products` (`id`) ON DELETE CASCADE,
  CONSTRAINT `cart_details_variant_id_foreign` FOREIGN KEY (`variant_id`) REFERENCES `product_variants` (`id`) ON DELETE CASCADE
) ENGINE=InnoDB AUTO_INCREMENT=81 DEFAULT CHARSET=utf8mb4 COLLATE=utf8mb4_unicode_ci;
/*!40101 SET character_set_client = @saved_cs_client */;

--
-- Dumping data for table `cart_details`
--

LOCK TABLES `cart_details` WRITE;
/*!40000 ALTER TABLE `cart_details` DISABLE KEYS */;
INSERT INTO `cart_details` VALUES (46,32,712,1223,1,140.50,'2025-08-04 19:13:20','2025-08-04 19:13:20'),(47,32,712,1221,1,19000000.00,'2025-08-04 19:13:28','2025-08-04 19:18:50'),(48,32,712,1222,1,19000000.00,'2025-08-04 19:15:31','2025-08-04 19:18:51'),(49,33,712,1221,1,19000000.00,'2025-08-04 19:18:59','2025-08-04 19:18:59'),(50,34,712,1221,1,19000000.00,'2025-08-04 19:19:20','2025-08-04 19:19:20'),(51,35,712,1222,1,19000000.00,'2025-08-04 19:21:51','2025-08-04 19:21:51'),(56,39,712,1221,1,19000000.00,'2025-08-05 09:09:11','2025-08-05 09:09:11'),(61,37,713,1225,1,20000.00,'2025-08-05 09:17:30','2025-08-05 09:17:30'),(68,45,712,1221,1,19000000.00,'2025-08-15 19:11:25','2025-08-15 19:11:25'),(70,47,714,1226,1,12999.00,'2025-08-15 20:18:08','2025-08-15 20:18:08'),(71,48,711,1222,1,19000000.00,'2025-08-15 20:28:10','2025-08-15 20:28:10');
/*!40000 ALTER TABLE `cart_details` ENABLE KEYS */;
UNLOCK TABLES;

--
-- Table structure for table `carts`
--

DROP TABLE IF EXISTS `carts`;
/*!40101 SET @saved_cs_client     = @@character_set_client */;
/*!50503 SET character_set_client = utf8mb4 */;
CREATE TABLE `carts` (
  `id` bigint unsigned NOT NULL AUTO_INCREMENT,
  `user_id` bigint unsigned NOT NULL,
  `is_temp` tinyint(1) NOT NULL DEFAULT '0',
  `created_at` timestamp NULL DEFAULT NULL,
  `updated_at` timestamp NULL DEFAULT NULL,
  PRIMARY KEY (`id`),
  KEY `carts_user_id_foreign` (`user_id`),
  CONSTRAINT `carts_user_id_foreign` FOREIGN KEY (`user_id`) REFERENCES `users` (`id`) ON DELETE CASCADE
) ENGINE=InnoDB AUTO_INCREMENT=57 DEFAULT CHARSET=utf8mb4 COLLATE=utf8mb4_unicode_ci;
/*!40101 SET character_set_client = @saved_cs_client */;

--
-- Dumping data for table `carts`
--

LOCK TABLES `carts` WRITE;
/*!40000 ALTER TABLE `carts` DISABLE KEYS */;
INSERT INTO `carts` VALUES (32,24,0,'2025-08-04 19:10:41','2025-08-04 19:10:41'),(33,24,0,'2025-08-04 19:18:59','2025-08-04 19:18:59'),(34,24,0,'2025-08-04 19:19:20','2025-08-04 19:19:20'),(35,24,0,'2025-08-04 19:21:51','2025-08-04 19:21:51'),(37,9,0,'2025-08-05 08:39:11','2025-08-05 08:39:11'),(39,9,0,'2025-08-05 09:09:11','2025-08-05 09:09:11'),(45,1,0,'2025-08-15 19:11:25','2025-08-15 19:11:25'),(47,1,0,'2025-08-15 20:18:08','2025-08-15 20:18:08'),(48,1,0,'2025-08-15 20:28:10','2025-08-15 20:28:10');
/*!40000 ALTER TABLE `carts` ENABLE KEYS */;
UNLOCK TABLES;

--
-- Table structure for table `categories`
--

DROP TABLE IF EXISTS `categories`;
/*!40101 SET @saved_cs_client     = @@character_set_client */;
/*!50503 SET character_set_client = utf8mb4 */;
CREATE TABLE `categories` (
  `id` bigint unsigned NOT NULL AUTO_INCREMENT,
  `name` varchar(255) CHARACTER SET utf8mb4 COLLATE utf8mb4_unicode_ci NOT NULL,
  `parent_id` bigint unsigned DEFAULT NULL,
  `description` varchar(255) CHARACTER SET utf8mb4 COLLATE utf8mb4_unicode_ci DEFAULT NULL,
  `created_at` timestamp NULL DEFAULT NULL,
  `updated_at` timestamp NULL DEFAULT NULL,
  `deleted_at` timestamp NULL DEFAULT NULL,
  PRIMARY KEY (`id`),
  KEY `categories_parent_id_foreign` (`parent_id`),
  CONSTRAINT `categories_parent_id_foreign` FOREIGN KEY (`parent_id`) REFERENCES `categories` (`id`) ON DELETE SET NULL
) ENGINE=InnoDB AUTO_INCREMENT=47 DEFAULT CHARSET=utf8mb4 COLLATE=utf8mb4_unicode_ci;
/*!40101 SET character_set_client = @saved_cs_client */;

--
-- Dumping data for table `categories`
--

LOCK TABLES `categories` WRITE;
/*!40000 ALTER TABLE `categories` DISABLE KEYS */;
INSERT INTO `categories` VALUES (1,'Dr. Geoffrey Nitzsche DDS',NULL,NULL,'2025-08-02 22:20:40','2025-08-03 16:39:27','2025-08-03 16:39:27'),(6,'Prof. Lyric Waters',1,NULL,'2025-08-02 22:20:40','2025-08-03 16:39:27','2025-08-03 16:39:27'),(28,'Điện thoại',NULL,NULL,'2025-08-03 16:44:22','2025-08-05 02:00:29',NULL),(29,'VinSmart',28,NULL,'2025-08-03 16:44:22','2025-08-05 02:00:41',NULL),(30,'Vivo',28,NULL,'2025-08-03 16:44:22','2025-08-05 02:00:38',NULL),(31,'Oppo',28,NULL,'2025-08-03 16:44:22','2025-08-05 02:00:44',NULL),(32,'Xiaomi',28,NULL,'2025-08-03 16:44:22','2025-08-05 02:00:46',NULL),(33,'Samsung',28,NULL,'2025-08-03 16:44:22','2025-08-05 02:00:48',NULL),(34,'Apple',28,NULL,'2025-08-03 16:44:22','2025-08-05 02:00:34',NULL),(35,'Realme',28,NULL,'2025-08-03 16:44:22','2025-08-05 02:00:50',NULL),(36,'Lucius Fisher',NULL,NULL,'2025-08-03 17:03:39','2025-08-03 17:03:39',NULL),(41,'Anderson Bernier',36,NULL,'2025-08-03 17:03:39','2025-08-03 17:03:39',NULL);
/*!40000 ALTER TABLE `categories` ENABLE KEYS */;
UNLOCK TABLES;

--
-- Table structure for table `chat_messages`
--

DROP TABLE IF EXISTS `chat_messages`;
/*!40101 SET @saved_cs_client     = @@character_set_client */;
/*!50503 SET character_set_client = utf8mb4 */;
CREATE TABLE `chat_messages` (
  `id` bigint unsigned NOT NULL AUTO_INCREMENT,
  `user_id` bigint unsigned NOT NULL,
  `message` text COLLATE utf8mb4_unicode_ci NOT NULL,
  `sender` enum('user','bot') COLLATE utf8mb4_unicode_ci NOT NULL,
  `is_read` tinyint(1) NOT NULL DEFAULT '0',
  `created_at` timestamp NULL DEFAULT NULL,
  `updated_at` timestamp NULL DEFAULT NULL,
  PRIMARY KEY (`id`),
  KEY `chat_messages_user_id_created_at_index` (`user_id`,`created_at`),
  KEY `chat_messages_user_id_sender_is_read_index` (`user_id`,`sender`,`is_read`),
  CONSTRAINT `chat_messages_user_id_foreign` FOREIGN KEY (`user_id`) REFERENCES `users` (`id`) ON DELETE CASCADE
) ENGINE=InnoDB DEFAULT CHARSET=utf8mb4 COLLATE=utf8mb4_unicode_ci;
/*!40101 SET character_set_client = @saved_cs_client */;

--
-- Dumping data for table `chat_messages`
--

LOCK TABLES `chat_messages` WRITE;
/*!40000 ALTER TABLE `chat_messages` DISABLE KEYS */;
/*!40000 ALTER TABLE `chat_messages` ENABLE KEYS */;
UNLOCK TABLES;

--
-- Table structure for table `colors`
--

DROP TABLE IF EXISTS `colors`;
/*!40101 SET @saved_cs_client     = @@character_set_client */;
/*!50503 SET character_set_client = utf8mb4 */;
CREATE TABLE `colors` (
  `id` bigint unsigned NOT NULL AUTO_INCREMENT,
  `name` varchar(255) CHARACTER SET utf8mb4 COLLATE utf8mb4_unicode_ci NOT NULL,
  `hex_code` varchar(7) CHARACTER SET utf8mb4 COLLATE utf8mb4_unicode_ci DEFAULT NULL,
  `color_code` varchar(7) CHARACTER SET utf8mb4 COLLATE utf8mb4_unicode_ci DEFAULT NULL COMMENT 'Mã màu hex (ví dụ: #FF0000)',
  `created_at` timestamp NULL DEFAULT NULL,
  `updated_at` timestamp NULL DEFAULT NULL,
  PRIMARY KEY (`id`)
) ENGINE=InnoDB AUTO_INCREMENT=85 DEFAULT CHARSET=utf8mb4 COLLATE=utf8mb4_unicode_ci;
/*!40101 SET character_set_client = @saved_cs_client */;

--
-- Dumping data for table `colors`
--

LOCK TABLES `colors` WRITE;
/*!40000 ALTER TABLE `colors` DISABLE KEYS */;
INSERT INTO `colors` VALUES (48,'Đen',NULL,'#000000','2025-08-03 17:03:43','2025-08-03 17:03:43'),(49,'Trắng',NULL,'#FFFFFF','2025-08-03 17:03:43','2025-08-03 17:03:43'),(50,'Xám',NULL,'#808080','2025-08-03 17:03:43','2025-08-03 17:03:43'),(51,'Bạc',NULL,'#C0C0C0','2025-08-03 17:03:43','2025-08-03 17:03:43'),(52,'Vàng',NULL,'#FFD700','2025-08-03 17:03:43','2025-08-03 17:03:43'),(53,'Hồng',NULL,'#FFC0CB','2025-08-03 17:03:43','2025-08-03 17:03:43'),(54,'Đỏ',NULL,'#FF0000','2025-08-03 17:03:43','2025-08-03 17:03:43'),(55,'Cam',NULL,'#FFA500','2025-08-03 17:03:43','2025-08-03 17:03:43'),(56,'Tím',NULL,'#800080','2025-08-03 17:03:43','2025-08-03 17:03:43'),(57,'Xanh lá',NULL,'#00FF00','2025-08-03 17:03:43','2025-08-03 17:03:43'),(58,'Xanh dương',NULL,'#0000FF','2025-08-03 17:03:43','2025-08-03 17:03:43'),(59,'Xanh ngọc',NULL,'#40E0D0','2025-08-03 17:03:43','2025-08-03 17:03:43'),(60,'Nâu',NULL,'#8B4513','2025-08-03 17:03:43','2025-08-03 17:03:43'),(61,'Be',NULL,'#F5F5DC','2025-08-03 17:03:43','2025-08-03 17:03:43'),(62,'Kem',NULL,'#FFFDD0','2025-08-03 17:03:43','2025-08-03 17:03:43'),(63,'Xanh navy',NULL,'#000080','2025-08-03 17:03:43','2025-08-03 17:03:43'),(64,'Xanh rêu',NULL,'#9BB7D4','2025-08-03 17:03:43','2025-08-03 17:03:43'),(65,'Tím pastel',NULL,'#D8BFD8','2025-08-03 17:03:43','2025-08-03 17:03:43'),(66,'Xanh pastel',NULL,'#B2DFDB','2025-08-03 17:03:43','2025-08-03 17:03:43'),(67,'Hồng pastel',NULL,'#FFD1DC','2025-08-03 17:03:43','2025-08-03 17:03:43'),(68,'Xám không gian',NULL,'#2C2C2C','2025-08-03 17:03:43','2025-08-03 17:03:43'),(69,'Trắng ánh sao',NULL,'#F5F2EB','2025-08-03 17:03:43','2025-08-03 17:03:43'),(70,'Đen bóng đêm',NULL,'#1E1E2F','2025-08-03 17:03:43','2025-08-03 17:03:43'),(71,'Xanh biển',NULL,'#4B9CD3','2025-08-03 17:03:43','2025-08-03 17:03:43'),(72,'Cam san hô',NULL,'#FF6F61','2025-08-03 17:03:43','2025-08-03 17:03:43'),(73,'Xanh dương nhạt',NULL,'#ADD8E6','2025-08-03 17:03:43','2025-08-03 17:03:43'),(74,'Xanh lá nhạt',NULL,'#C8E6C9','2025-08-03 17:03:43','2025-08-03 17:03:43'),(75,'Tím đậm',NULL,'#5A5366','2025-08-03 17:03:43','2025-08-03 17:03:43'),(76,'Titan tự nhiên',NULL,'#D6D6D6','2025-08-03 17:03:43','2025-08-03 17:03:43'),(77,'Titan trắng',NULL,'#F8F8F8','2025-08-03 17:03:43','2025-08-03 17:03:43'),(78,'Titan đen',NULL,'#1A1A1A','2025-08-03 17:03:43','2025-08-03 17:03:43'),(79,'Titan xanh',NULL,'#4D6A78','2025-08-03 17:03:43','2025-08-03 17:03:43'),(80,'Vàng nhạt',NULL,'#FFFACD','2025-08-03 17:03:43','2025-08-03 17:03:43'),(81,'Xanh nhạt',NULL,'#CFE8F3','2025-08-03 17:03:43','2025-08-03 17:03:43'),(82,'Xanh navy đậm',NULL,'#001F3F','2025-08-03 17:03:43','2025-08-03 17:03:43'),(83,'Đỏ sản phẩm',NULL,'#BE0032','2025-08-03 17:03:43','2025-08-03 17:03:43'),(84,'Than chì',NULL,'#3B3B4C','2025-08-03 17:03:43','2025-08-03 17:03:43');
/*!40000 ALTER TABLE `colors` ENABLE KEYS */;
UNLOCK TABLES;

--
-- Table structure for table `comments`
--

DROP TABLE IF EXISTS `comments`;
/*!40101 SET @saved_cs_client     = @@character_set_client */;
/*!50503 SET character_set_client = utf8mb4 */;
CREATE TABLE `comments` (
  `id` bigint unsigned NOT NULL AUTO_INCREMENT,
  `product_id` bigint unsigned NOT NULL,
  `user_id` bigint unsigned DEFAULT NULL,
  `guest_name` varchar(255) CHARACTER SET utf8mb4 COLLATE utf8mb4_unicode_ci DEFAULT NULL,
  `content` text CHARACTER SET utf8mb4 COLLATE utf8mb4_unicode_ci NOT NULL,
  `rating` int DEFAULT NULL COMMENT 'Rating from 1 to 5 stars',
  `status` tinyint(1) NOT NULL DEFAULT '1',
  `created_at` timestamp NULL DEFAULT NULL,
  `updated_at` timestamp NULL DEFAULT NULL,
  `post_id` bigint unsigned DEFAULT NULL,
  PRIMARY KEY (`id`),
  KEY `comments_product_id_foreign` (`product_id`),
  KEY `comments_user_id_foreign` (`user_id`),
  KEY `comments_post_id_foreign` (`post_id`),
  CONSTRAINT `comments_post_id_foreign` FOREIGN KEY (`post_id`) REFERENCES `posts` (`id`) ON DELETE CASCADE,
  CONSTRAINT `comments_product_id_foreign` FOREIGN KEY (`product_id`) REFERENCES `products` (`id`) ON DELETE CASCADE,
  CONSTRAINT `comments_user_id_foreign` FOREIGN KEY (`user_id`) REFERENCES `users` (`id`) ON DELETE SET NULL
) ENGINE=InnoDB AUTO_INCREMENT=5 DEFAULT CHARSET=utf8mb4 COLLATE=utf8mb4_unicode_ci;
/*!40101 SET character_set_client = @saved_cs_client */;

--
-- Dumping data for table `comments`
--

LOCK TABLES `comments` WRITE;
/*!40000 ALTER TABLE `comments` DISABLE KEYS */;
/*!40000 ALTER TABLE `comments` ENABLE KEYS */;
UNLOCK TABLES;

--
-- Table structure for table `contacts`
--

DROP TABLE IF EXISTS `contacts`;
/*!40101 SET @saved_cs_client     = @@character_set_client */;
/*!50503 SET character_set_client = utf8mb4 */;
CREATE TABLE `contacts` (
  `id` bigint unsigned NOT NULL AUTO_INCREMENT,
  `user_id` bigint unsigned DEFAULT NULL,
  `subject` varchar(255) CHARACTER SET utf8mb4 COLLATE utf8mb4_unicode_ci NOT NULL,
  `message` text CHARACTER SET utf8mb4 COLLATE utf8mb4_unicode_ci NOT NULL,
  `reply` text CHARACTER SET utf8mb4 COLLATE utf8mb4_unicode_ci,
  `status` enum('pending','resolved') CHARACTER SET utf8mb4 COLLATE utf8mb4_unicode_ci NOT NULL DEFAULT 'pending',
  `created_at` timestamp NULL DEFAULT NULL,
  `updated_at` timestamp NULL DEFAULT NULL,
  `deleted_at` timestamp NULL DEFAULT NULL,
  PRIMARY KEY (`id`),
  KEY `contacts_user_id_foreign` (`user_id`),
  CONSTRAINT `contacts_user_id_foreign` FOREIGN KEY (`user_id`) REFERENCES `users` (`id`) ON DELETE CASCADE
) ENGINE=InnoDB AUTO_INCREMENT=13 DEFAULT CHARSET=utf8mb4 COLLATE=utf8mb4_unicode_ci;
/*!40101 SET character_set_client = @saved_cs_client */;

--
-- Dumping data for table `contacts`
--

LOCK TABLES `contacts` WRITE;
/*!40000 ALTER TABLE `contacts` DISABLE KEYS */;
INSERT INTO `contacts` VALUES (1,22,'xin vòa','aksdkádákjdaksd','xin chào bạn','resolved','2025-08-05 08:58:29','2025-08-05 08:59:12',NULL),(2,1,'Hỏi về sản phẩm mới','Tôi muốn biết thêm thông tin về sản phẩm mới của các bạn. Có thể cho tôi biết giá cả và thời gian giao hàng không?','Cảm ơn bạn đã quan tâm đến sản phẩm của chúng tôi. Sản phẩm mới có giá 500,000 VNĐ và thời gian giao hàng từ 2-3 ngày làm việc. Bạn có thể đặt hàng trực tiếp trên website hoặc liên hệ hotline để được hỗ trợ.','resolved','2025-08-03 09:10:20','2025-08-04 09:10:20',NULL),(3,1,'Khiếu nại về dịch vụ','Tôi đã đặt hàng từ 1 tuần trước nhưng vẫn chưa nhận được. Đơn hàng số #12345. Mong các bạn kiểm tra và phản hồi sớm.','Chúng tôi xin lỗi vì sự bất tiện này. Chúng tôi đã kiểm tra và thấy đơn hàng #12345 đang trong quá trình xử lý. Dự kiến sẽ giao hàng trong ngày mai. Chúng tôi sẽ liên hệ lại để xác nhận thời gian giao hàng cụ thể.','resolved','2025-07-31 09:10:20','2025-08-01 09:10:20',NULL),(4,1,'Đề xuất cải thiện website','Website của các bạn rất đẹp nhưng tôi thấy có thể cải thiện thêm phần tìm kiếm sản phẩm. Hiện tại việc lọc theo giá và danh mục chưa thực sự thuận tiện.',NULL,'pending','2025-08-05 06:10:20','2025-08-05 06:10:20',NULL),(5,NULL,'Hỏi về chính sách đổi trả','Tôi muốn biết chính sách đổi trả hàng của các bạn như thế nào? Tôi có thể đổi hàng trong bao lâu và có mất phí không?','Cảm ơn bạn đã quan tâm. Chính sách đổi trả của chúng tôi như sau: - Thời gian đổi trả: 30 ngày kể từ ngày nhận hàng - Điều kiện: Sản phẩm còn nguyên vẹn, chưa sử dụng - Phí đổi trả: Miễn phí nếu lỗi từ phía chúng tôi, 50,000 VNĐ nếu đổi do lý do cá nhân','resolved','2025-08-04 09:10:20','2025-08-04 21:10:20',NULL),(6,2,'Đăng ký nhận thông báo khuyến mãi','Tôi muốn đăng ký nhận thông báo về các chương trình khuyến mãi và sản phẩm mới. Làm thế nào để đăng ký?',NULL,'pending','2025-08-05 08:10:20','2025-08-05 08:10:20',NULL),(7,9,'helo','dhfjdhjdfhadjhạdsdjáhd','ok chào babj ạo akshd','resolved','2025-08-05 09:21:49','2025-08-05 09:22:11',NULL),(8,1,'xin chào bạn','tôi có như cầu hỗ trọ mua hàng','chào bạn có việc gì để tôi sử lú vậy','resolved','2025-08-05 12:28:58','2025-08-05 12:29:44',NULL),(9,1,'Test Contact - 2025-08-05 19:38:05','Đây là tin nhắn test để kiểm tra chức năng phản hồi. Vui lòng phản hồi tin nhắn này.','ándaksdnákdnákdmákakd','resolved','2025-08-05 12:38:05','2025-08-05 12:38:53',NULL),(10,1,'Test Contact - 2025-08-05 19:50:59','Đây là tin nhắn test để kiểm tra chức năng phản hồi. Vui lòng phản hồi tin nhắn này.',NULL,'pending','2025-08-05 12:50:59','2025-08-05 12:50:59',NULL),(11,1,'helo chào bạn','jidkfnkakmdkámds',NULL,'pending','2025-08-05 13:09:14','2025-08-05 13:09:14',NULL),(12,1,'Test Contact - 2025-08-05 20:17:03','Đây là tin nhắn test để kiểm tra chức năng phản hồi. Vui lòng phản hồi tin nhắn này.',NULL,'pending','2025-08-05 13:17:03','2025-08-05 13:17:03',NULL);
/*!40000 ALTER TABLE `contacts` ENABLE KEYS */;
UNLOCK TABLES;

--
-- Table structure for table `coupon_users`
--

DROP TABLE IF EXISTS `coupon_users`;
/*!40101 SET @saved_cs_client     = @@character_set_client */;
/*!50503 SET character_set_client = utf8mb4 */;
CREATE TABLE `coupon_users` (
  `id` bigint unsigned NOT NULL AUTO_INCREMENT,
  `user_id` bigint unsigned NOT NULL,
  `coupon_id` bigint unsigned NOT NULL,
  `created_at` timestamp NULL DEFAULT NULL,
  `updated_at` timestamp NULL DEFAULT NULL,
  `order_id` bigint unsigned DEFAULT NULL,
  `used_at` timestamp NULL DEFAULT NULL,
  PRIMARY KEY (`id`),
  KEY `coupon_users_user_id_foreign` (`user_id`),
  KEY `coupon_users_coupon_id_foreign` (`coupon_id`),
  KEY `coupon_users_order_id_foreign` (`order_id`),
  CONSTRAINT `coupon_users_coupon_id_foreign` FOREIGN KEY (`coupon_id`) REFERENCES `coupons` (`id`) ON DELETE CASCADE,
  CONSTRAINT `coupon_users_order_id_foreign` FOREIGN KEY (`order_id`) REFERENCES `orders` (`id`) ON DELETE CASCADE,
  CONSTRAINT `coupon_users_user_id_foreign` FOREIGN KEY (`user_id`) REFERENCES `users` (`id`) ON DELETE CASCADE
) ENGINE=InnoDB AUTO_INCREMENT=24 DEFAULT CHARSET=utf8mb4 COLLATE=utf8mb4_unicode_ci;
/*!40101 SET character_set_client = @saved_cs_client */;

--
-- Dumping data for table `coupon_users`
--

LOCK TABLES `coupon_users` WRITE;
/*!40000 ALTER TABLE `coupon_users` DISABLE KEYS */;
INSERT INTO `coupon_users` VALUES (1,1,1,'2025-07-24 22:20:43','2025-07-12 22:20:43',NULL,NULL),(2,1,1,'2025-07-09 22:20:43','2025-07-30 22:20:43',NULL,NULL),(3,1,2,'2025-07-26 22:20:43','2025-07-22 22:20:43',NULL,NULL),(4,1,2,'2025-07-24 22:20:43','2025-07-13 22:20:43',NULL,NULL),(5,1,3,'2025-07-30 22:20:43','2025-07-04 22:20:43',NULL,NULL),(6,1,3,'2025-07-06 22:20:43','2025-07-20 22:20:43',NULL,NULL),(7,2,1,'2025-07-28 22:20:43','2025-07-12 22:20:43',NULL,NULL),(8,2,1,'2025-07-10 22:20:43','2025-07-30 22:20:43',NULL,NULL),(9,2,2,'2025-07-20 22:20:43','2025-07-25 22:20:43',NULL,NULL),(10,2,2,'2025-07-26 22:20:43','2025-07-17 22:20:43',NULL,NULL),(11,2,3,'2025-07-16 22:20:43','2025-07-12 22:20:43',NULL,NULL),(12,3,1,'2025-07-18 22:20:43','2025-07-14 22:20:43',NULL,NULL),(13,3,2,'2025-07-16 22:20:43','2025-07-27 22:20:43',NULL,NULL),(14,3,3,'2025-07-06 22:20:43','2025-07-26 22:20:43',NULL,NULL),(15,4,1,'2025-07-11 22:20:43','2025-07-10 22:20:43',NULL,NULL),(16,4,1,'2025-07-15 22:20:43','2025-07-09 22:20:43',NULL,NULL),(17,4,2,'2025-07-25 22:20:43','2025-07-16 22:20:43',NULL,NULL),(18,4,2,'2025-07-13 22:20:43','2025-07-25 22:20:43',NULL,NULL),(19,4,3,'2025-07-22 22:20:43','2025-07-07 22:20:43',NULL,NULL),(20,5,1,'2025-07-25 22:20:43','2025-07-23 22:20:43',NULL,NULL),(21,5,2,'2025-07-30 22:20:43','2025-07-26 22:20:43',NULL,NULL),(22,5,2,'2025-07-08 22:20:43','2025-07-26 22:20:43',NULL,NULL),(23,5,3,'2025-07-21 22:20:43','2025-08-01 22:20:43',NULL,NULL);
/*!40000 ALTER TABLE `coupon_users` ENABLE KEYS */;
UNLOCK TABLES;

--
-- Table structure for table `coupons`
--

DROP TABLE IF EXISTS `coupons`;
/*!40101 SET @saved_cs_client     = @@character_set_client */;
/*!50503 SET character_set_client = utf8mb4 */;
CREATE TABLE `coupons` (
  `id` bigint unsigned NOT NULL AUTO_INCREMENT,
  `code` varchar(255) CHARACTER SET utf8mb4 COLLATE utf8mb4_unicode_ci NOT NULL,
  `name` varchar(255) CHARACTER SET utf8mb4 COLLATE utf8mb4_unicode_ci DEFAULT NULL,
  `description` text CHARACTER SET utf8mb4 COLLATE utf8mb4_unicode_ci,
  `discount_type` enum('percentage','fixed') CHARACTER SET utf8mb4 COLLATE utf8mb4_unicode_ci NOT NULL,
  `min_order_value` decimal(10,2) DEFAULT NULL,
  `discount_value` decimal(10,2) NOT NULL,
  `max_discount_value` decimal(10,2) DEFAULT NULL,
  `max_discount` decimal(10,2) DEFAULT NULL,
  `start_date` date NOT NULL,
  `end_date` date NOT NULL,
  `usage_limit` int DEFAULT NULL,
  `usage_limit_per_user` int DEFAULT NULL,
  `used_count` int NOT NULL DEFAULT '0',
  `status` tinyint NOT NULL DEFAULT '1',
  `exchange_points` int NOT NULL DEFAULT '0',
  `vip_level` varchar(255) CHARACTER SET utf8mb4 COLLATE utf8mb4_unicode_ci DEFAULT NULL,
  `validity_days` int NOT NULL DEFAULT '30',
  `created_at` timestamp NULL DEFAULT NULL,
  `updated_at` timestamp NULL DEFAULT NULL,
  `deleted_at` timestamp NULL DEFAULT NULL,
  PRIMARY KEY (`id`),
  UNIQUE KEY `coupons_code_unique` (`code`)
) ENGINE=InnoDB AUTO_INCREMENT=32 DEFAULT CHARSET=utf8mb4 COLLATE=utf8mb4_unicode_ci;
/*!40101 SET character_set_client = @saved_cs_client */;

--
-- Dumping data for table `coupons`
--

LOCK TABLES `coupons` WRITE;
/*!40000 ALTER TABLE `coupons` DISABLE KEYS */;
INSERT INTO `coupons` VALUES (1,'BRONZE5','Mã Giảm Giá Bronze - 5%','Giảm giá 5% cho khách hàng Bronze','percentage',2000000.00,5.00,100000.00,100000.00,'2025-08-16','2026-02-16',1000,NULL,0,1,5000,'Bronze',30,'2025-08-02 22:20:43','2025-08-15 23:47:58',NULL),(2,'BRONZE8','Mã Giảm Giá Bronze - 8%','Giảm giá 8% cho khách hàng Bronze','percentage',3000000.00,8.00,200000.00,200000.00,'2025-08-16','2026-02-16',800,NULL,0,1,8000,'Bronze',30,'2025-08-02 22:20:43','2025-08-15 23:47:58',NULL),(3,'BRONZE10','Mã Giảm Giá Bronze - 10%','Giảm giá 10% cho khách hàng Bronze','percentage',5000000.00,10.00,300000.00,300000.00,'2025-08-16','2026-02-16',500,NULL,0,1,12000,'Bronze',30,'2025-08-02 22:20:43','2025-08-15 23:47:58',NULL),(4,'BRONZE100K','Mã Giảm Tiền Bronze - 100K','Giảm tiền 100,000đ cho khách hàng Bronze','fixed',1500000.00,100000.00,100000.00,100000.00,'2025-08-16','2026-02-16',1000,NULL,0,1,6000,'Bronze',30,'2025-08-02 22:20:43','2025-08-15 23:47:58',NULL),(5,'BRONZE200K','Mã Giảm Tiền Bronze - 200K','Giảm tiền 200,000đ cho khách hàng Bronze','fixed',3000000.00,200000.00,200000.00,200000.00,'2025-08-16','2026-02-16',800,NULL,0,1,10000,'Bronze',30,'2025-08-02 22:20:43','2025-08-15 23:47:58',NULL),(6,'BRONZE300K','Mã Giảm Tiền Bronze - 300K','Giảm tiền 300,000đ cho khách hàng Bronze','fixed',5000000.00,300000.00,300000.00,300000.00,'2025-08-16','2026-02-16',500,NULL,0,1,15000,'Bronze',30,'2025-08-02 22:20:43','2025-08-15 23:47:58',NULL),(7,'SILVER10','Mã Giảm Giá Silver - 10%','Giảm giá 10% cho khách hàng Silver','percentage',3000000.00,10.00,200000.00,200000.00,'2025-08-16','2026-02-16',800,NULL,0,1,8000,'Silver',30,'2025-08-02 22:20:43','2025-08-15 23:47:58',NULL),(8,'SILVER12','Mã Giảm Giá Silver - 12%','Giảm giá 12% cho khách hàng Silver','percentage',5000000.00,12.00,300000.00,300000.00,'2025-08-16','2026-02-16',600,NULL,0,1,12000,'Silver',30,'2025-08-02 22:20:43','2025-08-15 23:47:58',NULL),(9,'SILVER15','Mã Giảm Giá Silver - 15%','Giảm giá 15% cho khách hàng Silver','percentage',8000000.00,15.00,500000.00,500000.00,'2025-08-16','2026-02-16',400,NULL,0,1,18000,'Silver',30,'2025-08-02 22:20:43','2025-08-15 23:47:58',NULL),(10,'SILVER200K','Mã Giảm Tiền Silver - 200K','Giảm tiền 200,000đ cho khách hàng Silver','fixed',2000000.00,200000.00,200000.00,200000.00,'2025-08-16','2026-02-16',800,NULL,0,1,10000,'Silver',30,'2025-08-02 22:20:43','2025-08-15 23:47:58',NULL),(11,'SILVER300K','Mã Giảm Tiền Silver - 300K','Giảm tiền 300,000đ cho khách hàng Silver','fixed',4000000.00,300000.00,300000.00,300000.00,'2025-08-16','2026-02-16',600,NULL,0,1,15000,'Silver',30,'2025-08-02 22:20:43','2025-08-15 23:47:58',NULL),(12,'SILVER500K','Mã Giảm Tiền Silver - 500K','Giảm tiền 500,000đ cho khách hàng Silver','fixed',8000000.00,500000.00,500000.00,500000.00,'2025-08-16','2026-02-16',400,NULL,0,1,25000,'Silver',30,'2025-08-02 22:20:43','2025-08-15 23:47:58',NULL),(13,'GOLD15','Mã Giảm Giá Gold - 15%','Giảm giá 15% cho khách hàng Gold','percentage',5000000.00,15.00,300000.00,300000.00,'2025-08-16','2026-02-16',600,NULL,0,1,15000,'Gold',30,'2025-08-02 22:20:43','2025-08-15 23:47:58',NULL),(14,'GOLD18','Mã Giảm Giá Gold - 18%','Giảm giá 18% cho khách hàng Gold','percentage',8000000.00,18.00,500000.00,500000.00,'2025-08-16','2026-02-16',400,NULL,0,1,20000,'Gold',30,'2025-08-02 22:20:43','2025-08-15 23:47:58',NULL),(15,'GOLD20','Mã Giảm Giá Gold - 20%','Giảm giá 20% cho khách hàng Gold','percentage',12000000.00,20.00,800000.00,800000.00,'2025-08-16','2026-02-16',300,NULL,0,1,30000,'Gold',30,'2025-08-02 22:20:43','2025-08-15 23:47:58',NULL),(16,'GOLD300K','Mã Giảm Tiền Gold - 300K','Giảm tiền 300,000đ cho khách hàng Gold','fixed',3000000.00,300000.00,300000.00,300000.00,'2025-08-16','2026-02-16',600,NULL,0,1,18000,'Gold',30,'2025-08-02 22:20:43','2025-08-15 23:47:58',NULL),(17,'GOLD500K','Mã Giảm Tiền Gold - 500K','Giảm tiền 500,000đ cho khách hàng Gold','fixed',6000000.00,500000.00,500000.00,500000.00,'2025-08-16','2026-02-16',400,NULL,0,1,25000,'Gold',30,'2025-08-02 22:20:43','2025-08-15 23:47:58',NULL),(18,'GOLD800K','Mã Giảm Tiền Gold - 800K','Giảm tiền 800,000đ cho khách hàng Gold','fixed',12000000.00,800000.00,800000.00,800000.00,'2025-08-16','2026-02-16',300,NULL,0,1,40000,'Gold',30,'2025-08-02 22:20:43','2025-08-15 23:47:58',NULL),(19,'PLATINUM20','Mã Giảm Giá Platinum - 20%','Giảm giá 20% cho khách hàng Platinum','percentage',8000000.00,20.00,500000.00,500000.00,'2025-08-16','2026-02-16',400,NULL,0,1,25000,'Platinum',30,'2025-08-02 22:20:43','2025-08-15 23:47:58',NULL),(20,'PLATINUM25','Mã Giảm Giá Platinum - 25%','Giảm giá 25% cho khách hàng Platinum','percentage',12000000.00,25.00,800000.00,800000.00,'2025-08-16','2026-02-16',300,NULL,0,1,35000,'Platinum',30,'2025-08-02 22:20:43','2025-08-15 23:47:58',NULL),(21,'PLATINUM30','Mã Giảm Giá Platinum - 30%','Giảm giá 30% cho khách hàng Platinum','percentage',20000000.00,30.00,1500000.00,1500000.00,'2025-08-16','2026-02-16',200,NULL,0,1,50000,'Platinum',30,'2025-08-02 22:20:43','2025-08-15 23:47:58',NULL),(22,'PLATINUM500K','Mã Giảm Tiền Platinum - 500K','Giảm tiền 500,000đ cho khách hàng Platinum','fixed',5000000.00,500000.00,500000.00,500000.00,'2025-08-16','2026-02-16',400,NULL,0,1,30000,'Platinum',30,'2025-08-02 22:20:43','2025-08-15 23:47:58',NULL),(23,'PLATINUM800K','Mã Giảm Tiền Platinum - 800K','Giảm tiền 800,000đ cho khách hàng Platinum','fixed',10000000.00,800000.00,800000.00,800000.00,'2025-08-16','2026-02-16',300,NULL,0,1,40000,'Platinum',30,'2025-08-02 22:20:43','2025-08-15 23:47:58',NULL),(24,'PLATINUM1M2','Mã Giảm Tiền Platinum - 1.2M','Giảm tiền 1,200,000đ cho khách hàng Platinum','fixed',20000000.00,1200000.00,1200000.00,1200000.00,'2025-08-16','2026-02-16',200,NULL,0,1,60000,'Platinum',30,'2025-08-02 22:20:43','2025-08-15 23:47:58',NULL),(25,'DIAMOND25','Mã Giảm Giá Diamond - 25%','Giảm giá 25% cho khách hàng Diamond','percentage',10000000.00,25.00,800000.00,800000.00,'2025-08-16','2026-02-16',300,NULL,0,1,30000,'Diamond',30,'2025-08-02 22:20:43','2025-08-15 23:47:58',NULL),(26,'DIAMOND30','Mã Giảm Giá Diamond - 30%','Giảm giá 30% cho khách hàng Diamond','percentage',15000000.00,30.00,1200000.00,1200000.00,'2025-08-16','2026-02-16',250,NULL,0,1,40000,'Diamond',30,'2025-08-02 22:20:43','2025-08-15 23:47:58',NULL),(27,'DIAMOND35','Mã Giảm Giá Diamond - 35%','Giảm giá 35% cho khách hàng Diamond','percentage',25000000.00,35.00,2000000.00,2000000.00,'2025-08-16','2026-02-16',150,NULL,0,1,60000,'Diamond',30,'2025-08-02 22:20:43','2025-08-15 23:47:58',NULL),(28,'DIAMOND800K','Mã Giảm Tiền Diamond - 800K','Giảm tiền 800,000đ cho khách hàng Diamond','fixed',8000000.00,800000.00,800000.00,800000.00,'2025-08-16','2026-02-16',300,NULL,0,1,35000,'Diamond',30,'2025-08-02 22:20:43','2025-08-15 23:47:58',NULL),(29,'DIAMOND1M2','Mã Giảm Tiền Diamond - 1.2M','Giảm tiền 1,200,000đ cho khách hàng Diamond','fixed',15000000.00,1200000.00,1200000.00,1200000.00,'2025-08-16','2026-02-16',250,NULL,0,1,50000,'Diamond',30,'2025-08-02 22:20:43','2025-08-15 23:47:58',NULL),(30,'DIAMOND1M8','Mã Giảm Tiền Diamond - 1.8M','Giảm tiền 1,800,000đ cho khách hàng Diamond','fixed',25000000.00,1800000.00,1800000.00,1800000.00,'2025-08-16','2026-02-16',150,NULL,0,1,80000,'Diamond',30,'2025-08-02 22:20:43','2025-08-15 23:47:58',NULL),(31,'FREESHIP','iPhone 16 128GB','mã giảm giá free ship','fixed',NULL,30000.00,30000.00,NULL,'2025-08-16','2025-09-16',1000,10,0,1,0,NULL,30,'2025-08-15 23:59:22','2025-08-15 23:59:22',NULL);
/*!40000 ALTER TABLE `coupons` ENABLE KEYS */;
UNLOCK TABLES;

--
-- Table structure for table `failed_jobs`
--

DROP TABLE IF EXISTS `failed_jobs`;
/*!40101 SET @saved_cs_client     = @@character_set_client */;
/*!50503 SET character_set_client = utf8mb4 */;
CREATE TABLE `failed_jobs` (
  `id` bigint unsigned NOT NULL AUTO_INCREMENT,
  `uuid` varchar(255) CHARACTER SET utf8mb4 COLLATE utf8mb4_unicode_ci NOT NULL,
  `connection` text CHARACTER SET utf8mb4 COLLATE utf8mb4_unicode_ci NOT NULL,
  `queue` text CHARACTER SET utf8mb4 COLLATE utf8mb4_unicode_ci NOT NULL,
  `payload` longtext CHARACTER SET utf8mb4 COLLATE utf8mb4_unicode_ci NOT NULL,
  `exception` longtext CHARACTER SET utf8mb4 COLLATE utf8mb4_unicode_ci NOT NULL,
  `failed_at` timestamp NOT NULL DEFAULT CURRENT_TIMESTAMP,
  PRIMARY KEY (`id`),
  UNIQUE KEY `failed_jobs_uuid_unique` (`uuid`)
) ENGINE=InnoDB DEFAULT CHARSET=utf8mb4 COLLATE=utf8mb4_unicode_ci;
/*!40101 SET character_set_client = @saved_cs_client */;

--
-- Dumping data for table `failed_jobs`
--

LOCK TABLES `failed_jobs` WRITE;
/*!40000 ALTER TABLE `failed_jobs` DISABLE KEYS */;
/*!40000 ALTER TABLE `failed_jobs` ENABLE KEYS */;
UNLOCK TABLES;

--
-- Table structure for table `favorites`
--

DROP TABLE IF EXISTS `favorites`;
/*!40101 SET @saved_cs_client     = @@character_set_client */;
/*!50503 SET character_set_client = utf8mb4 */;
CREATE TABLE `favorites` (
  `id` bigint unsigned NOT NULL AUTO_INCREMENT,
  `user_id` bigint unsigned NOT NULL,
  `product_id` bigint unsigned NOT NULL,
  `deleted_at` timestamp NULL DEFAULT NULL,
  `created_at` timestamp NULL DEFAULT NULL,
  `updated_at` timestamp NULL DEFAULT NULL,
  PRIMARY KEY (`id`),
  KEY `favorites_user_id_foreign` (`user_id`),
  KEY `favorites_product_id_foreign` (`product_id`),
  CONSTRAINT `favorites_product_id_foreign` FOREIGN KEY (`product_id`) REFERENCES `products` (`id`) ON DELETE CASCADE,
  CONSTRAINT `favorites_user_id_foreign` FOREIGN KEY (`user_id`) REFERENCES `users` (`id`) ON DELETE CASCADE
) ENGINE=InnoDB AUTO_INCREMENT=6 DEFAULT CHARSET=utf8mb4 COLLATE=utf8mb4_unicode_ci;
/*!40101 SET character_set_client = @saved_cs_client */;

--
-- Dumping data for table `favorites`
--

LOCK TABLES `favorites` WRITE;
/*!40000 ALTER TABLE `favorites` DISABLE KEYS */;
INSERT INTO `favorites` VALUES (1,1,712,'2025-08-15 19:05:54','2025-08-15 18:24:45','2025-08-15 19:05:54'),(2,1,711,'2025-08-15 19:05:56','2025-08-15 19:05:48','2025-08-15 19:05:56'),(3,1,706,'2025-08-15 19:05:59','2025-08-15 19:05:58','2025-08-15 19:05:59'),(4,1,708,'2025-08-15 19:06:04','2025-08-15 19:06:03','2025-08-15 19:06:04'),(5,1,712,NULL,'2025-08-15 19:31:13','2025-08-15 19:31:13');
/*!40000 ALTER TABLE `favorites` ENABLE KEYS */;
UNLOCK TABLES;

--
-- Table structure for table `feature_items`
--

DROP TABLE IF EXISTS `feature_items`;
/*!40101 SET @saved_cs_client     = @@character_set_client */;
/*!50503 SET character_set_client = utf8mb4 */;
CREATE TABLE `feature_items` (
  `id` bigint unsigned NOT NULL AUTO_INCREMENT,
  `feature_id` bigint unsigned NOT NULL,
  `icon` varchar(100) CHARACTER SET utf8mb4 COLLATE utf8mb4_unicode_ci NOT NULL,
  `title` varchar(255) CHARACTER SET utf8mb4 COLLATE utf8mb4_unicode_ci NOT NULL,
  `description` text CHARACTER SET utf8mb4 COLLATE utf8mb4_unicode_ci NOT NULL,
  `created_at` timestamp NULL DEFAULT NULL,
  `updated_at` timestamp NULL DEFAULT NULL,
  PRIMARY KEY (`id`),
  KEY `feature_items_feature_id_foreign` (`feature_id`),
  CONSTRAINT `feature_items_feature_id_foreign` FOREIGN KEY (`feature_id`) REFERENCES `features` (`id`) ON DELETE CASCADE
) ENGINE=InnoDB AUTO_INCREMENT=9 DEFAULT CHARSET=utf8mb4 COLLATE=utf8mb4_unicode_ci;
/*!40101 SET character_set_client = @saved_cs_client */;

--
-- Dumping data for table `feature_items`
--

LOCK TABLES `feature_items` WRITE;
/*!40000 ALTER TABLE `feature_items` DISABLE KEYS */;
INSERT INTO `feature_items` VALUES (5,1,'icon-strategy','Chất lượng cao','Sản phẩm được tuyển chọn kỹ lưỡng với chất lượng đảm bảo và giá cả hợp lý.','2025-08-02 22:25:02','2025-08-02 22:25:02'),(6,1,'icon-tools-2','Giao hàng nhanh','Giao hàng toàn quốc với thời gian nhanh chóng và an toàn.','2025-08-02 22:25:02','2025-08-02 22:25:02'),(7,1,'icon-mobile','Thanh toán đa dạng','Hỗ trợ nhiều hình thức thanh toán tiện lợi và bảo mật.','2025-08-02 22:25:02','2025-08-02 22:25:02'),(8,1,'icon-lifesaver','Hỗ trợ 24/7','Đội ngũ chăm sóc khách hàng tận tình, hỗ trợ 24/7.','2025-08-02 22:25:02','2025-08-02 22:25:02');
/*!40000 ALTER TABLE `feature_items` ENABLE KEYS */;
UNLOCK TABLES;

--
-- Table structure for table `features`
--

DROP TABLE IF EXISTS `features`;
/*!40101 SET @saved_cs_client     = @@character_set_client */;
/*!50503 SET character_set_client = utf8mb4 */;
CREATE TABLE `features` (
  `id` bigint unsigned NOT NULL AUTO_INCREMENT,
  `title` varchar(255) CHARACTER SET utf8mb4 COLLATE utf8mb4_unicode_ci NOT NULL,
  `subtitle` varchar(255) CHARACTER SET utf8mb4 COLLATE utf8mb4_unicode_ci DEFAULT NULL,
  `image` varchar(255) CHARACTER SET utf8mb4 COLLATE utf8mb4_unicode_ci DEFAULT NULL,
  `status` varchar(10) CHARACTER SET utf8mb4 COLLATE utf8mb4_unicode_ci NOT NULL DEFAULT 'active',
  `created_at` timestamp NULL DEFAULT NULL,
  `updated_at` timestamp NULL DEFAULT NULL,
  PRIMARY KEY (`id`)
) ENGINE=InnoDB AUTO_INCREMENT=2 DEFAULT CHARSET=utf8mb4 COLLATE=utf8mb4_unicode_ci;
/*!40101 SET character_set_client = @saved_cs_client */;

--
-- Dumping data for table `features`
--

LOCK TABLES `features` WRITE;
/*!40000 ALTER TABLE `features` DISABLE KEYS */;
INSERT INTO `features` VALUES (1,'Tại sao chọn chúng tôi','Cam kết mang đến trải nghiệm mua sắm tốt nhất cho khách hàng','features/U6gvE8sIdoEZxNI0pTN337mVCrLXNtG7iAW9AHbT.webp','active','2025-08-02 22:20:43','2025-08-02 22:25:02');
/*!40000 ALTER TABLE `features` ENABLE KEYS */;
UNLOCK TABLES;

--
-- Table structure for table `inventory_logs`
--

DROP TABLE IF EXISTS `inventory_logs`;
/*!40101 SET @saved_cs_client     = @@character_set_client */;
/*!50503 SET character_set_client = utf8mb4 */;
CREATE TABLE `inventory_logs` (
  `id` bigint unsigned NOT NULL AUTO_INCREMENT,
  `variant_id` bigint unsigned NOT NULL,
  `change_qty` int NOT NULL,
  `reason` varchar(255) CHARACTER SET utf8mb4 COLLATE utf8mb4_unicode_ci NOT NULL,
  `created_at` timestamp NULL DEFAULT NULL,
  `updated_at` timestamp NULL DEFAULT NULL,
  PRIMARY KEY (`id`),
  KEY `inventory_logs_variant_id_foreign` (`variant_id`),
  CONSTRAINT `inventory_logs_variant_id_foreign` FOREIGN KEY (`variant_id`) REFERENCES `product_variants` (`id`) ON DELETE CASCADE
) ENGINE=InnoDB DEFAULT CHARSET=utf8mb4 COLLATE=utf8mb4_unicode_ci;
/*!40101 SET character_set_client = @saved_cs_client */;

--
-- Dumping data for table `inventory_logs`
--

LOCK TABLES `inventory_logs` WRITE;
/*!40000 ALTER TABLE `inventory_logs` DISABLE KEYS */;
/*!40000 ALTER TABLE `inventory_logs` ENABLE KEYS */;
UNLOCK TABLES;

--
-- Table structure for table `jobs`
--

DROP TABLE IF EXISTS `jobs`;
/*!40101 SET @saved_cs_client     = @@character_set_client */;
/*!50503 SET character_set_client = utf8mb4 */;
CREATE TABLE `jobs` (
  `id` bigint unsigned NOT NULL AUTO_INCREMENT,
  `queue` varchar(255) CHARACTER SET utf8mb4 COLLATE utf8mb4_unicode_ci NOT NULL,
  `payload` longtext CHARACTER SET utf8mb4 COLLATE utf8mb4_unicode_ci NOT NULL,
  `attempts` tinyint unsigned NOT NULL,
  `reserved_at` int unsigned DEFAULT NULL,
  `available_at` int unsigned NOT NULL,
  `created_at` int unsigned NOT NULL,
  PRIMARY KEY (`id`),
  KEY `jobs_queue_index` (`queue`)
) ENGINE=InnoDB DEFAULT CHARSET=utf8mb4 COLLATE=utf8mb4_unicode_ci;
/*!40101 SET character_set_client = @saved_cs_client */;

--
-- Dumping data for table `jobs`
--

LOCK TABLES `jobs` WRITE;
/*!40000 ALTER TABLE `jobs` DISABLE KEYS */;
/*!40000 ALTER TABLE `jobs` ENABLE KEYS */;
UNLOCK TABLES;

--
-- Table structure for table `messages`
--

DROP TABLE IF EXISTS `messages`;
/*!40101 SET @saved_cs_client     = @@character_set_client */;
/*!50503 SET character_set_client = utf8mb4 */;
CREATE TABLE `messages` (
  `id` bigint unsigned NOT NULL AUTO_INCREMENT,
  `sender_id` bigint unsigned NOT NULL,
  `receiver_id` bigint unsigned NOT NULL,
  `content` text CHARACTER SET utf8mb4 COLLATE utf8mb4_unicode_ci NOT NULL,
  `created_at` timestamp NULL DEFAULT NULL,
  `updated_at` timestamp NULL DEFAULT NULL,
  PRIMARY KEY (`id`),
  KEY `messages_sender_id_foreign` (`sender_id`),
  KEY `messages_receiver_id_foreign` (`receiver_id`),
  CONSTRAINT `messages_receiver_id_foreign` FOREIGN KEY (`receiver_id`) REFERENCES `users` (`id`) ON DELETE CASCADE,
  CONSTRAINT `messages_sender_id_foreign` FOREIGN KEY (`sender_id`) REFERENCES `users` (`id`) ON DELETE CASCADE
) ENGINE=InnoDB DEFAULT CHARSET=utf8mb4 COLLATE=utf8mb4_unicode_ci;
/*!40101 SET character_set_client = @saved_cs_client */;

--
-- Dumping data for table `messages`
--

LOCK TABLES `messages` WRITE;
/*!40000 ALTER TABLE `messages` DISABLE KEYS */;
/*!40000 ALTER TABLE `messages` ENABLE KEYS */;
UNLOCK TABLES;

--
-- Table structure for table `migrations`
--

DROP TABLE IF EXISTS `migrations`;
/*!40101 SET @saved_cs_client     = @@character_set_client */;
/*!50503 SET character_set_client = utf8mb4 */;
CREATE TABLE `migrations` (
  `id` int unsigned NOT NULL AUTO_INCREMENT,
  `migration` varchar(255) CHARACTER SET utf8mb4 COLLATE utf8mb4_unicode_ci NOT NULL,
  `batch` int NOT NULL,
  PRIMARY KEY (`id`)
) ENGINE=InnoDB AUTO_INCREMENT=81 DEFAULT CHARSET=utf8mb4 COLLATE=utf8mb4_unicode_ci;
/*!40101 SET character_set_client = @saved_cs_client */;

--
-- Dumping data for table `migrations`
--

LOCK TABLES `migrations` WRITE;
/*!40000 ALTER TABLE `migrations` DISABLE KEYS */;
INSERT INTO `migrations` VALUES (1,'0000_00_00_000000_create_websockets_statistics_entries_table',1),(2,'2019_12_14_000001_create_personal_access_tokens_table',1),(3,'2024_06_25_000001_create_about_page_table',1),(4,'2024_06_25_000002_create_videos_table',1),(5,'2025_06_24_223420_create_users_table',1),(6,'2025_06_24_223421_create_points_table',1),(7,'2025_06_24_223422_create_point_transactions_table',1),(8,'2025_06_24_223423_create_point_vouchers_table',1),(9,'2025_06_24_223500_create_roles_table',1),(10,'2025_06_24_223507_create_permissions_table',1),(11,'2025_06_24_223516_create_user_roles_table',1),(12,'2025_06_24_223532_create_role_permissions_table',1),(13,'2025_06_24_223539_create_categories_table',1),(14,'2025_06_24_223545_create_colors_table',1),(15,'2025_06_24_223552_create_storages_table',1),(16,'2025_06_24_223558_create_products_table',1),(17,'2025_06_24_223603_create_product_variants_table',1),(18,'2025_06_24_223608_create_carts_table',1),(19,'2025_06_24_223614_create_cart_details_table',1),(20,'2025_06_24_223617_create_coupons_table',1),(21,'2025_06_24_223618_create_orders_table',1),(22,'2025_06_24_223619_create_user_point_vouchers_table',1),(23,'2025_06_24_223620_add_points_to_orders_table',1),(24,'2025_06_24_223623_create_order_details_table',1),(25,'2025_06_24_223627_create_payments_table',1),(26,'2025_06_24_223633_create_shipments_table',1),(27,'2025_06_24_223639_create_suppliers_table',1),(28,'2025_06_24_223644_create_purchase_orders_table',1),(29,'2025_06_24_223649_create_purchase_order_details_table',1),(30,'2025_06_24_223654_create_favorites_table',1),(31,'2025_06_24_223700_create_inventory_logs_table',1),(32,'2025_06_24_223706_create_messages_table',1),(34,'2025_06_24_223720_create_authors_table',1),(35,'2025_06_24_223727_create_coupon_users_table',1),(36,'2025_06_24_223733_create_posts_table',1),(37,'2025_06_24_223738_create_banners_table',1),(38,'2025_06_24_223800_create_vnpay_transactions_table',1),(39,'2025_06_25_170541_create_comments_table',1),(40,'2025_06_25_223847_add_color_code_to_colors_table',1),(41,'2025_07_01_000001_add_post_id_to_comments_table',1),(42,'2025_07_02_151756_create_reviews_table',1),(43,'2025_07_03_140305_update_contacts_table_add_status_reply_softdeletes',1),(44,'2025_07_07_182132_create_jobs_table',1),(45,'2025_07_07_190000_create_features_table',1),(46,'2025_07_07_190100_create_feature_items_table',1),(47,'2025_07_17_163338_create_momo_transactions_table',1),(48,'2025_07_18_145022_create_failed_jobs_table',1),(49,'2025_07_18_151531_create_notifications_table',1),(50,'2025_07_19_012933_create_services_table',1),(51,'2025_07_31_235337_add_discount_amount_to_orders_table',1),(52,'2025_08_01_082426_add_order_id_and_used_at_to_coupon_users_table',1),(53,'2025_08_01_171125_update_variant_storage_id',1),(54,'2025_08_01_173749_add_hex_code_to_colors_table',1),(55,'2025_08_01_201031_add_vip_level_to_points_table',1),(56,'2025_08_02_184622_update_coupons_max_discount_value_column',1),(57,'2025_08_02_230118_add_exchange_points_to_coupons_table',1),(58,'2025_08_02_235612_add_exchange_fields_to_coupons_table',1),(60,'2025_08_03_055216_add_is_received_to_orders_table',2),(61,'2025_08_03_195650_add_rating_to_comments_table',3),(62,'2025_08_03_212835_add_detailed_address_fields_to_users_table',4),(63,'2025_08_03_214707_add_avatar_to_users_table',5),(64,'2025_08_04_113649_add_email_verification_code_to_users_table',6),(65,'2025_08_04_234720_add_received_status_to_orders_table',7),(66,'2025_08_05_021659_add_is_temp_to_carts_table',8),(69,'2025_08_05_093602_create_attendance_table',10),(70,'2025_08_05_101632_add_points_claimed_to_attendance_table',11),(71,'2025_06_24_223716_create_contacts_table',12),(72,'2025_08_16_015200_add_cancellation_reason_to_orders_table',13),(73,'2025_06_24_223559_add_compare_price_to_products_table',14),(74,'2025_08_16_030417_remove_variant_name_from_product_variants_table',15),(76,'2025_12_31_235959_create_stat_views',16),(77,'2025_08_16_031324_add_additional_fields_to_products_table',17),(78,'2025_08_16_052911_add_return_exchange_fields_to_orders_table',18),(79,'2025_08_16_054826_add_media_fields_to_orders_table',19),(80,'2024_12_19_000000_create_chat_messages_table',20);
/*!40000 ALTER TABLE `migrations` ENABLE KEYS */;
UNLOCK TABLES;

--
-- Table structure for table `momo_transactions`
--

DROP TABLE IF EXISTS `momo_transactions`;
/*!40101 SET @saved_cs_client     = @@character_set_client */;
/*!50503 SET character_set_client = utf8mb4 */;
CREATE TABLE `momo_transactions` (
  `id` bigint unsigned NOT NULL AUTO_INCREMENT,
  `order_id` bigint unsigned DEFAULT NULL,
  `partner_code` varchar(255) CHARACTER SET utf8mb4 COLLATE utf8mb4_unicode_ci DEFAULT NULL,
  `orderId` varchar(255) CHARACTER SET utf8mb4 COLLATE utf8mb4_unicode_ci DEFAULT NULL,
  `requestId` varchar(255) CHARACTER SET utf8mb4 COLLATE utf8mb4_unicode_ci DEFAULT NULL,
  `amount` bigint DEFAULT NULL,
  `orderInfo` varchar(255) CHARACTER SET utf8mb4 COLLATE utf8mb4_unicode_ci DEFAULT NULL,
  `orderType` varchar(255) CHARACTER SET utf8mb4 COLLATE utf8mb4_unicode_ci DEFAULT NULL,
  `transId` varchar(255) CHARACTER SET utf8mb4 COLLATE utf8mb4_unicode_ci DEFAULT NULL,
  `resultCode` int DEFAULT NULL,
  `message` varchar(255) CHARACTER SET utf8mb4 COLLATE utf8mb4_unicode_ci DEFAULT NULL,
  `payType` varchar(255) CHARACTER SET utf8mb4 COLLATE utf8mb4_unicode_ci DEFAULT NULL,
  `responseTime` varchar(255) CHARACTER SET utf8mb4 COLLATE utf8mb4_unicode_ci DEFAULT NULL,
  `extraData` text CHARACTER SET utf8mb4 COLLATE utf8mb4_unicode_ci,
  `signature` varchar(255) CHARACTER SET utf8mb4 COLLATE utf8mb4_unicode_ci DEFAULT NULL,
  `status` varchar(255) CHARACTER SET utf8mb4 COLLATE utf8mb4_unicode_ci NOT NULL DEFAULT 'pending',
  `created_at` timestamp NULL DEFAULT NULL,
  `updated_at` timestamp NULL DEFAULT NULL,
  PRIMARY KEY (`id`)
) ENGINE=InnoDB DEFAULT CHARSET=utf8mb4 COLLATE=utf8mb4_unicode_ci;
/*!40101 SET character_set_client = @saved_cs_client */;

--
-- Dumping data for table `momo_transactions`
--

LOCK TABLES `momo_transactions` WRITE;
/*!40000 ALTER TABLE `momo_transactions` DISABLE KEYS */;
/*!40000 ALTER TABLE `momo_transactions` ENABLE KEYS */;
UNLOCK TABLES;

--
-- Table structure for table `notifications`
--

DROP TABLE IF EXISTS `notifications`;
/*!40101 SET @saved_cs_client     = @@character_set_client */;
/*!50503 SET character_set_client = utf8mb4 */;
CREATE TABLE `notifications` (
  `id` char(36) CHARACTER SET utf8mb4 COLLATE utf8mb4_unicode_ci NOT NULL,
  `type` varchar(255) CHARACTER SET utf8mb4 COLLATE utf8mb4_unicode_ci NOT NULL,
  `notifiable_type` varchar(255) CHARACTER SET utf8mb4 COLLATE utf8mb4_unicode_ci NOT NULL,
  `notifiable_id` bigint unsigned NOT NULL,
  `data` text CHARACTER SET utf8mb4 COLLATE utf8mb4_unicode_ci NOT NULL,
  `read_at` timestamp NULL DEFAULT NULL,
  `created_at` timestamp NULL DEFAULT NULL,
  `updated_at` timestamp NULL DEFAULT NULL,
  PRIMARY KEY (`id`),
  KEY `notifications_notifiable_type_notifiable_id_index` (`notifiable_type`,`notifiable_id`)
) ENGINE=InnoDB DEFAULT CHARSET=utf8mb4 COLLATE=utf8mb4_unicode_ci;
/*!40101 SET character_set_client = @saved_cs_client */;

--
-- Dumping data for table `notifications`
--

LOCK TABLES `notifications` WRITE;
/*!40000 ALTER TABLE `notifications` DISABLE KEYS */;
/*!40000 ALTER TABLE `notifications` ENABLE KEYS */;
UNLOCK TABLES;

--
-- Table structure for table `order_details`
--

DROP TABLE IF EXISTS `order_details`;
/*!40101 SET @saved_cs_client     = @@character_set_client */;
/*!50503 SET character_set_client = utf8mb4 */;
CREATE TABLE `order_details` (
  `id` bigint unsigned NOT NULL AUTO_INCREMENT,
  `order_id` bigint unsigned NOT NULL,
  `product_id` bigint unsigned NOT NULL,
  `variant_id` bigint unsigned DEFAULT NULL,
  `quantity` int NOT NULL,
  `price` decimal(15,2) NOT NULL,
  `total` decimal(15,2) NOT NULL,
  `status` varchar(255) CHARACTER SET utf8mb4 COLLATE utf8mb4_unicode_ci NOT NULL DEFAULT 'pending',
  `product_name` varchar(255) CHARACTER SET utf8mb4 COLLATE utf8mb4_unicode_ci DEFAULT NULL,
  `created_at` timestamp NULL DEFAULT NULL,
  `updated_at` timestamp NULL DEFAULT NULL,
  `deleted_at` timestamp NULL DEFAULT NULL,
  PRIMARY KEY (`id`),
  KEY `order_details_order_id_foreign` (`order_id`),
  KEY `order_details_product_id_foreign` (`product_id`),
  KEY `order_details_variant_id_foreign` (`variant_id`),
  CONSTRAINT `order_details_order_id_foreign` FOREIGN KEY (`order_id`) REFERENCES `orders` (`id`) ON DELETE CASCADE,
  CONSTRAINT `order_details_product_id_foreign` FOREIGN KEY (`product_id`) REFERENCES `products` (`id`) ON DELETE CASCADE,
  CONSTRAINT `order_details_variant_id_foreign` FOREIGN KEY (`variant_id`) REFERENCES `product_variants` (`id`) ON DELETE CASCADE
) ENGINE=InnoDB AUTO_INCREMENT=78 DEFAULT CHARSET=utf8mb4 COLLATE=utf8mb4_unicode_ci;
/*!40101 SET character_set_client = @saved_cs_client */;

--
-- Dumping data for table `order_details`
--

LOCK TABLES `order_details` WRITE;
/*!40000 ALTER TABLE `order_details` DISABLE KEYS */;
INSERT INTO `order_details` VALUES (37,36,712,1221,1,19000000.00,19000000.00,'pending','iPhone 16 128GB','2025-08-04 08:37:23','2025-08-04 08:37:23',NULL),(38,37,712,1221,1,19000000.00,19000000.00,'pending','iPhone 16 128GB','2025-08-04 08:38:07','2025-08-04 08:38:07',NULL),(39,38,712,1221,1,19000000.00,19000000.00,'pending','iPhone 16 128GB','2025-08-04 08:51:23','2025-08-04 08:51:23',NULL),(40,40,712,1221,1,20000000.00,20000000.00,'pending','iPhone 16 128GB','2025-08-04 09:07:45','2025-08-04 09:07:45',NULL),(41,41,712,1221,2,20000000.00,40000000.00,'pending','iPhone 16 128GB','2025-08-04 09:08:34','2025-08-04 09:08:34',NULL),(42,42,712,1221,3,20000000.00,60000000.00,'pending','iPhone 16 128GB','2025-08-04 09:11:21','2025-08-04 09:11:21',NULL),(43,43,712,1221,3,20000000.00,60000000.00,'pending','iPhone 16 128GB','2025-08-04 09:26:33','2025-08-04 09:26:33',NULL),(44,44,712,1221,1,19000000.00,19000000.00,'pending','iPhone 16 128GB','2025-08-04 09:29:08','2025-08-04 09:29:08',NULL),(45,45,712,1221,1,20000000.00,20000000.00,'pending','iPhone 16 128GB','2025-08-04 09:34:52','2025-08-04 09:34:52',NULL),(46,46,712,1221,1,19000000.00,19000000.00,'pending','iPhone 16 128GB','2025-08-04 09:43:28','2025-08-04 09:43:28',NULL),(47,47,712,1221,1,19000000.00,19000000.00,'pending','iPhone 16 128GB','2025-08-04 09:51:58','2025-08-04 09:51:58',NULL),(48,48,712,1221,1,19000000.00,19000000.00,'pending','iPhone 16 128GB','2025-08-04 16:09:48','2025-08-04 16:09:48',NULL),(49,49,712,1222,1,19000000.00,19000000.00,'pending','iPhone 16 128GB','2025-08-04 16:13:56','2025-08-04 16:13:56',NULL),(50,50,712,1221,1,19000000.00,19000000.00,'pending','iPhone 16 128GB','2025-08-04 16:17:12','2025-08-04 16:17:12',NULL),(51,51,712,1221,1,19000000.00,19000000.00,'pending','iPhone 16 128GB','2025-08-04 16:18:30','2025-08-04 16:18:30',NULL),(52,52,712,1221,1,19000000.00,19000000.00,'pending','iPhone 16 128GB','2025-08-04 16:22:14','2025-08-04 16:22:14',NULL),(53,53,712,1221,1,19000000.00,19000000.00,'pending','iPhone 16 128GB','2025-08-04 16:25:39','2025-08-04 16:25:39',NULL),(54,54,712,1222,1,19000000.00,19000000.00,'pending','iPhone 16 128GB','2025-08-04 16:29:01','2025-08-04 16:29:01',NULL),(55,55,712,1221,1,19000000.00,19000000.00,'pending','iPhone 16 128GB','2025-08-04 17:20:23','2025-08-04 17:20:23',NULL),(56,56,712,1221,1,19000000.00,19000000.00,'pending','iPhone 16 128GB','2025-08-04 17:29:12','2025-08-04 17:29:12',NULL),(57,57,712,1221,1,19000000.00,19000000.00,'pending','iPhone 16 128GB','2025-08-04 17:34:17','2025-08-04 17:34:17',NULL),(58,58,712,1224,1,125.47,125.47,'pending','iPhone 16 128GB','2025-08-04 19:04:37','2025-08-04 19:04:37',NULL),(59,59,712,1221,1,19000000.00,19000000.00,'pending','iPhone 16 128GB','2025-08-04 19:10:15','2025-08-04 19:10:15',NULL),(60,60,712,1221,1,19000000.00,19000000.00,'pending','iPhone 16 128GB','2025-08-04 19:24:05','2025-08-04 19:24:05',NULL),(61,61,712,1222,1,19000000.00,19000000.00,'pending','iPhone 16 128GB','2025-08-05 08:40:14','2025-08-05 08:40:14',NULL),(62,62,713,1225,1,20000.00,20000.00,'pending','Nguyễn Văn Cường','2025-08-05 09:18:52','2025-08-05 09:18:52',NULL),(63,63,713,1225,1,20000.00,20000.00,'pending','Nguyễn Văn Cường','2025-08-05 09:19:14','2025-08-05 09:19:14',NULL),(64,64,712,1221,1,19000000.00,19000000.00,'pending','iPhone 16 128GB','2025-08-05 12:32:22','2025-08-05 12:32:22',NULL),(65,65,712,1223,1,140.50,140.50,'pending','iPhone 16 128GB','2025-08-05 13:05:26','2025-08-05 13:05:26',NULL),(66,66,712,1223,1,140.50,140.50,'pending','iPhone 16 128GB','2025-08-15 18:58:36','2025-08-15 18:58:36',NULL),(67,67,712,1223,1,140.50,140.50,'pending','iPhone 16 128GB','2025-08-15 19:12:06','2025-08-15 19:12:06',NULL),(68,68,712,1222,1,19000000.00,19000000.00,'pending','iPhone 16 128GB','2025-08-15 20:28:22','2025-08-15 20:28:22',NULL),(69,69,714,1226,1,12999.00,12999.00,'pending','Nguyễn Văn Cường','2025-08-15 20:37:22','2025-08-15 20:37:22',NULL),(70,70,712,1223,1,140.50,140.50,'pending','iPhone 16 128GB','2025-08-15 20:42:42','2025-08-15 20:42:42',NULL),(71,71,712,1223,1,140.50,140.50,'pending','iPhone 16 128GB','2025-08-15 21:16:18','2025-08-15 21:16:18',NULL),(72,71,712,1222,1,19000000.00,19000000.00,'pending','iPhone 16 128GB','2025-08-15 21:16:18','2025-08-15 21:16:18',NULL),(73,72,712,1221,1,19000000.00,19000000.00,'pending','iPhone 16 128GB','2025-08-15 21:21:05','2025-08-15 21:21:05',NULL),(74,73,712,1221,1,19000000.00,19000000.00,'pending','iPhone 16 128GB','2025-08-15 21:35:27','2025-08-15 21:35:27',NULL),(75,74,712,1222,1,19000000.00,19000000.00,'pending','iPhone 16 128GB','2025-08-15 21:53:13','2025-08-15 21:53:13',NULL),(76,75,712,1222,1,19000000.00,19000000.00,'pending','iPhone 16 128GB','2025-08-15 23:01:14','2025-08-15 23:01:14',NULL),(77,76,712,1221,1,19000000.00,19000000.00,'pending','iPhone 16 128GB','2025-08-15 23:41:39','2025-08-15 23:41:39',NULL);
/*!40000 ALTER TABLE `order_details` ENABLE KEYS */;
UNLOCK TABLES;

--
-- Table structure for table `orders`
--

DROP TABLE IF EXISTS `orders`;
/*!40101 SET @saved_cs_client     = @@character_set_client */;
/*!50503 SET character_set_client = utf8mb4 */;
CREATE TABLE `orders` (
  `id` bigint unsigned NOT NULL AUTO_INCREMENT,
  `user_id` bigint unsigned NOT NULL,
  `code_order` varchar(255) CHARACTER SET utf8mb4 COLLATE utf8mb4_unicode_ci DEFAULT NULL,
  `receiver_name` varchar(255) CHARACTER SET utf8mb4 COLLATE utf8mb4_unicode_ci NOT NULL,
  `billing_city` varchar(255) CHARACTER SET utf8mb4 COLLATE utf8mb4_unicode_ci DEFAULT NULL,
  `billing_district` varchar(255) CHARACTER SET utf8mb4 COLLATE utf8mb4_unicode_ci DEFAULT NULL,
  `billing_ward` varchar(255) CHARACTER SET utf8mb4 COLLATE utf8mb4_unicode_ci DEFAULT NULL,
  `billing_address` varchar(255) CHARACTER SET utf8mb4 COLLATE utf8mb4_unicode_ci DEFAULT NULL,
  `phone` varchar(255) CHARACTER SET utf8mb4 COLLATE utf8mb4_unicode_ci NOT NULL,
  `description` varchar(255) CHARACTER SET utf8mb4 COLLATE utf8mb4_unicode_ci DEFAULT NULL,
  `total_amount` decimal(15,2) NOT NULL,
  `points_earned` int NOT NULL DEFAULT '0',
  `points_used` int NOT NULL DEFAULT '0',
  `point_voucher_code` varchar(255) CHARACTER SET utf8mb4 COLLATE utf8mb4_unicode_ci DEFAULT NULL,
  `payment_method` varchar(255) CHARACTER SET utf8mb4 COLLATE utf8mb4_unicode_ci NOT NULL,
  `status` enum('pending','processing','shipping','received','completed','cancelled') CHARACTER SET utf8mb4 COLLATE utf8mb4_unicode_ci DEFAULT 'pending',
  `is_received` tinyint(1) NOT NULL DEFAULT '0',
  `return_status` enum('none','requested','approved','rejected','completed') COLLATE utf8mb4_unicode_ci NOT NULL DEFAULT 'none',
  `return_reason` text COLLATE utf8mb4_unicode_ci,
  `return_description` text COLLATE utf8mb4_unicode_ci,
  `return_requested_at` timestamp NULL DEFAULT NULL,
  `return_processed_at` timestamp NULL DEFAULT NULL,
  `return_method` varchar(255) COLLATE utf8mb4_unicode_ci DEFAULT NULL,
  `return_amount` decimal(15,2) DEFAULT NULL,
  `admin_return_note` text COLLATE utf8mb4_unicode_ci,
  `return_video` varchar(255) COLLATE utf8mb4_unicode_ci DEFAULT NULL,
  `return_order_image` varchar(255) COLLATE utf8mb4_unicode_ci DEFAULT NULL,
  `return_product_image` varchar(255) COLLATE utf8mb4_unicode_ci DEFAULT NULL,
  `coupon_id` bigint unsigned DEFAULT NULL,
  `discount_amount` decimal(15,2) NOT NULL DEFAULT '0.00',
  `payment_status` enum('pending','paid','processing','completed','failed','refunded','cancelled') CHARACTER SET utf8mb4 COLLATE utf8mb4_unicode_ci NOT NULL DEFAULT 'pending',
  `cancellation_reason` text COLLATE utf8mb4_unicode_ci,
  `cancelled_at` timestamp NULL DEFAULT NULL,
  `created_at` timestamp NULL DEFAULT NULL,
  `updated_at` timestamp NULL DEFAULT NULL,
  `deleted_at` timestamp NULL DEFAULT NULL,
  PRIMARY KEY (`id`),
  KEY `orders_user_id_foreign` (`user_id`),
  KEY `orders_coupon_id_foreign` (`coupon_id`),
  CONSTRAINT `orders_coupon_id_foreign` FOREIGN KEY (`coupon_id`) REFERENCES `coupons` (`id`) ON DELETE SET NULL,
  CONSTRAINT `orders_user_id_foreign` FOREIGN KEY (`user_id`) REFERENCES `users` (`id`) ON DELETE CASCADE
) ENGINE=InnoDB AUTO_INCREMENT=77 DEFAULT CHARSET=utf8mb4 COLLATE=utf8mb4_unicode_ci;
/*!40101 SET character_set_client = @saved_cs_client */;

--
-- Dumping data for table `orders`
--

LOCK TABLES `orders` WRITE;
/*!40000 ALTER TABLE `orders` DISABLE KEYS */;
INSERT INTO `orders` VALUES (1,1,'WS17541736512080','Admin Winstar','Tỉnh Vĩnh Phúc','Thành phố Phúc Yên','Phường Nam Viêm','ffffff','0876414975',NULL,30138.48,3,0,NULL,'cod','completed',0,'none',NULL,NULL,NULL,NULL,NULL,NULL,NULL,NULL,NULL,NULL,NULL,0.00,'paid',NULL,NULL,'2025-08-02 22:27:31','2025-08-02 22:31:46',NULL),(2,1,'WS17541757585212','Admin Winstar','Tỉnh Bắc Giang','Huyện Lục Nam','Xã Yên Sơn','ffffff','0876414975',NULL,30140.80,18,0,NULL,'cod','completed',1,'none',NULL,NULL,NULL,NULL,NULL,NULL,NULL,NULL,NULL,NULL,NULL,0.00,'paid',NULL,NULL,'2025-08-02 23:02:38','2025-08-02 23:10:23',NULL),(3,1,'WS17541763757196','Admin Winstar','Tỉnh Hải Dương','Huyện Thanh Miện','Xã Chi Lăng Nam','ffffff','0876414975',NULL,30170.18,18,0,NULL,'cod','completed',1,'none',NULL,NULL,NULL,NULL,NULL,NULL,NULL,NULL,NULL,NULL,NULL,0.00,'paid',NULL,NULL,'2025-08-02 23:12:55','2025-08-02 23:20:15',NULL),(4,1,'WS17541769348153','Admin Winstar','Thành phố Hải Phòng','Huyện Vĩnh Bảo','Xã Tam Cường','ffffff','0876414975',NULL,30170.18,18,0,NULL,'cod','completed',1,'none',NULL,NULL,NULL,NULL,NULL,NULL,NULL,NULL,NULL,NULL,NULL,0.00,'paid',NULL,NULL,'2025-08-02 23:22:14','2025-08-02 23:22:41',NULL),(5,1,'WS17541772361871','Admin Winstar','Tỉnh Hưng Yên','Huyện Tiên Lữ','Xã Thiện Phiến','ffffff','0876414975',NULL,30187.47,18,0,NULL,'cod','completed',1,'none',NULL,NULL,NULL,NULL,NULL,NULL,NULL,NULL,NULL,NULL,NULL,0.00,'paid',NULL,NULL,'2025-08-02 23:27:16','2025-08-02 23:28:58',NULL),(6,1,'WS17541777877412','Admin Winstar','Thành phố Hà Nội','Quận Bắc Từ Liêm','Phường Cổ Nhuế 2','ffffff','0876414975',NULL,30138.48,0,0,NULL,'cod','pending',0,'none',NULL,NULL,NULL,NULL,NULL,NULL,NULL,NULL,NULL,NULL,NULL,0.00,'pending',NULL,NULL,'2025-08-02 23:36:27','2025-08-02 23:36:27',NULL),(7,14,'WS17542263293197','Nguyễn văn cường','Tỉnh Vĩnh Phúc','Huyện Yên Lạc','Xã Liên Châu','kbjghhbb','0789456124',NULL,30138.51,3,0,NULL,'cod','completed',1,'none',NULL,NULL,NULL,NULL,NULL,NULL,NULL,NULL,NULL,NULL,NULL,0.00,'paid',NULL,NULL,'2025-08-03 13:05:29','2025-08-03 13:06:49',NULL),(8,14,'WS17542276597931','Nguyễn văn cường','Tỉnh Vĩnh Phúc','Huyện Bình Xuyên','Xã Tân Phong','kbjghhbb','0789456124',NULL,30138.48,18,0,NULL,'cod','completed',1,'none',NULL,NULL,NULL,NULL,NULL,NULL,NULL,NULL,NULL,NULL,NULL,0.00,'paid',NULL,NULL,'2025-08-03 13:27:39','2025-08-03 13:29:03',NULL),(9,14,'WS17542279504022','Nguyễn văn cường','Tỉnh Bắc Ninh','Thị xã Thuận Thành','Phường Ninh Xá','kbjghhbb','0789456124',NULL,30327.47,18,0,NULL,'cod','completed',1,'none',NULL,NULL,NULL,NULL,NULL,NULL,NULL,NULL,NULL,NULL,NULL,0.00,'paid',NULL,NULL,'2025-08-03 13:32:30','2025-08-03 13:33:42',NULL),(10,14,'WS17542282572681','Nguyễn văn cường','Tỉnh Phú Thọ','Huyện Thanh Sơn','Xã Khả Cửu','ffff','0789456124',NULL,30151.93,18,0,NULL,'cod','completed',1,'none',NULL,NULL,NULL,NULL,NULL,NULL,NULL,NULL,NULL,NULL,NULL,0.00,'paid',NULL,NULL,'2025-08-03 13:37:37','2025-08-03 13:38:39',NULL),(36,22,'WS17542966434861','Test User','Hà Nội','Cầu Giấy','Dịch Vọng','123 Test Street','0123456789','Test order from debug page',19030000.00,0,0,NULL,'cod','processing',0,'none',NULL,NULL,NULL,NULL,NULL,NULL,NULL,NULL,NULL,NULL,NULL,0.00,'pending',NULL,NULL,'2025-08-04 08:37:23','2025-08-04 09:21:51',NULL),(37,22,'WS17542966877833','Titan Sa Mạc','Tỉnh Phú Thọ','Huyện Thanh Thuỷ','Xã Xuân Lộc','Sóhađínákdámkd, Xã Liên Châu, Huyện Yên Lạc, Tỉnh Vĩnh Phúc','0869557633',NULL,19030000.00,1903,0,NULL,'cod','completed',1,'none',NULL,NULL,NULL,NULL,NULL,NULL,NULL,NULL,NULL,NULL,NULL,0.00,'paid',NULL,NULL,'2025-08-04 08:38:07','2025-08-04 08:50:07',NULL),(38,22,'WS17542974838533','Titan Sa Mạc','Tỉnh Phú Thọ','Huyện Thanh Thuỷ','Xã Xuân Lộc','Sóhađínákdámkd, Xã Liên Châu, Huyện Yên Lạc, Tỉnh Vĩnh Phúc','0869557633',NULL,19030000.00,11418,0,NULL,'cod','completed',0,'none',NULL,NULL,NULL,NULL,NULL,NULL,NULL,NULL,NULL,NULL,NULL,0.00,'paid',NULL,NULL,'2025-08-04 08:51:23','2025-08-04 08:57:29',NULL),(39,1,'WS1754298439905','Admin Winstar','Hà Nội','Cầu Giấy','Dịch Vọng','123 Test Street','0911111111','Đơn hàng test được tạo bởi command',0.00,1,0,NULL,'cod','completed',0,'none',NULL,NULL,NULL,NULL,NULL,NULL,NULL,NULL,NULL,NULL,NULL,0.00,'paid',NULL,NULL,'2025-08-04 09:07:19','2025-08-04 09:23:20',NULL),(40,1,'WS1754298465306','Admin Winstar','Hà Nội','Cầu Giấy','Dịch Vọng','123 Test Street','0911111111','Đơn hàng test được tạo bởi command',20000000.00,12000,0,NULL,'cod','completed',0,'none',NULL,NULL,NULL,NULL,NULL,NULL,NULL,NULL,NULL,NULL,NULL,0.00,'paid',NULL,NULL,'2025-08-04 09:07:45','2025-08-04 09:21:08',NULL),(41,1,'WS1754298514857','Admin Winstar','Hà Nội','Cầu Giấy','Dịch Vọng','123 Test Street','0911111111','Đơn hàng test được tạo bởi command',40000000.00,24000,0,NULL,'cod','completed',1,'none',NULL,NULL,NULL,NULL,NULL,NULL,NULL,NULL,NULL,NULL,NULL,0.00,'paid',NULL,NULL,'2025-08-04 09:08:34','2025-08-04 09:10:19',NULL),(42,1,'WS1754298681869','Admin Winstar','Hà Nội','Cầu Giấy','Dịch Vọng','123 Test Street','0911111111','Đơn hàng test được tạo bởi command',60000000.00,36000,0,NULL,'cod','completed',1,'none',NULL,NULL,NULL,NULL,NULL,NULL,NULL,NULL,NULL,NULL,NULL,0.00,'paid',NULL,NULL,'2025-08-04 09:11:21','2025-08-04 09:12:22',NULL),(43,1,'WS1754299593113','Admin Winstar','Hà Nội','Cầu Giấy','Dịch Vọng','123 Test Street','0911111111','Đơn hàng test được tạo bởi command',60000000.00,36000,0,NULL,'cod','completed',0,'none',NULL,NULL,NULL,NULL,NULL,NULL,NULL,NULL,NULL,NULL,NULL,0.00,'paid',NULL,NULL,'2025-08-04 09:26:33','2025-08-04 09:27:41',NULL),(44,23,'WS17542997485861','Cường Nguyễn','Tỉnh Vĩnh Phúc','Huyện Bình Xuyên','Thị trấn Đạo Đức','kbjghhbb','0965925190',NULL,19030000.00,1903,0,NULL,'cod','shipping',0,'none',NULL,NULL,NULL,NULL,NULL,NULL,NULL,NULL,NULL,NULL,NULL,0.00,'pending',NULL,NULL,'2025-08-04 09:29:08','2025-08-04 09:36:24',NULL),(45,1,'WS1754300092450','Admin Winstar','Hà Nội','Cầu Giấy','Dịch Vọng','123 Test Street','0911111111','Đơn hàng test được tạo bởi command',20000000.00,0,0,NULL,'cod','shipping',0,'none',NULL,NULL,NULL,NULL,NULL,NULL,NULL,NULL,NULL,NULL,NULL,0.00,'pending',NULL,NULL,'2025-08-04 09:34:52','2025-08-04 09:34:52',NULL),(46,23,'WS17543006082972','Cường Nguyễn','Tỉnh Cao Bằng','Huyện Hà Quảng','Xã Lương Thông','kbjghhbb','0965925190',NULL,19030000.00,11418,0,NULL,'cod','completed',1,'none',NULL,NULL,NULL,NULL,NULL,NULL,NULL,NULL,NULL,NULL,NULL,0.00,'paid',NULL,NULL,'2025-08-04 09:43:28','2025-08-04 09:50:55',NULL),(47,23,'WS17543011182886','Cường Nguyễn','Tỉnh Bắc Kạn','Huyện Pác Nặm','Xã Công Bằng','kbjghhbb','0965925190',NULL,19030000.00,0,0,NULL,'cod','pending',0,'none',NULL,NULL,NULL,NULL,NULL,NULL,NULL,NULL,NULL,NULL,NULL,0.00,'pending',NULL,NULL,'2025-08-04 09:51:58','2025-08-04 09:51:58',NULL),(48,24,'WS17543237888494','Cường Nguyễn','Tỉnh Cao Bằng','Huyện Bảo Lâm','Xã Đức Hạnh','ssss','0789456124',NULL,19030000.00,11418,0,NULL,'cod','completed',1,'none',NULL,NULL,NULL,NULL,NULL,NULL,NULL,NULL,NULL,NULL,NULL,0.00,'paid',NULL,NULL,'2025-08-04 16:09:48','2025-08-04 16:49:20',NULL),(49,24,'WS17543240368052','Cường Nguyễn','Thành phố Hà Nội','Quận Tây Hồ','Phường Nhật Tân','ssss','0965925190',NULL,19030000.00,0,0,NULL,'cod','shipping',0,'none',NULL,NULL,NULL,NULL,NULL,NULL,NULL,NULL,NULL,NULL,NULL,0.00,'pending',NULL,NULL,'2025-08-04 16:13:56','2025-08-04 17:18:59',NULL),(50,24,'WS17543242323572','Cường Nguyễn','Tỉnh Vĩnh Phúc','Thành phố Phúc Yên','Phường Phúc Thắng','ssss','0965925190',NULL,19030000.00,0,0,NULL,'cod','processing',0,'none',NULL,NULL,NULL,NULL,NULL,NULL,NULL,NULL,NULL,NULL,NULL,0.00,'pending',NULL,NULL,'2025-08-04 16:17:12','2025-08-04 17:15:12',NULL),(51,24,'WS17543243105358','Cường Nguyễn','Tỉnh Bắc Giang','Huyện Yên Thế','Xã Xuân Lương','ssss','0965925190',NULL,19030000.00,11418,0,NULL,'cod','completed',0,'none',NULL,NULL,NULL,NULL,NULL,NULL,NULL,NULL,NULL,NULL,NULL,0.00,'paid',NULL,NULL,'2025-08-04 16:18:30','2025-08-04 17:10:46',NULL),(52,24,'WS17543245342108','Cường Nguyễn','Tỉnh Bắc Giang','Huyện Yên Thế','Xã Tam Tiến','ssss','0869555252',NULL,19030000.00,11418,0,NULL,'cod','completed',0,'none',NULL,NULL,NULL,NULL,NULL,NULL,NULL,NULL,NULL,NULL,NULL,0.00,'paid',NULL,NULL,'2025-08-04 16:22:14','2025-08-04 17:00:46',NULL),(53,24,'WS17543247399909','Cường Nguyễn','Tỉnh Cao Bằng','Huyện Bảo Lạc','Xã Sơn Lập','ssss','0789456124',NULL,19030000.00,11418,0,NULL,'cod','completed',0,'none',NULL,NULL,NULL,NULL,NULL,NULL,NULL,NULL,NULL,NULL,NULL,0.00,'paid',NULL,NULL,'2025-08-04 16:25:39','2025-08-04 16:42:50',NULL),(54,24,'WS17543249415169','Cường Nguyễn','Tỉnh Hà Giang','Huyện Mèo Vạc','Xã Pải Lủng','ssss','0123456789',NULL,19030000.00,1903,0,NULL,'cod','completed',1,'none',NULL,NULL,NULL,NULL,NULL,NULL,NULL,NULL,NULL,NULL,NULL,0.00,'paid',NULL,NULL,'2025-08-04 16:29:01','2025-08-04 16:52:48',NULL),(55,24,'WS17543280231232','Cường Nguyễn','Tỉnh Hải Dương','Huyện Ninh Giang','Xã Văn Hội','ssss','0965925190',NULL,19030000.00,0,0,NULL,'cod','pending',0,'none',NULL,NULL,NULL,NULL,NULL,NULL,NULL,NULL,NULL,NULL,NULL,0.00,'pending',NULL,NULL,'2025-08-04 17:20:23','2025-08-04 17:20:23',NULL),(56,24,'WS17543285529852','Cường Nguyễn','Tỉnh Bắc Ninh','Thành phố Từ Sơn','Phường Châu Khê','ffff','0965925190',NULL,19030000.00,0,0,NULL,'cod','pending',0,'none',NULL,NULL,NULL,NULL,NULL,NULL,NULL,NULL,NULL,NULL,NULL,0.00,'pending',NULL,NULL,'2025-08-04 17:29:12','2025-08-04 17:29:12',NULL),(57,24,'WS17543288571591','Cường Nguyễn','Tỉnh Bắc Ninh','Thị xã Thuận Thành','Phường Ninh Xá','Sóhađínákdámkd','0965925190',NULL,19030000.00,0,0,NULL,'cod','pending',0,'none',NULL,NULL,NULL,NULL,NULL,NULL,NULL,NULL,NULL,NULL,NULL,0.00,'pending',NULL,NULL,'2025-08-04 17:34:17','2025-08-04 17:34:17',NULL),(58,24,'WS17543342772314','Cường Nguyễn','Tỉnh Hải Dương','Huyện Ninh Giang','Xã Hiệp Lực','ssss','0965925190',NULL,30125.47,0,0,NULL,'cod','pending',0,'none',NULL,NULL,NULL,NULL,NULL,NULL,NULL,NULL,NULL,NULL,NULL,0.00,'pending',NULL,NULL,'2025-08-04 19:04:37','2025-08-04 19:04:37',NULL),(59,24,'WS17543346157772','Cường Nguyễn','Tỉnh Cao Bằng','Huyện Bảo Lạc','Xã Sơn Lập','kbjghhbb','0789456124',NULL,19030000.00,0,0,NULL,'cod','pending',0,'none',NULL,NULL,NULL,NULL,NULL,NULL,NULL,NULL,NULL,NULL,NULL,0.00,'pending',NULL,NULL,'2025-08-04 19:10:15','2025-08-04 19:10:15',NULL),(60,24,'WS17543354455671','Cường Nguyễn','Tỉnh Hải Dương','Huyện Gia Lộc','Xã Phạm Trấn','gì igf ig f','0965925190',NULL,19030000.00,0,0,NULL,'cod','pending',0,'none',NULL,NULL,NULL,NULL,NULL,NULL,NULL,NULL,NULL,NULL,NULL,0.00,'pending',NULL,NULL,'2025-08-04 19:24:05','2025-08-04 19:24:05',NULL),(61,9,'WS17543832148610','Test User 6','Tỉnh Bắc Ninh','Huyện Yên Phong','Xã Long Châu','Địa chỉ test 6','0944444446',NULL,19030000.00,0,0,NULL,'cod','pending',0,'none',NULL,NULL,NULL,NULL,NULL,NULL,NULL,NULL,NULL,NULL,NULL,0.00,'pending',NULL,NULL,'2025-08-05 08:40:14','2025-08-05 08:40:14',NULL),(62,9,'WS17543855329869','Test User 6','Tỉnh Lạng Sơn','Huyện Hữu Lũng','Xã Đồng Tiến','Địa chỉ test 6','0944444446',NULL,50000.00,0,0,NULL,'cod','pending',0,'none',NULL,NULL,NULL,NULL,NULL,NULL,NULL,NULL,NULL,NULL,NULL,0.00,'pending',NULL,NULL,'2025-08-05 09:18:52','2025-08-05 09:18:52',NULL),(63,22,'WS17543855549269','Titan Sa Mạc','Tỉnh Phú Thọ','Huyện Thanh Thuỷ','Xã Xuân Lộc','Sóhađínákdámkd, Xã Liên Châu, Huyện Yên Lạc, Tỉnh Vĩnh Phúc','0869557630',NULL,50000.00,0,0,NULL,'cod','pending',0,'none',NULL,NULL,NULL,NULL,NULL,NULL,NULL,NULL,NULL,NULL,NULL,0.00,'pending',NULL,NULL,'2025-08-05 09:19:14','2025-08-05 09:19:14',NULL),(64,1,'WS17543971425330','Admin Winstar','Tỉnh Phú Thọ','Huyện Tân Sơn','Xã Thu Ngạc','Hà Nội, Việt Nam','0911111111',NULL,19030000.00,0,0,NULL,'cod','pending',0,'none',NULL,NULL,NULL,NULL,NULL,NULL,NULL,NULL,NULL,NULL,NULL,0.00,'pending',NULL,NULL,'2025-08-05 12:32:22','2025-08-05 12:32:22',NULL),(65,1,'WS17543991266217','Admin Winstar','Tỉnh Cao Bằng','Huyện Bảo Lâm','Xã Thái Sơn','Hà Nội, Việt Nam','0911111111',NULL,30140.50,0,0,NULL,'cod','cancelled',0,'none',NULL,NULL,NULL,NULL,NULL,NULL,NULL,NULL,NULL,NULL,NULL,0.00,'cancelled',NULL,NULL,'2025-08-05 13:05:26','2025-08-15 18:50:45',NULL),(66,1,'WS17552843164171','Admin Winstar','Tỉnh Bắc Ninh','Huyện Gia Bình','Xã Đông Cứu','Hà Nội, Việt Nam','0911111111',NULL,30140.50,0,0,NULL,'cod','cancelled',0,'none',NULL,NULL,NULL,NULL,NULL,NULL,NULL,NULL,NULL,NULL,NULL,0.00,'cancelled','do 1 vài lí do gì đấy','2025-08-15 18:59:22','2025-08-15 18:58:36','2025-08-15 18:59:22',NULL),(67,1,'WS17552851269380','Admin Winstar','Tỉnh Vĩnh Phúc','Huyện Yên Lạc','Xã Hồng Châu','Hà Nội, Việt Nam','0911111111',NULL,30140.50,0,0,NULL,'cod','cancelled',0,'none',NULL,NULL,NULL,NULL,NULL,NULL,NULL,NULL,NULL,NULL,NULL,0.00,'pending',NULL,'2025-08-15 20:23:54','2025-08-15 19:12:06','2025-08-15 20:23:54',NULL),(68,1,'WS17552897025109','Admin Winstar','Thành phố Hà Nội','Quận Hoàn Kiếm','Phường Đồng Xuân','Hà Nội, Việt Nam','0911111111',NULL,19030000.00,11418,0,NULL,'cod','completed',1,'none',NULL,NULL,NULL,NULL,NULL,NULL,NULL,NULL,NULL,NULL,NULL,0.00,'paid',NULL,NULL,'2025-08-15 20:28:22','2025-08-15 20:36:32',NULL),(69,1,'WS17552902422506','Admin Winstar','Tỉnh Hà Giang','Thành phố Hà Giang','Phường Trần Phú','Hà Nội, Việt Nam','0911111111',NULL,42999.00,25,0,NULL,'cod','completed',1,'requested','Sản phẩm bị hư hỏng khi vận chuyển',NULL,'2025-08-15 22:54:11',NULL,'refund',NULL,NULL,'returns/videos/return_video_69_1755298451.mp4','returns/images/return_order_69_1755298451.png','returns/images/return_product_69_1755298451.png',NULL,0.00,'paid',NULL,NULL,'2025-08-15 20:37:22','2025-08-15 22:54:11',NULL),(70,1,'WS17552905626044','Admin Winstar','Tỉnh Lạng Sơn','Huyện Tràng Định','Xã Quốc Việt','Hà Nội, Việt Nam','0911111111',NULL,30140.50,0,0,NULL,'cod','received',0,'none',NULL,NULL,NULL,NULL,NULL,NULL,NULL,NULL,NULL,NULL,NULL,0.00,'pending',NULL,NULL,'2025-08-15 20:42:42','2025-08-15 21:14:30',NULL),(71,1,'WS17552925786582','Admin Winstar','Tỉnh Bắc Ninh','Huyện Yên Phong','Xã Văn Môn','Hà Nội, Việt Nam','0911111111',NULL,19030140.50,30448,0,NULL,'cod','completed',1,'none',NULL,NULL,NULL,NULL,NULL,NULL,NULL,NULL,NULL,NULL,NULL,0.00,'paid',NULL,NULL,'2025-08-15 21:16:18','2025-08-16 06:11:07',NULL),(72,1,'WS17552928656214','Admin Winstar','Tỉnh Bắc Ninh','Huyện Lương Tài','Xã Trung Chính','Hà Nội, Việt Nam','0911111111',NULL,19030000.00,0,0,NULL,'cod','received',0,'none',NULL,NULL,NULL,NULL,NULL,NULL,NULL,NULL,NULL,NULL,NULL,0.00,'pending',NULL,NULL,'2025-08-15 21:21:05','2025-08-15 21:32:03',NULL),(73,1,'WS17552937277273','Admin Winstar','Tỉnh Vĩnh Phúc','Huyện Bình Xuyên','Thị trấn Đạo Đức','Hà Nội, Việt Nam','0911111111',NULL,19030000.00,0,0,NULL,'cod','cancelled',0,'none',NULL,NULL,NULL,NULL,NULL,NULL,NULL,NULL,NULL,NULL,NULL,0.00,'pending','do 1 vài lí do của đơn hàng nên chúng tôi sẽ hủy','2025-08-15 21:45:18','2025-08-15 21:35:27','2025-08-15 21:45:18',NULL),(74,1,'WS17552947931989','Admin Winstar','Tỉnh Vĩnh Phúc','Huyện Vĩnh Tường','Xã Ngũ Kiên','Hà Nội, Việt Nam','0911111111',NULL,19030000.00,0,0,NULL,'cod','cancelled',0,'none',NULL,NULL,NULL,NULL,NULL,NULL,NULL,NULL,NULL,NULL,NULL,0.00,'pending','sdskdnskdnskdskd','2025-08-15 22:20:04','2025-08-15 21:53:13','2025-08-15 22:20:04',NULL),(75,1,'WS17552988746090','Admin Winstar','Tỉnh Hà Giang','Huyện Yên Minh','Xã Thắng Mố','Hà Nội, Việt Nam','0911111111',NULL,19030000.00,30448,0,NULL,'cod','completed',1,'approved','Sản phẩm không đúng mô tả',NULL,'2025-08-15 23:02:36','2025-08-15 23:07:15','points',190300000.00,NULL,'returns/videos/return_video_75_1755298956.mp4','returns/images/return_order_75_1755298956.png','returns/images/return_product_75_1755298956.png',NULL,0.00,'paid',NULL,NULL,'2025-08-15 23:01:14','2025-08-15 23:07:15',NULL),(76,1,'WS17553012991914','Admin Winstar','Tỉnh Phú Thọ','Huyện Lâm Thao','Xã Cao Xá','Hà Nội, Việt Nam','0911111111',NULL,19030000.00,30448,0,NULL,'cod','completed',1,'approved','Sản phẩm không đúng mô tả',NULL,'2025-08-15 23:43:04','2025-08-15 23:43:53','points',190300000.00,NULL,'returns/videos/return_video_76_1755301383.mp4','returns/images/return_order_76_1755301384.png','returns/images/return_product_76_1755301384.png',NULL,0.00,'paid',NULL,NULL,'2025-08-15 23:41:39','2025-08-15 23:43:53',NULL);
/*!40000 ALTER TABLE `orders` ENABLE KEYS */;
UNLOCK TABLES;

--
-- Table structure for table `payments`
--

DROP TABLE IF EXISTS `payments`;
/*!40101 SET @saved_cs_client     = @@character_set_client */;
/*!50503 SET character_set_client = utf8mb4 */;
CREATE TABLE `payments` (
  `id` bigint unsigned NOT NULL AUTO_INCREMENT,
  `order_id` bigint unsigned NOT NULL,
  `payment_date` date NOT NULL,
  `amount` decimal(10,2) NOT NULL,
  `method` varchar(255) CHARACTER SET utf8mb4 COLLATE utf8mb4_unicode_ci NOT NULL,
  `status` varchar(255) CHARACTER SET utf8mb4 COLLATE utf8mb4_unicode_ci NOT NULL DEFAULT 'pending',
  `created_at` timestamp NULL DEFAULT NULL,
  `updated_at` timestamp NULL DEFAULT NULL,
  PRIMARY KEY (`id`),
  KEY `payments_order_id_foreign` (`order_id`),
  CONSTRAINT `payments_order_id_foreign` FOREIGN KEY (`order_id`) REFERENCES `orders` (`id`) ON DELETE CASCADE
) ENGINE=InnoDB DEFAULT CHARSET=utf8mb4 COLLATE=utf8mb4_unicode_ci;
/*!40101 SET character_set_client = @saved_cs_client */;

--
-- Dumping data for table `payments`
--

LOCK TABLES `payments` WRITE;
/*!40000 ALTER TABLE `payments` DISABLE KEYS */;
/*!40000 ALTER TABLE `payments` ENABLE KEYS */;
UNLOCK TABLES;

--
-- Table structure for table `permissions`
--

DROP TABLE IF EXISTS `permissions`;
/*!40101 SET @saved_cs_client     = @@character_set_client */;
/*!50503 SET character_set_client = utf8mb4 */;
CREATE TABLE `permissions` (
  `id` bigint unsigned NOT NULL AUTO_INCREMENT,
  `name` varchar(255) CHARACTER SET utf8mb4 COLLATE utf8mb4_unicode_ci NOT NULL,
  `description` text CHARACTER SET utf8mb4 COLLATE utf8mb4_unicode_ci,
  `created_at` timestamp NULL DEFAULT NULL,
  `updated_at` timestamp NULL DEFAULT NULL,
  PRIMARY KEY (`id`)
) ENGINE=InnoDB AUTO_INCREMENT=35 DEFAULT CHARSET=utf8mb4 COLLATE=utf8mb4_unicode_ci;
/*!40101 SET character_set_client = @saved_cs_client */;

--
-- Dumping data for table `permissions`
--

LOCK TABLES `permissions` WRITE;
/*!40000 ALTER TABLE `permissions` DISABLE KEYS */;
INSERT INTO `permissions` VALUES (1,'user.view','Xem danh sách người dùng','2025-08-02 22:20:40','2025-08-02 22:20:40'),(2,'user.edit','Chỉnh sửa người dùng','2025-08-02 22:20:40','2025-08-02 22:20:40'),(3,'user.delete','Xóa người dùng','2025-08-02 22:20:40','2025-08-02 22:20:40'),(4,'user.manage_roles','Quản lý vai trò người dùng','2025-08-02 22:20:40','2025-08-02 22:20:40'),(5,'role.view','Xem danh sách vai trò','2025-08-02 22:20:40','2025-08-02 22:20:40'),(6,'role.create','Tạo mới vai trò','2025-08-02 22:20:40','2025-08-02 22:20:40'),(7,'role.edit','Chỉnh sửa vai trò','2025-08-02 22:20:40','2025-08-02 22:20:40'),(8,'role.delete','Xóa vai trò','2025-08-02 22:20:40','2025-08-02 22:20:40'),(9,'role.manage_permissions','Quản lý quyền của vai trò','2025-08-02 22:20:40','2025-08-02 22:20:40'),(10,'permission.view','Xem danh sách quyền','2025-08-02 22:20:40','2025-08-02 22:20:40'),(11,'permission.create','Tạo mới quyền','2025-08-02 22:20:40','2025-08-02 22:20:40'),(12,'permission.edit','Chỉnh sửa quyền','2025-08-02 22:20:40','2025-08-02 22:20:40'),(13,'permission.delete','Xóa quyền','2025-08-02 22:20:40','2025-08-02 22:20:40'),(14,'category.view','Xem danh sách danh mục','2025-08-02 22:20:40','2025-08-02 22:20:40'),(15,'category.create','Tạo mới danh mục','2025-08-02 22:20:40','2025-08-02 22:20:40'),(16,'category.edit','Chỉnh sửa danh mục','2025-08-02 22:20:40','2025-08-02 22:20:40'),(17,'category.delete','Xóa danh mục','2025-08-02 22:20:40','2025-08-02 22:20:40'),(18,'product.view','Xem danh sách sản phẩm','2025-08-02 22:20:40','2025-08-02 22:20:40'),(19,'product.create','Tạo mới sản phẩm','2025-08-02 22:20:40','2025-08-02 22:20:40'),(20,'product.edit','Chỉnh sửa sản phẩm','2025-08-02 22:20:40','2025-08-02 22:20:40'),(21,'product.delete','Xóa sản phẩm','2025-08-02 22:20:40','2025-08-02 22:20:40'),(22,'order.view','Xem danh sách đơn hàng','2025-08-02 22:20:40','2025-08-02 22:20:40'),(23,'order.create','Tạo mới đơn hàng','2025-08-02 22:20:40','2025-08-02 22:20:40'),(24,'order.edit','Chỉnh sửa đơn hàng','2025-08-02 22:20:40','2025-08-02 22:20:40'),(25,'order.delete','Xóa đơn hàng','2025-08-02 22:20:40','2025-08-02 22:20:40'),(26,'order.process','Xử lý đơn hàng','2025-08-02 22:20:40','2025-08-02 22:20:40'),(27,'review.view','Xem danh sách đánh giá','2025-08-02 22:20:40','2025-08-02 22:20:40'),(28,'review.moderate','Kiểm duyệt đánh giá','2025-08-02 22:20:40','2025-08-02 22:20:40'),(29,'review.delete','Xóa đánh giá','2025-08-02 22:20:40','2025-08-02 22:20:40'),(30,'dashboard.view','Xem dashboard admin','2025-08-02 22:20:40','2025-08-02 22:20:40'),(31,'report.view','Xem báo cáo','2025-08-02 22:20:40','2025-08-02 22:20:40'),(32,'report.export','Xuất báo cáo','2025-08-02 22:20:40','2025-08-02 22:20:40'),(33,'setting.view','Xem cài đặt hệ thống','2025-08-02 22:20:40','2025-08-02 22:20:40'),(34,'setting.edit','Chỉnh sửa cài đặt hệ thống','2025-08-02 22:20:40','2025-08-02 22:20:40');
/*!40000 ALTER TABLE `permissions` ENABLE KEYS */;
UNLOCK TABLES;

--
-- Table structure for table `personal_access_tokens`
--

DROP TABLE IF EXISTS `personal_access_tokens`;
/*!40101 SET @saved_cs_client     = @@character_set_client */;
/*!50503 SET character_set_client = utf8mb4 */;
CREATE TABLE `personal_access_tokens` (
  `id` bigint unsigned NOT NULL AUTO_INCREMENT,
  `tokenable_type` varchar(255) CHARACTER SET utf8mb4 COLLATE utf8mb4_unicode_ci NOT NULL,
  `tokenable_id` bigint unsigned NOT NULL,
  `name` varchar(255) CHARACTER SET utf8mb4 COLLATE utf8mb4_unicode_ci NOT NULL,
  `token` varchar(64) CHARACTER SET utf8mb4 COLLATE utf8mb4_unicode_ci NOT NULL,
  `abilities` text CHARACTER SET utf8mb4 COLLATE utf8mb4_unicode_ci,
  `last_used_at` timestamp NULL DEFAULT NULL,
  `expires_at` timestamp NULL DEFAULT NULL,
  `created_at` timestamp NULL DEFAULT NULL,
  `updated_at` timestamp NULL DEFAULT NULL,
  PRIMARY KEY (`id`),
  UNIQUE KEY `personal_access_tokens_token_unique` (`token`),
  KEY `personal_access_tokens_tokenable_type_tokenable_id_index` (`tokenable_type`,`tokenable_id`)
) ENGINE=InnoDB DEFAULT CHARSET=utf8mb4 COLLATE=utf8mb4_unicode_ci;
/*!40101 SET character_set_client = @saved_cs_client */;

--
-- Dumping data for table `personal_access_tokens`
--

LOCK TABLES `personal_access_tokens` WRITE;
/*!40000 ALTER TABLE `personal_access_tokens` DISABLE KEYS */;
/*!40000 ALTER TABLE `personal_access_tokens` ENABLE KEYS */;
UNLOCK TABLES;

--
-- Table structure for table `point_transactions`
--

DROP TABLE IF EXISTS `point_transactions`;
/*!40101 SET @saved_cs_client     = @@character_set_client */;
/*!50503 SET character_set_client = utf8mb4 */;
CREATE TABLE `point_transactions` (
  `id` bigint unsigned NOT NULL AUTO_INCREMENT,
  `user_id` bigint unsigned NOT NULL,
  `type` varchar(255) CHARACTER SET utf8mb4 COLLATE utf8mb4_unicode_ci NOT NULL,
  `points` int NOT NULL,
  `description` varchar(255) CHARACTER SET utf8mb4 COLLATE utf8mb4_unicode_ci NOT NULL,
  `reference_type` varchar(255) CHARACTER SET utf8mb4 COLLATE utf8mb4_unicode_ci DEFAULT NULL,
  `reference_id` bigint unsigned DEFAULT NULL,
  `expiry_date` date DEFAULT NULL,
  `is_expired` tinyint(1) NOT NULL DEFAULT '0',
  `created_at` timestamp NULL DEFAULT NULL,
  `updated_at` timestamp NULL DEFAULT NULL,
  PRIMARY KEY (`id`),
  KEY `point_transactions_user_id_type_index` (`user_id`,`type`),
  KEY `point_transactions_reference_type_reference_id_index` (`reference_type`,`reference_id`),
  KEY `point_transactions_expiry_date_index` (`expiry_date`),
  CONSTRAINT `point_transactions_user_id_foreign` FOREIGN KEY (`user_id`) REFERENCES `users` (`id`) ON DELETE CASCADE
) ENGINE=InnoDB AUTO_INCREMENT=34 DEFAULT CHARSET=utf8mb4 COLLATE=utf8mb4_unicode_ci;
/*!40101 SET character_set_client = @saved_cs_client */;

--
-- Dumping data for table `point_transactions`
--

LOCK TABLES `point_transactions` WRITE;
/*!40000 ALTER TABLE `point_transactions` DISABLE KEYS */;
INSERT INTO `point_transactions` VALUES (1,1,'earn',3,'Tích điểm từ đơn hàng #WS17541736512080','order',1,'2026-08-03',0,'2025-08-02 22:31:46','2025-08-02 22:31:46'),(2,1,'earn',18,'Tích điểm từ đơn hàng #WS17541757585212','order',2,'2026-08-03',0,'2025-08-02 23:10:23','2025-08-02 23:10:23'),(3,1,'earn',18,'Tích điểm từ đơn hàng #WS17541763757196','order',3,'2026-08-03',0,'2025-08-02 23:20:15','2025-08-02 23:20:15'),(4,1,'earn',18,'Tích điểm từ đơn hàng #WS17541769348153','order',4,'2026-08-03',0,'2025-08-02 23:22:41','2025-08-02 23:22:41'),(5,1,'earn',18,'Tích điểm từ đơn hàng #WS17541772361871','order',5,'2026-08-03',0,'2025-08-02 23:28:58','2025-08-02 23:28:58'),(6,14,'earn',3,'Tích điểm từ đơn hàng #WS17542263293197','order',7,'2026-08-03',0,'2025-08-03 13:06:49','2025-08-03 13:06:49'),(7,14,'earn',18,'Tích điểm từ đơn hàng #WS17542276597931','order',8,'2026-08-03',0,'2025-08-03 13:29:03','2025-08-03 13:29:03'),(8,14,'earn',18,'Tích điểm từ đơn hàng #WS17542279504022','order',9,'2026-08-03',0,'2025-08-03 13:33:42','2025-08-03 13:33:42'),(9,14,'earn',18,'Tích điểm từ đơn hàng #WS17542282572681','order',10,'2026-08-03',0,'2025-08-03 13:38:39','2025-08-03 13:38:39'),(11,22,'earn',1903,'Tích điểm từ đơn hàng #WS17542966877833','order',37,'2026-08-04',0,'2025-08-04 08:50:07','2025-08-04 08:50:07'),(12,22,'earn',11418,'Tích điểm từ đơn hàng #WS17542974838533','order',38,'2026-08-04',0,'2025-08-04 08:57:29','2025-08-04 08:57:29'),(13,1,'earn',12000,'Tích điểm từ đơn hàng #WS1754298465306','order',40,'2026-08-04',0,'2025-08-04 09:08:21','2025-08-04 09:08:21'),(14,1,'earn',24000,'Tích điểm từ đơn hàng #WS1754298514857','order',41,'2026-08-04',0,'2025-08-04 09:10:19','2025-08-04 09:10:19'),(15,1,'earn',36000,'Tích điểm từ đơn hàng #WS1754298681869','order',42,'2026-08-04',0,'2025-08-04 09:12:22','2025-08-04 09:12:22'),(16,1,'earn',1,'Tích điểm từ đơn hàng #WS1754298439905','order',39,'2026-08-04',0,'2025-08-04 09:23:20','2025-08-04 09:23:20'),(17,1,'earn',36000,'Tích điểm từ đơn hàng #WS1754299593113','order',43,'2026-08-04',0,'2025-08-04 09:27:41','2025-08-04 09:27:41'),(18,23,'earn',1903,'Tích điểm từ đơn hàng #WS17542997485861','order',44,'2026-08-04',0,'2025-08-04 09:29:22','2025-08-04 09:29:22'),(19,23,'earn',11418,'Tích điểm từ đơn hàng #WS17543006082972','order',46,'2026-08-04',0,'2025-08-04 09:50:55','2025-08-04 09:50:55'),(20,24,'earn',1903,'Tích điểm từ đơn hàng #WS17543249415169','order',54,'2026-08-04',0,'2025-08-04 16:34:02','2025-08-04 16:34:02'),(21,24,'earn',11418,'Tích điểm từ đơn hàng #WS17543247399909','order',53,'2026-08-04',0,'2025-08-04 16:42:50','2025-08-04 16:42:50'),(22,24,'earn',11418,'Tích điểm từ đơn hàng #WS17543237888494','order',48,'2026-08-04',0,'2025-08-04 16:49:20','2025-08-04 16:49:20'),(23,24,'earn',11418,'Tích điểm từ đơn hàng #WS17543245342108','order',52,'2026-08-05',0,'2025-08-04 17:00:46','2025-08-04 17:00:46'),(24,24,'earn',11418,'Tích điểm từ đơn hàng #WS17543243105358','order',51,'2026-08-05',0,'2025-08-04 17:10:46','2025-08-04 17:10:46'),(25,1,'earn',3,'Điểm danh ngày 05/08/2025 - Làm việc 0.32 giờ','attendance',338,'2026-08-05',0,'2025-08-05 03:09:05','2025-08-05 03:09:05'),(26,22,'earn',125,'Điểm danh ngày 05/08/2025 - Làm việc 11.12 giờ','attendance',300,'2026-08-05',0,'2025-08-05 03:28:33','2025-08-05 03:28:33'),(27,1,'earn',11418,'Tích điểm từ đơn hàng #WS17552897025109','order',68,'2026-08-16',0,'2025-08-15 20:36:32','2025-08-15 20:36:32'),(28,1,'earn',25,'Tích điểm từ đơn hàng #WS17552902422506','order',69,'2026-08-16',0,'2025-08-15 20:39:32','2025-08-15 20:39:32'),(29,1,'earn',30448,'Tích điểm từ đơn hàng #WS17552925786582','order',71,'2026-08-16',0,'2025-08-15 21:48:31','2025-08-15 21:48:31'),(30,1,'earn',30448,'Tích điểm từ đơn hàng #WS17552988746090','order',75,'2026-08-16',0,'2025-08-15 23:01:52','2025-08-15 23:01:52'),(31,1,'earn',5,'Điểm danh ngày 16/08/2025 - Làm việc 0 giờ','attendance',339,'2026-08-16',0,'2025-08-15 23:40:48','2025-08-15 23:40:48'),(32,1,'earn',30448,'Tích điểm từ đơn hàng #WS17553012991914','order',76,'2026-08-16',0,'2025-08-15 23:42:25','2025-08-15 23:42:25'),(33,1,'earned',190300000,'Điểm hoàn từ yêu cầu đổi hoàn hàng đơn hàng #76',NULL,NULL,NULL,0,'2025-08-15 23:43:53','2025-08-15 23:43:53');
/*!40000 ALTER TABLE `point_transactions` ENABLE KEYS */;
UNLOCK TABLES;

--
-- Table structure for table `point_vouchers`
--

DROP TABLE IF EXISTS `point_vouchers`;
/*!40101 SET @saved_cs_client     = @@character_set_client */;
/*!50503 SET character_set_client = utf8mb4 */;
CREATE TABLE `point_vouchers` (
  `id` bigint unsigned NOT NULL AUTO_INCREMENT,
  `name` varchar(255) CHARACTER SET utf8mb4 COLLATE utf8mb4_unicode_ci NOT NULL,
  `description` text CHARACTER SET utf8mb4 COLLATE utf8mb4_unicode_ci,
  `points_required` int NOT NULL,
  `discount_value` decimal(10,2) NOT NULL,
  `discount_type` enum('percentage','fixed') CHARACTER SET utf8mb4 COLLATE utf8mb4_unicode_ci NOT NULL,
  `min_order_value` decimal(10,2) NOT NULL DEFAULT '0.00',
  `max_usage` int DEFAULT NULL,
  `current_usage` int NOT NULL DEFAULT '0',
  `start_date` date DEFAULT NULL,
  `end_date` date DEFAULT NULL,
  `is_active` tinyint(1) NOT NULL DEFAULT '1',
  `created_at` timestamp NULL DEFAULT NULL,
  `updated_at` timestamp NULL DEFAULT NULL,
  PRIMARY KEY (`id`)
) ENGINE=InnoDB DEFAULT CHARSET=utf8mb4 COLLATE=utf8mb4_unicode_ci;
/*!40101 SET character_set_client = @saved_cs_client */;

--
-- Dumping data for table `point_vouchers`
--

LOCK TABLES `point_vouchers` WRITE;
/*!40000 ALTER TABLE `point_vouchers` DISABLE KEYS */;
/*!40000 ALTER TABLE `point_vouchers` ENABLE KEYS */;
UNLOCK TABLES;

--
-- Table structure for table `points`
--

DROP TABLE IF EXISTS `points`;
/*!40101 SET @saved_cs_client     = @@character_set_client */;
/*!50503 SET character_set_client = utf8mb4 */;
CREATE TABLE `points` (
  `id` bigint unsigned NOT NULL AUTO_INCREMENT,
  `user_id` bigint unsigned NOT NULL,
  `total_points` int NOT NULL DEFAULT '0',
  `earned_points` int NOT NULL DEFAULT '0',
  `used_points` int NOT NULL DEFAULT '0',
  `expired_points` int NOT NULL DEFAULT '0',
  `vip_level` varchar(255) CHARACTER SET utf8mb4 COLLATE utf8mb4_unicode_ci NOT NULL DEFAULT 'Bronze',
  `created_at` timestamp NULL DEFAULT NULL,
  `updated_at` timestamp NULL DEFAULT NULL,
  PRIMARY KEY (`id`),
  UNIQUE KEY `points_user_id_unique` (`user_id`),
  CONSTRAINT `points_user_id_foreign` FOREIGN KEY (`user_id`) REFERENCES `users` (`id`) ON DELETE CASCADE
) ENGINE=InnoDB AUTO_INCREMENT=7 DEFAULT CHARSET=utf8mb4 COLLATE=utf8mb4_unicode_ci;
/*!40101 SET character_set_client = @saved_cs_client */;

--
-- Dumping data for table `points`
--

LOCK TABLES `points` WRITE;
/*!40000 ALTER TABLE `points` DISABLE KEYS */;
INSERT INTO `points` VALUES (1,1,190510871,210871,0,0,'Diamond','2025-08-02 22:31:46','2025-08-15 23:43:53'),(2,14,57,57,0,0,'Bronze','2025-08-03 13:06:49','2025-08-03 13:38:39'),(4,22,13446,13446,0,0,'Diamond','2025-08-04 08:50:07','2025-08-15 20:49:07'),(5,23,13321,13321,0,0,'Diamond','2025-08-04 09:29:22','2025-08-15 20:49:07'),(6,24,47575,47575,0,0,'Diamond','2025-08-04 16:34:02','2025-08-15 20:49:07');
/*!40000 ALTER TABLE `points` ENABLE KEYS */;
UNLOCK TABLES;

--
-- Table structure for table `posts`
--

DROP TABLE IF EXISTS `posts`;
/*!40101 SET @saved_cs_client     = @@character_set_client */;
/*!50503 SET character_set_client = utf8mb4 */;
CREATE TABLE `posts` (
  `id` bigint unsigned NOT NULL AUTO_INCREMENT,
  `author_id` bigint unsigned NOT NULL,
  `title` varchar(255) CHARACTER SET utf8mb4 COLLATE utf8mb4_unicode_ci NOT NULL,
  `content` text CHARACTER SET utf8mb4 COLLATE utf8mb4_unicode_ci NOT NULL,
  `view` varchar(255) CHARACTER SET utf8mb4 COLLATE utf8mb4_unicode_ci DEFAULT NULL,
  `image` varchar(255) CHARACTER SET utf8mb4 COLLATE utf8mb4_unicode_ci DEFAULT NULL,
  `status` enum('draft','published') CHARACTER SET utf8mb4 COLLATE utf8mb4_unicode_ci NOT NULL DEFAULT 'draft',
  `published_at` datetime DEFAULT NULL,
  `created_at` timestamp NULL DEFAULT NULL,
  `updated_at` timestamp NULL DEFAULT NULL,
  PRIMARY KEY (`id`),
  KEY `posts_author_id_foreign` (`author_id`),
  CONSTRAINT `posts_author_id_foreign` FOREIGN KEY (`author_id`) REFERENCES `authors` (`id`) ON DELETE CASCADE
) ENGINE=InnoDB AUTO_INCREMENT=11 DEFAULT CHARSET=utf8mb4 COLLATE=utf8mb4_unicode_ci;
/*!40101 SET character_set_client = @saved_cs_client */;

--
-- Dumping data for table `posts`
--

LOCK TABLES `posts` WRITE;
/*!40000 ALTER TABLE `posts` DISABLE KEYS */;
INSERT INTO `posts` VALUES (1,1,'Quod rerum amet aspernatur provident vel non nihil.','Ut aut voluptas sequi perspiciatis. Adipisci aut officia animi dolorem eum perferendis fugiat. Pariatur ea molestiae consequuntur delectus adipisci et sint. Autem aut et dignissimos repudiandae ab.',NULL,'https://via.placeholder.com/640x480.png/0077dd?text=mollitia','draft','1984-05-29 15:25:19','2025-08-02 22:20:43','2025-08-02 22:20:43'),(2,5,'Quidem officiis totam incidunt blanditiis dicta dolorem eveniet.','Libero voluptas quos asperiores doloremque itaque praesentium. Officiis sapiente autem molestiae iure mollitia et. Earum reprehenderit rerum voluptatibus placeat deserunt nihil voluptatem. Eligendi dolor est rem a.',NULL,'https://via.placeholder.com/640x480.png/003344?text=eligendi','draft','2010-05-01 04:57:23','2025-08-02 22:20:43','2025-08-02 22:20:43'),(3,1,'Rem aspernatur maxime voluptatibus amet et ab rem.','Distinctio fuga fugit et eos incidunt rerum officiis est. Sequi voluptatum sequi nihil labore. Placeat porro labore quae aut ea libero asperiores.',NULL,'https://via.placeholder.com/640x480.png/00cc55?text=consequatur','published','2011-01-23 21:37:25','2025-08-02 22:20:43','2025-08-02 22:20:43'),(4,2,'Voluptatibus qui aut voluptatem praesentium omnis.','Illo labore aut perspiciatis. Aut id molestias dolorem. Rerum dolorem incidunt repellendus facilis.',NULL,'https://via.placeholder.com/640x480.png/003355?text=est','draft','2005-01-18 00:49:41','2025-08-02 22:20:43','2025-08-02 22:20:43'),(5,2,'Consectetur atque assumenda aut sed.','Facere quae doloremque sunt eveniet. Voluptatem est ipsam tempore consequatur possimus. Ea sunt totam ut minima. Consequatur fugit ipsam laudantium in.',NULL,'https://via.placeholder.com/640x480.png/003300?text=laboriosam','published','2016-10-13 19:51:01','2025-08-02 22:20:43','2025-08-02 22:20:43'),(6,4,'Error quia voluptas itaque soluta aperiam perferendis qui eaque.','Sint quae impedit commodi illum ab tenetur eius neque. Voluptas non odit veniam et numquam doloremque. Sit a nisi molestiae architecto repellendus. Nam dolores debitis cum non aut sit quis.',NULL,'https://via.placeholder.com/640x480.png/002299?text=provident','draft','2017-09-08 08:31:42','2025-08-02 22:20:43','2025-08-02 22:20:43'),(7,1,'Occaecati cupiditate nulla dolores ipsum.','Alias perferendis sed veniam aut quos eaque. Enim voluptas suscipit et et omnis. Dolor cum rem repellat error ex in. Architecto pariatur sed quae assumenda reiciendis minima illo. Est soluta laudantium veritatis aut.',NULL,'https://via.placeholder.com/640x480.png/006688?text=ut','published','2008-04-21 10:52:08','2025-08-02 22:20:43','2025-08-02 22:20:43'),(8,2,'Aliquam aut quia qui sint accusamus sint animi quis.','Repellat eum et et similique nulla rerum ipsum. Maxime ea quia quasi commodi a maxime nesciunt quibusdam. Est delectus sunt laboriosam et quasi eum voluptatem. Ut rerum nobis animi aut ipsum.',NULL,'https://via.placeholder.com/640x480.png/0077dd?text=totam','draft','2015-11-07 10:36:26','2025-08-02 22:20:43','2025-08-02 22:20:43'),(9,1,'Corrupti error dignissimos quia magnam minima ut vitae.','Tempore iure sapiente maxime voluptatum. Ducimus id consequatur quae sed. Repellendus illum sint et architecto eveniet.',NULL,'https://via.placeholder.com/640x480.png/00bbaa?text=nihil','draft','1982-12-18 08:23:25','2025-08-02 22:20:43','2025-08-02 22:20:43'),(10,1,'Doloribus eos id nihil est et officia alias.','Sapiente esse iure beatae quisquam ab. Blanditiis sunt ipsam voluptate.',NULL,'https://via.placeholder.com/640x480.png/005544?text=consequatur','published','1979-02-27 18:26:29','2025-08-02 22:20:43','2025-08-02 22:20:43');
/*!40000 ALTER TABLE `posts` ENABLE KEYS */;
UNLOCK TABLES;

--
-- Table structure for table `product_variants`
--

DROP TABLE IF EXISTS `product_variants`;
/*!40101 SET @saved_cs_client     = @@character_set_client */;
/*!50503 SET character_set_client = utf8mb4 */;
CREATE TABLE `product_variants` (
  `id` bigint unsigned NOT NULL AUTO_INCREMENT,
  `product_id` bigint unsigned NOT NULL,
  `image_variant` text CHARACTER SET utf8mb4 COLLATE utf8mb4_unicode_ci NOT NULL,
  `price` decimal(15,2) DEFAULT NULL,
  `promotion_price` decimal(15,2) DEFAULT NULL,
  `stock_quantity` int NOT NULL,
  `color_id` bigint unsigned DEFAULT NULL,
  `storage_id` bigint unsigned DEFAULT NULL,
  `created_at` timestamp NULL DEFAULT NULL,
  `updated_at` timestamp NULL DEFAULT NULL,
  `deleted_at` timestamp NULL DEFAULT NULL,
  PRIMARY KEY (`id`),
  KEY `product_variants_product_id_foreign` (`product_id`),
  KEY `product_variants_color_id_foreign` (`color_id`),
  KEY `product_variants_storage_id_foreign` (`storage_id`),
  CONSTRAINT `product_variants_color_id_foreign` FOREIGN KEY (`color_id`) REFERENCES `colors` (`id`) ON DELETE SET NULL,
  CONSTRAINT `product_variants_product_id_foreign` FOREIGN KEY (`product_id`) REFERENCES `products` (`id`) ON DELETE CASCADE,
  CONSTRAINT `product_variants_storage_id_foreign` FOREIGN KEY (`storage_id`) REFERENCES `storages` (`id`) ON DELETE SET NULL
) ENGINE=InnoDB AUTO_INCREMENT=1227 DEFAULT CHARSET=utf8mb4 COLLATE=utf8mb4_unicode_ci;
/*!40101 SET character_set_client = @saved_cs_client */;

--
-- Dumping data for table `product_variants`
--

LOCK TABLES `product_variants` WRITE;
/*!40000 ALTER TABLE `product_variants` DISABLE KEYS */;
INSERT INTO `product_variants` VALUES (19,10,'[\"https:\\/\\/via.placeholder.com\\/640x480.png\\/00aa55?text=tech+accusantium\",\"https:\\/\\/via.placeholder.com\\/640x480.png\\/007799?text=tech+itaque\"]',605.89,178.47,7,NULL,NULL,'2025-08-02 22:20:40','2025-08-05 03:19:53',NULL),(20,10,'[\"https:\\/\\/via.placeholder.com\\/640x480.png\\/00ee99?text=tech+quibusdam\",\"https:\\/\\/via.placeholder.com\\/640x480.png\\/009955?text=tech+id\"]',242.80,157.21,87,NULL,NULL,'2025-08-02 22:20:40','2025-08-05 03:19:48',NULL),(349,494,'[\"https:\\/\\/images.unsplash.com\\/photo-1511707171634-5f897ff02aa9?w=400&h=600&fit=crop&v=1\",\"https:\\/\\/images.unsplash.com\\/photo-1511707171634-5f897ff02aa9?w=400&h=600&fit=crop&v=2\",\"https:\\/\\/images.unsplash.com\\/photo-1511707171634-5f897ff02aa9?w=400&h=600&fit=crop&v=3\",\"https:\\/\\/images.unsplash.com\\/photo-1511707171634-5f897ff02aa9?w=400&h=600&fit=crop&v=4\"]',16402843.00,NULL,42,NULL,NULL,'2025-08-03 16:44:49','2025-08-05 03:19:45',NULL),(350,494,'[\"https:\\/\\/images.unsplash.com\\/photo-1511707171634-5f897ff02aa9?w=400&h=600&fit=crop&v=1\",\"https:\\/\\/images.unsplash.com\\/photo-1511707171634-5f897ff02aa9?w=400&h=600&fit=crop&v=2\",\"https:\\/\\/images.unsplash.com\\/photo-1511707171634-5f897ff02aa9?w=400&h=600&fit=crop&v=3\",\"https:\\/\\/images.unsplash.com\\/photo-1511707171634-5f897ff02aa9?w=400&h=600&fit=crop&v=4\"]',16943836.00,NULL,42,NULL,NULL,'2025-08-03 16:44:49','2025-08-05 03:19:55',NULL),(351,494,'[\"https:\\/\\/images.unsplash.com\\/photo-1511707171634-5f897ff02aa9?w=400&h=600&fit=crop&v=1\",\"https:\\/\\/images.unsplash.com\\/photo-1511707171634-5f897ff02aa9?w=400&h=600&fit=crop&v=2\",\"https:\\/\\/images.unsplash.com\\/photo-1511707171634-5f897ff02aa9?w=400&h=600&fit=crop&v=3\",\"https:\\/\\/images.unsplash.com\\/photo-1511707171634-5f897ff02aa9?w=400&h=600&fit=crop&v=4\"]',16721561.00,NULL,31,NULL,NULL,'2025-08-03 16:44:49','2025-08-05 03:19:57',NULL),(352,494,'[\"https:\\/\\/images.unsplash.com\\/photo-1511707171634-5f897ff02aa9?w=400&h=600&fit=crop&v=1\",\"https:\\/\\/images.unsplash.com\\/photo-1511707171634-5f897ff02aa9?w=400&h=600&fit=crop&v=2\",\"https:\\/\\/images.unsplash.com\\/photo-1511707171634-5f897ff02aa9?w=400&h=600&fit=crop&v=3\",\"https:\\/\\/images.unsplash.com\\/photo-1511707171634-5f897ff02aa9?w=400&h=600&fit=crop&v=4\"]',16308699.00,NULL,6,NULL,NULL,'2025-08-03 16:44:49','2025-08-05 03:19:59',NULL),(353,495,'[\"https:\\/\\/images.unsplash.com\\/photo-1511707171634-5f897ff02aa9?w=400&h=600&fit=crop&v=1\",\"https:\\/\\/images.unsplash.com\\/photo-1511707171634-5f897ff02aa9?w=400&h=600&fit=crop&v=2\",\"https:\\/\\/images.unsplash.com\\/photo-1511707171634-5f897ff02aa9?w=400&h=600&fit=crop&v=3\",\"https:\\/\\/images.unsplash.com\\/photo-1511707171634-5f897ff02aa9?w=400&h=600&fit=crop&v=4\"]',16604474.00,NULL,34,NULL,NULL,'2025-08-03 16:44:49','2025-08-05 03:20:00',NULL),(354,495,'[\"https:\\/\\/images.unsplash.com\\/photo-1511707171634-5f897ff02aa9?w=400&h=600&fit=crop&v=1\",\"https:\\/\\/images.unsplash.com\\/photo-1511707171634-5f897ff02aa9?w=400&h=600&fit=crop&v=2\",\"https:\\/\\/images.unsplash.com\\/photo-1511707171634-5f897ff02aa9?w=400&h=600&fit=crop&v=3\",\"https:\\/\\/images.unsplash.com\\/photo-1511707171634-5f897ff02aa9?w=400&h=600&fit=crop&v=4\"]',16825849.00,NULL,41,NULL,NULL,'2025-08-03 16:44:49','2025-08-05 03:20:06',NULL),(356,495,'[\"https:\\/\\/images.unsplash.com\\/photo-1511707171634-5f897ff02aa9?w=400&h=600&fit=crop&v=1\",\"https:\\/\\/images.unsplash.com\\/photo-1511707171634-5f897ff02aa9?w=400&h=600&fit=crop&v=2\",\"https:\\/\\/images.unsplash.com\\/photo-1511707171634-5f897ff02aa9?w=400&h=600&fit=crop&v=3\",\"https:\\/\\/images.unsplash.com\\/photo-1511707171634-5f897ff02aa9?w=400&h=600&fit=crop&v=4\"]',16450310.00,NULL,9,NULL,NULL,'2025-08-03 16:44:49','2025-08-05 03:20:18',NULL),(365,498,'[\"https:\\/\\/images.unsplash.com\\/photo-1511707171634-5f897ff02aa9?w=400&h=600&fit=crop&v=1\",\"https:\\/\\/images.unsplash.com\\/photo-1511707171634-5f897ff02aa9?w=400&h=600&fit=crop&v=2\",\"https:\\/\\/images.unsplash.com\\/photo-1511707171634-5f897ff02aa9?w=400&h=600&fit=crop&v=3\",\"https:\\/\\/images.unsplash.com\\/photo-1511707171634-5f897ff02aa9?w=400&h=600&fit=crop&v=4\"]',16305847.00,NULL,30,NULL,NULL,'2025-08-03 16:44:49','2025-08-05 03:20:44',NULL),(366,498,'[\"https:\\/\\/images.unsplash.com\\/photo-1511707171634-5f897ff02aa9?w=400&h=600&fit=crop&v=1\",\"https:\\/\\/images.unsplash.com\\/photo-1511707171634-5f897ff02aa9?w=400&h=600&fit=crop&v=2\",\"https:\\/\\/images.unsplash.com\\/photo-1511707171634-5f897ff02aa9?w=400&h=600&fit=crop&v=3\",\"https:\\/\\/images.unsplash.com\\/photo-1511707171634-5f897ff02aa9?w=400&h=600&fit=crop&v=4\"]',16395766.00,NULL,19,NULL,NULL,'2025-08-03 16:44:49','2025-08-05 03:20:47',NULL),(367,498,'[\"https:\\/\\/images.unsplash.com\\/photo-1511707171634-5f897ff02aa9?w=400&h=600&fit=crop&v=1\",\"https:\\/\\/images.unsplash.com\\/photo-1511707171634-5f897ff02aa9?w=400&h=600&fit=crop&v=2\",\"https:\\/\\/images.unsplash.com\\/photo-1511707171634-5f897ff02aa9?w=400&h=600&fit=crop&v=3\",\"https:\\/\\/images.unsplash.com\\/photo-1511707171634-5f897ff02aa9?w=400&h=600&fit=crop&v=4\"]',15995454.00,NULL,18,NULL,NULL,'2025-08-03 16:44:49','2025-08-05 03:20:50',NULL),(368,498,'[\"https:\\/\\/images.unsplash.com\\/photo-1511707171634-5f897ff02aa9?w=400&h=600&fit=crop&v=1\",\"https:\\/\\/images.unsplash.com\\/photo-1511707171634-5f897ff02aa9?w=400&h=600&fit=crop&v=2\",\"https:\\/\\/images.unsplash.com\\/photo-1511707171634-5f897ff02aa9?w=400&h=600&fit=crop&v=3\",\"https:\\/\\/images.unsplash.com\\/photo-1511707171634-5f897ff02aa9?w=400&h=600&fit=crop&v=4\"]',16138557.00,NULL,24,NULL,NULL,'2025-08-03 16:44:49','2025-08-05 03:20:59',NULL),(369,499,'[\"https:\\/\\/images.unsplash.com\\/photo-1511707171634-5f897ff02aa9?w=400&h=600&fit=crop&v=1\",\"https:\\/\\/images.unsplash.com\\/photo-1511707171634-5f897ff02aa9?w=400&h=600&fit=crop&v=2\",\"https:\\/\\/images.unsplash.com\\/photo-1511707171634-5f897ff02aa9?w=400&h=600&fit=crop&v=3\",\"https:\\/\\/images.unsplash.com\\/photo-1511707171634-5f897ff02aa9?w=400&h=600&fit=crop&v=4\"]',16130612.00,NULL,49,NULL,NULL,'2025-08-03 16:44:49','2025-08-05 03:20:32',NULL),(370,499,'[\"https:\\/\\/images.unsplash.com\\/photo-1511707171634-5f897ff02aa9?w=400&h=600&fit=crop&v=1\",\"https:\\/\\/images.unsplash.com\\/photo-1511707171634-5f897ff02aa9?w=400&h=600&fit=crop&v=2\",\"https:\\/\\/images.unsplash.com\\/photo-1511707171634-5f897ff02aa9?w=400&h=600&fit=crop&v=3\",\"https:\\/\\/images.unsplash.com\\/photo-1511707171634-5f897ff02aa9?w=400&h=600&fit=crop&v=4\"]',16134884.00,NULL,7,NULL,NULL,'2025-08-03 16:44:49','2025-08-05 03:20:35',NULL),(371,499,'[\"https:\\/\\/images.unsplash.com\\/photo-1511707171634-5f897ff02aa9?w=400&h=600&fit=crop&v=1\",\"https:\\/\\/images.unsplash.com\\/photo-1511707171634-5f897ff02aa9?w=400&h=600&fit=crop&v=2\",\"https:\\/\\/images.unsplash.com\\/photo-1511707171634-5f897ff02aa9?w=400&h=600&fit=crop&v=3\",\"https:\\/\\/images.unsplash.com\\/photo-1511707171634-5f897ff02aa9?w=400&h=600&fit=crop&v=4\"]',16207534.00,NULL,13,NULL,NULL,'2025-08-03 16:44:49','2025-08-05 03:20:38',NULL),(372,499,'[\"https:\\/\\/images.unsplash.com\\/photo-1511707171634-5f897ff02aa9?w=400&h=600&fit=crop&v=1\",\"https:\\/\\/images.unsplash.com\\/photo-1511707171634-5f897ff02aa9?w=400&h=600&fit=crop&v=2\",\"https:\\/\\/images.unsplash.com\\/photo-1511707171634-5f897ff02aa9?w=400&h=600&fit=crop&v=3\",\"https:\\/\\/images.unsplash.com\\/photo-1511707171634-5f897ff02aa9?w=400&h=600&fit=crop&v=4\"]',15728770.00,NULL,41,NULL,NULL,'2025-08-03 16:44:49','2025-08-05 03:21:04',NULL),(373,500,'[\"https:\\/\\/images.unsplash.com\\/photo-1511707171634-5f897ff02aa9?w=400&h=600&fit=crop&v=1\",\"https:\\/\\/images.unsplash.com\\/photo-1511707171634-5f897ff02aa9?w=400&h=600&fit=crop&v=2\",\"https:\\/\\/images.unsplash.com\\/photo-1511707171634-5f897ff02aa9?w=400&h=600&fit=crop&v=3\",\"https:\\/\\/images.unsplash.com\\/photo-1511707171634-5f897ff02aa9?w=400&h=600&fit=crop&v=4\"]',15805945.00,NULL,26,NULL,NULL,'2025-08-03 16:44:49','2025-08-03 16:58:09','2025-08-03 16:58:09'),(374,500,'[\"https:\\/\\/images.unsplash.com\\/photo-1511707171634-5f897ff02aa9?w=400&h=600&fit=crop&v=1\",\"https:\\/\\/images.unsplash.com\\/photo-1511707171634-5f897ff02aa9?w=400&h=600&fit=crop&v=2\",\"https:\\/\\/images.unsplash.com\\/photo-1511707171634-5f897ff02aa9?w=400&h=600&fit=crop&v=3\",\"https:\\/\\/images.unsplash.com\\/photo-1511707171634-5f897ff02aa9?w=400&h=600&fit=crop&v=4\"]',15577974.00,NULL,8,NULL,NULL,'2025-08-03 16:44:49','2025-08-03 16:58:09','2025-08-03 16:58:09'),(375,500,'[\"https:\\/\\/images.unsplash.com\\/photo-1511707171634-5f897ff02aa9?w=400&h=600&fit=crop&v=1\",\"https:\\/\\/images.unsplash.com\\/photo-1511707171634-5f897ff02aa9?w=400&h=600&fit=crop&v=2\",\"https:\\/\\/images.unsplash.com\\/photo-1511707171634-5f897ff02aa9?w=400&h=600&fit=crop&v=3\",\"https:\\/\\/images.unsplash.com\\/photo-1511707171634-5f897ff02aa9?w=400&h=600&fit=crop&v=4\"]',15959481.00,NULL,8,NULL,NULL,'2025-08-03 16:44:49','2025-08-03 16:58:09','2025-08-03 16:58:09'),(376,500,'[\"https:\\/\\/images.unsplash.com\\/photo-1511707171634-5f897ff02aa9?w=400&h=600&fit=crop&v=1\",\"https:\\/\\/images.unsplash.com\\/photo-1511707171634-5f897ff02aa9?w=400&h=600&fit=crop&v=2\",\"https:\\/\\/images.unsplash.com\\/photo-1511707171634-5f897ff02aa9?w=400&h=600&fit=crop&v=3\",\"https:\\/\\/images.unsplash.com\\/photo-1511707171634-5f897ff02aa9?w=400&h=600&fit=crop&v=4\"]',15680722.00,NULL,7,NULL,NULL,'2025-08-03 16:44:49','2025-08-03 16:58:09','2025-08-03 16:58:09'),(377,501,'[\"https:\\/\\/images.unsplash.com\\/photo-1511707171634-5f897ff02aa9?w=400&h=600&fit=crop&v=1\",\"https:\\/\\/images.unsplash.com\\/photo-1511707171634-5f897ff02aa9?w=400&h=600&fit=crop&v=2\",\"https:\\/\\/images.unsplash.com\\/photo-1511707171634-5f897ff02aa9?w=400&h=600&fit=crop&v=3\",\"https:\\/\\/images.unsplash.com\\/photo-1511707171634-5f897ff02aa9?w=400&h=600&fit=crop&v=4\"]',15742711.00,NULL,35,NULL,NULL,'2025-08-03 16:44:49','2025-08-03 16:58:09','2025-08-03 16:58:09'),(378,501,'[\"https:\\/\\/images.unsplash.com\\/photo-1511707171634-5f897ff02aa9?w=400&h=600&fit=crop&v=1\",\"https:\\/\\/images.unsplash.com\\/photo-1511707171634-5f897ff02aa9?w=400&h=600&fit=crop&v=2\",\"https:\\/\\/images.unsplash.com\\/photo-1511707171634-5f897ff02aa9?w=400&h=600&fit=crop&v=3\",\"https:\\/\\/images.unsplash.com\\/photo-1511707171634-5f897ff02aa9?w=400&h=600&fit=crop&v=4\"]',16194874.00,NULL,26,NULL,NULL,'2025-08-03 16:44:49','2025-08-03 16:58:09','2025-08-03 16:58:09'),(379,501,'[\"https:\\/\\/images.unsplash.com\\/photo-1511707171634-5f897ff02aa9?w=400&h=600&fit=crop&v=1\",\"https:\\/\\/images.unsplash.com\\/photo-1511707171634-5f897ff02aa9?w=400&h=600&fit=crop&v=2\",\"https:\\/\\/images.unsplash.com\\/photo-1511707171634-5f897ff02aa9?w=400&h=600&fit=crop&v=3\",\"https:\\/\\/images.unsplash.com\\/photo-1511707171634-5f897ff02aa9?w=400&h=600&fit=crop&v=4\"]',15730380.00,NULL,9,NULL,NULL,'2025-08-03 16:44:49','2025-08-05 03:20:27',NULL),(380,501,'[\"https:\\/\\/images.unsplash.com\\/photo-1511707171634-5f897ff02aa9?w=400&h=600&fit=crop&v=1\",\"https:\\/\\/images.unsplash.com\\/photo-1511707171634-5f897ff02aa9?w=400&h=600&fit=crop&v=2\",\"https:\\/\\/images.unsplash.com\\/photo-1511707171634-5f897ff02aa9?w=400&h=600&fit=crop&v=3\",\"https:\\/\\/images.unsplash.com\\/photo-1511707171634-5f897ff02aa9?w=400&h=600&fit=crop&v=4\"]',16121118.00,NULL,36,NULL,NULL,'2025-08-03 16:44:49','2025-08-03 16:58:09','2025-08-03 16:58:09'),(381,502,'[\"https:\\/\\/images.unsplash.com\\/photo-1511707171634-5f897ff02aa9?w=400&h=600&fit=crop&v=1\",\"https:\\/\\/images.unsplash.com\\/photo-1511707171634-5f897ff02aa9?w=400&h=600&fit=crop&v=2\",\"https:\\/\\/images.unsplash.com\\/photo-1511707171634-5f897ff02aa9?w=400&h=600&fit=crop&v=3\",\"https:\\/\\/images.unsplash.com\\/photo-1511707171634-5f897ff02aa9?w=400&h=600&fit=crop&v=4\"]',4340769.00,NULL,38,NULL,NULL,'2025-08-03 16:44:49','2025-08-03 16:58:09','2025-08-03 16:58:09'),(382,502,'[\"https:\\/\\/images.unsplash.com\\/photo-1511707171634-5f897ff02aa9?w=400&h=600&fit=crop&v=1\",\"https:\\/\\/images.unsplash.com\\/photo-1511707171634-5f897ff02aa9?w=400&h=600&fit=crop&v=2\",\"https:\\/\\/images.unsplash.com\\/photo-1511707171634-5f897ff02aa9?w=400&h=600&fit=crop&v=3\",\"https:\\/\\/images.unsplash.com\\/photo-1511707171634-5f897ff02aa9?w=400&h=600&fit=crop&v=4\"]',4213698.00,NULL,37,NULL,NULL,'2025-08-03 16:44:49','2025-08-03 16:58:09','2025-08-03 16:58:09'),(383,502,'[\"https:\\/\\/images.unsplash.com\\/photo-1511707171634-5f897ff02aa9?w=400&h=600&fit=crop&v=1\",\"https:\\/\\/images.unsplash.com\\/photo-1511707171634-5f897ff02aa9?w=400&h=600&fit=crop&v=2\",\"https:\\/\\/images.unsplash.com\\/photo-1511707171634-5f897ff02aa9?w=400&h=600&fit=crop&v=3\",\"https:\\/\\/images.unsplash.com\\/photo-1511707171634-5f897ff02aa9?w=400&h=600&fit=crop&v=4\"]',4142640.00,NULL,47,NULL,NULL,'2025-08-03 16:44:49','2025-08-03 16:58:09','2025-08-03 16:58:09'),(384,502,'[\"https:\\/\\/images.unsplash.com\\/photo-1511707171634-5f897ff02aa9?w=400&h=600&fit=crop&v=1\",\"https:\\/\\/images.unsplash.com\\/photo-1511707171634-5f897ff02aa9?w=400&h=600&fit=crop&v=2\",\"https:\\/\\/images.unsplash.com\\/photo-1511707171634-5f897ff02aa9?w=400&h=600&fit=crop&v=3\",\"https:\\/\\/images.unsplash.com\\/photo-1511707171634-5f897ff02aa9?w=400&h=600&fit=crop&v=4\"]',3939165.00,NULL,40,NULL,NULL,'2025-08-03 16:44:49','2025-08-03 16:58:09','2025-08-03 16:58:09'),(385,503,'[\"https:\\/\\/images.unsplash.com\\/photo-1511707171634-5f897ff02aa9?w=400&h=600&fit=crop&v=1\",\"https:\\/\\/images.unsplash.com\\/photo-1511707171634-5f897ff02aa9?w=400&h=600&fit=crop&v=2\",\"https:\\/\\/images.unsplash.com\\/photo-1511707171634-5f897ff02aa9?w=400&h=600&fit=crop&v=3\",\"https:\\/\\/images.unsplash.com\\/photo-1511707171634-5f897ff02aa9?w=400&h=600&fit=crop&v=4\"]',3014271.00,NULL,46,NULL,NULL,'2025-08-03 16:44:49','2025-08-03 16:58:09','2025-08-03 16:58:09'),(386,503,'[\"https:\\/\\/images.unsplash.com\\/photo-1511707171634-5f897ff02aa9?w=400&h=600&fit=crop&v=1\",\"https:\\/\\/images.unsplash.com\\/photo-1511707171634-5f897ff02aa9?w=400&h=600&fit=crop&v=2\",\"https:\\/\\/images.unsplash.com\\/photo-1511707171634-5f897ff02aa9?w=400&h=600&fit=crop&v=3\",\"https:\\/\\/images.unsplash.com\\/photo-1511707171634-5f897ff02aa9?w=400&h=600&fit=crop&v=4\"]',2762502.00,NULL,32,NULL,NULL,'2025-08-03 16:44:49','2025-08-03 16:58:09','2025-08-03 16:58:09'),(387,503,'[\"https:\\/\\/images.unsplash.com\\/photo-1511707171634-5f897ff02aa9?w=400&h=600&fit=crop&v=1\",\"https:\\/\\/images.unsplash.com\\/photo-1511707171634-5f897ff02aa9?w=400&h=600&fit=crop&v=2\",\"https:\\/\\/images.unsplash.com\\/photo-1511707171634-5f897ff02aa9?w=400&h=600&fit=crop&v=3\",\"https:\\/\\/images.unsplash.com\\/photo-1511707171634-5f897ff02aa9?w=400&h=600&fit=crop&v=4\"]',2471660.00,NULL,22,NULL,NULL,'2025-08-03 16:44:49','2025-08-03 16:58:09','2025-08-03 16:58:09'),(388,503,'[\"https:\\/\\/images.unsplash.com\\/photo-1511707171634-5f897ff02aa9?w=400&h=600&fit=crop&v=1\",\"https:\\/\\/images.unsplash.com\\/photo-1511707171634-5f897ff02aa9?w=400&h=600&fit=crop&v=2\",\"https:\\/\\/images.unsplash.com\\/photo-1511707171634-5f897ff02aa9?w=400&h=600&fit=crop&v=3\",\"https:\\/\\/images.unsplash.com\\/photo-1511707171634-5f897ff02aa9?w=400&h=600&fit=crop&v=4\"]',2844572.00,NULL,26,NULL,NULL,'2025-08-03 16:44:49','2025-08-03 16:58:09','2025-08-03 16:58:09'),(389,504,'[\"https:\\/\\/images.unsplash.com\\/photo-1511707171634-5f897ff02aa9?w=400&h=600&fit=crop&v=1\",\"https:\\/\\/images.unsplash.com\\/photo-1511707171634-5f897ff02aa9?w=400&h=600&fit=crop&v=2\",\"https:\\/\\/images.unsplash.com\\/photo-1511707171634-5f897ff02aa9?w=400&h=600&fit=crop&v=3\",\"https:\\/\\/images.unsplash.com\\/photo-1511707171634-5f897ff02aa9?w=400&h=600&fit=crop&v=4\"]',3747263.00,NULL,47,NULL,NULL,'2025-08-03 16:44:49','2025-08-03 16:58:09','2025-08-03 16:58:09'),(390,504,'[\"https:\\/\\/images.unsplash.com\\/photo-1511707171634-5f897ff02aa9?w=400&h=600&fit=crop&v=1\",\"https:\\/\\/images.unsplash.com\\/photo-1511707171634-5f897ff02aa9?w=400&h=600&fit=crop&v=2\",\"https:\\/\\/images.unsplash.com\\/photo-1511707171634-5f897ff02aa9?w=400&h=600&fit=crop&v=3\",\"https:\\/\\/images.unsplash.com\\/photo-1511707171634-5f897ff02aa9?w=400&h=600&fit=crop&v=4\"]',3161070.00,NULL,32,NULL,NULL,'2025-08-03 16:44:49','2025-08-03 16:58:09','2025-08-03 16:58:09'),(391,504,'[\"https:\\/\\/images.unsplash.com\\/photo-1511707171634-5f897ff02aa9?w=400&h=600&fit=crop&v=1\",\"https:\\/\\/images.unsplash.com\\/photo-1511707171634-5f897ff02aa9?w=400&h=600&fit=crop&v=2\",\"https:\\/\\/images.unsplash.com\\/photo-1511707171634-5f897ff02aa9?w=400&h=600&fit=crop&v=3\",\"https:\\/\\/images.unsplash.com\\/photo-1511707171634-5f897ff02aa9?w=400&h=600&fit=crop&v=4\"]',3149637.00,NULL,20,NULL,NULL,'2025-08-03 16:44:49','2025-08-03 16:58:09','2025-08-03 16:58:09'),(392,504,'[\"https:\\/\\/images.unsplash.com\\/photo-1511707171634-5f897ff02aa9?w=400&h=600&fit=crop&v=1\",\"https:\\/\\/images.unsplash.com\\/photo-1511707171634-5f897ff02aa9?w=400&h=600&fit=crop&v=2\",\"https:\\/\\/images.unsplash.com\\/photo-1511707171634-5f897ff02aa9?w=400&h=600&fit=crop&v=3\",\"https:\\/\\/images.unsplash.com\\/photo-1511707171634-5f897ff02aa9?w=400&h=600&fit=crop&v=4\"]',3128113.00,NULL,36,NULL,NULL,'2025-08-03 16:44:49','2025-08-03 16:58:09','2025-08-03 16:58:09'),(393,505,'[\"https:\\/\\/images.unsplash.com\\/photo-1511707171634-5f897ff02aa9?w=400&h=600&fit=crop&v=1\",\"https:\\/\\/images.unsplash.com\\/photo-1511707171634-5f897ff02aa9?w=400&h=600&fit=crop&v=2\",\"https:\\/\\/images.unsplash.com\\/photo-1511707171634-5f897ff02aa9?w=400&h=600&fit=crop&v=3\",\"https:\\/\\/images.unsplash.com\\/photo-1511707171634-5f897ff02aa9?w=400&h=600&fit=crop&v=4\"]',4403186.00,NULL,17,NULL,NULL,'2025-08-03 16:44:49','2025-08-03 16:58:09','2025-08-03 16:58:09'),(394,505,'[\"https:\\/\\/images.unsplash.com\\/photo-1511707171634-5f897ff02aa9?w=400&h=600&fit=crop&v=1\",\"https:\\/\\/images.unsplash.com\\/photo-1511707171634-5f897ff02aa9?w=400&h=600&fit=crop&v=2\",\"https:\\/\\/images.unsplash.com\\/photo-1511707171634-5f897ff02aa9?w=400&h=600&fit=crop&v=3\",\"https:\\/\\/images.unsplash.com\\/photo-1511707171634-5f897ff02aa9?w=400&h=600&fit=crop&v=4\"]',4671822.00,NULL,37,NULL,NULL,'2025-08-03 16:44:49','2025-08-03 16:58:09','2025-08-03 16:58:09'),(395,505,'[\"https:\\/\\/images.unsplash.com\\/photo-1511707171634-5f897ff02aa9?w=400&h=600&fit=crop&v=1\",\"https:\\/\\/images.unsplash.com\\/photo-1511707171634-5f897ff02aa9?w=400&h=600&fit=crop&v=2\",\"https:\\/\\/images.unsplash.com\\/photo-1511707171634-5f897ff02aa9?w=400&h=600&fit=crop&v=3\",\"https:\\/\\/images.unsplash.com\\/photo-1511707171634-5f897ff02aa9?w=400&h=600&fit=crop&v=4\"]',4360803.00,NULL,16,NULL,NULL,'2025-08-03 16:44:49','2025-08-03 16:58:09','2025-08-03 16:58:09'),(396,505,'[\"https:\\/\\/images.unsplash.com\\/photo-1511707171634-5f897ff02aa9?w=400&h=600&fit=crop&v=1\",\"https:\\/\\/images.unsplash.com\\/photo-1511707171634-5f897ff02aa9?w=400&h=600&fit=crop&v=2\",\"https:\\/\\/images.unsplash.com\\/photo-1511707171634-5f897ff02aa9?w=400&h=600&fit=crop&v=3\",\"https:\\/\\/images.unsplash.com\\/photo-1511707171634-5f897ff02aa9?w=400&h=600&fit=crop&v=4\"]',4547239.00,NULL,40,NULL,NULL,'2025-08-03 16:44:49','2025-08-03 16:58:09','2025-08-03 16:58:09'),(397,506,'[\"https:\\/\\/images.unsplash.com\\/photo-1511707171634-5f897ff02aa9?w=400&h=600&fit=crop&v=1\",\"https:\\/\\/images.unsplash.com\\/photo-1511707171634-5f897ff02aa9?w=400&h=600&fit=crop&v=2\",\"https:\\/\\/images.unsplash.com\\/photo-1511707171634-5f897ff02aa9?w=400&h=600&fit=crop&v=3\",\"https:\\/\\/images.unsplash.com\\/photo-1511707171634-5f897ff02aa9?w=400&h=600&fit=crop&v=4\"]',4062231.00,NULL,14,NULL,NULL,'2025-08-03 16:44:49','2025-08-03 16:58:09','2025-08-03 16:58:09'),(398,506,'[\"https:\\/\\/images.unsplash.com\\/photo-1511707171634-5f897ff02aa9?w=400&h=600&fit=crop&v=1\",\"https:\\/\\/images.unsplash.com\\/photo-1511707171634-5f897ff02aa9?w=400&h=600&fit=crop&v=2\",\"https:\\/\\/images.unsplash.com\\/photo-1511707171634-5f897ff02aa9?w=400&h=600&fit=crop&v=3\",\"https:\\/\\/images.unsplash.com\\/photo-1511707171634-5f897ff02aa9?w=400&h=600&fit=crop&v=4\"]',3587375.00,NULL,13,NULL,NULL,'2025-08-03 16:44:49','2025-08-03 16:58:09','2025-08-03 16:58:09'),(399,506,'[\"https:\\/\\/images.unsplash.com\\/photo-1511707171634-5f897ff02aa9?w=400&h=600&fit=crop&v=1\",\"https:\\/\\/images.unsplash.com\\/photo-1511707171634-5f897ff02aa9?w=400&h=600&fit=crop&v=2\",\"https:\\/\\/images.unsplash.com\\/photo-1511707171634-5f897ff02aa9?w=400&h=600&fit=crop&v=3\",\"https:\\/\\/images.unsplash.com\\/photo-1511707171634-5f897ff02aa9?w=400&h=600&fit=crop&v=4\"]',4188609.00,NULL,30,NULL,NULL,'2025-08-03 16:44:49','2025-08-03 16:58:09','2025-08-03 16:58:09'),(400,506,'[\"https:\\/\\/images.unsplash.com\\/photo-1511707171634-5f897ff02aa9?w=400&h=600&fit=crop&v=1\",\"https:\\/\\/images.unsplash.com\\/photo-1511707171634-5f897ff02aa9?w=400&h=600&fit=crop&v=2\",\"https:\\/\\/images.unsplash.com\\/photo-1511707171634-5f897ff02aa9?w=400&h=600&fit=crop&v=3\",\"https:\\/\\/images.unsplash.com\\/photo-1511707171634-5f897ff02aa9?w=400&h=600&fit=crop&v=4\"]',4211582.00,NULL,7,NULL,NULL,'2025-08-03 16:44:49','2025-08-03 16:58:09','2025-08-03 16:58:09'),(405,508,'[\"https:\\/\\/images.unsplash.com\\/photo-1511707171634-5f897ff02aa9?w=400&h=600&fit=crop&v=1\",\"https:\\/\\/images.unsplash.com\\/photo-1511707171634-5f897ff02aa9?w=400&h=600&fit=crop&v=2\",\"https:\\/\\/images.unsplash.com\\/photo-1511707171634-5f897ff02aa9?w=400&h=600&fit=crop&v=3\",\"https:\\/\\/images.unsplash.com\\/photo-1511707171634-5f897ff02aa9?w=400&h=600&fit=crop&v=4\"]',4513605.00,NULL,11,NULL,NULL,'2025-08-03 16:44:49','2025-08-03 16:58:09','2025-08-03 16:58:09'),(406,508,'[\"https:\\/\\/images.unsplash.com\\/photo-1511707171634-5f897ff02aa9?w=400&h=600&fit=crop&v=1\",\"https:\\/\\/images.unsplash.com\\/photo-1511707171634-5f897ff02aa9?w=400&h=600&fit=crop&v=2\",\"https:\\/\\/images.unsplash.com\\/photo-1511707171634-5f897ff02aa9?w=400&h=600&fit=crop&v=3\",\"https:\\/\\/images.unsplash.com\\/photo-1511707171634-5f897ff02aa9?w=400&h=600&fit=crop&v=4\"]',4690051.00,NULL,11,NULL,NULL,'2025-08-03 16:44:49','2025-08-03 16:58:09','2025-08-03 16:58:09'),(407,508,'[\"https:\\/\\/images.unsplash.com\\/photo-1511707171634-5f897ff02aa9?w=400&h=600&fit=crop&v=1\",\"https:\\/\\/images.unsplash.com\\/photo-1511707171634-5f897ff02aa9?w=400&h=600&fit=crop&v=2\",\"https:\\/\\/images.unsplash.com\\/photo-1511707171634-5f897ff02aa9?w=400&h=600&fit=crop&v=3\",\"https:\\/\\/images.unsplash.com\\/photo-1511707171634-5f897ff02aa9?w=400&h=600&fit=crop&v=4\"]',4678212.00,NULL,28,NULL,NULL,'2025-08-03 16:44:49','2025-08-03 16:58:09','2025-08-03 16:58:09'),(408,508,'[\"https:\\/\\/images.unsplash.com\\/photo-1511707171634-5f897ff02aa9?w=400&h=600&fit=crop&v=1\",\"https:\\/\\/images.unsplash.com\\/photo-1511707171634-5f897ff02aa9?w=400&h=600&fit=crop&v=2\",\"https:\\/\\/images.unsplash.com\\/photo-1511707171634-5f897ff02aa9?w=400&h=600&fit=crop&v=3\",\"https:\\/\\/images.unsplash.com\\/photo-1511707171634-5f897ff02aa9?w=400&h=600&fit=crop&v=4\"]',4596711.00,NULL,38,NULL,NULL,'2025-08-03 16:44:49','2025-08-03 16:58:09','2025-08-03 16:58:09'),(409,509,'[\"https:\\/\\/images.unsplash.com\\/photo-1511707171634-5f897ff02aa9?w=400&h=600&fit=crop&v=1\",\"https:\\/\\/images.unsplash.com\\/photo-1511707171634-5f897ff02aa9?w=400&h=600&fit=crop&v=2\",\"https:\\/\\/images.unsplash.com\\/photo-1511707171634-5f897ff02aa9?w=400&h=600&fit=crop&v=3\",\"https:\\/\\/images.unsplash.com\\/photo-1511707171634-5f897ff02aa9?w=400&h=600&fit=crop&v=4\"]',2975955.00,NULL,18,NULL,NULL,'2025-08-03 16:44:49','2025-08-03 16:58:09','2025-08-03 16:58:09'),(410,509,'[\"https:\\/\\/images.unsplash.com\\/photo-1511707171634-5f897ff02aa9?w=400&h=600&fit=crop&v=1\",\"https:\\/\\/images.unsplash.com\\/photo-1511707171634-5f897ff02aa9?w=400&h=600&fit=crop&v=2\",\"https:\\/\\/images.unsplash.com\\/photo-1511707171634-5f897ff02aa9?w=400&h=600&fit=crop&v=3\",\"https:\\/\\/images.unsplash.com\\/photo-1511707171634-5f897ff02aa9?w=400&h=600&fit=crop&v=4\"]',3449310.00,NULL,22,NULL,NULL,'2025-08-03 16:44:49','2025-08-03 16:58:09','2025-08-03 16:58:09'),(411,509,'[\"https:\\/\\/images.unsplash.com\\/photo-1511707171634-5f897ff02aa9?w=400&h=600&fit=crop&v=1\",\"https:\\/\\/images.unsplash.com\\/photo-1511707171634-5f897ff02aa9?w=400&h=600&fit=crop&v=2\",\"https:\\/\\/images.unsplash.com\\/photo-1511707171634-5f897ff02aa9?w=400&h=600&fit=crop&v=3\",\"https:\\/\\/images.unsplash.com\\/photo-1511707171634-5f897ff02aa9?w=400&h=600&fit=crop&v=4\"]',3038323.00,NULL,44,NULL,NULL,'2025-08-03 16:44:49','2025-08-03 16:58:09','2025-08-03 16:58:09'),(412,509,'[\"https:\\/\\/images.unsplash.com\\/photo-1511707171634-5f897ff02aa9?w=400&h=600&fit=crop&v=1\",\"https:\\/\\/images.unsplash.com\\/photo-1511707171634-5f897ff02aa9?w=400&h=600&fit=crop&v=2\",\"https:\\/\\/images.unsplash.com\\/photo-1511707171634-5f897ff02aa9?w=400&h=600&fit=crop&v=3\",\"https:\\/\\/images.unsplash.com\\/photo-1511707171634-5f897ff02aa9?w=400&h=600&fit=crop&v=4\"]',3599312.00,NULL,11,NULL,NULL,'2025-08-03 16:44:49','2025-08-03 16:58:09','2025-08-03 16:58:09'),(417,511,'[\"https:\\/\\/images.unsplash.com\\/photo-1511707171634-5f897ff02aa9?w=400&h=600&fit=crop&v=1\",\"https:\\/\\/images.unsplash.com\\/photo-1511707171634-5f897ff02aa9?w=400&h=600&fit=crop&v=2\",\"https:\\/\\/images.unsplash.com\\/photo-1511707171634-5f897ff02aa9?w=400&h=600&fit=crop&v=3\",\"https:\\/\\/images.unsplash.com\\/photo-1511707171634-5f897ff02aa9?w=400&h=600&fit=crop&v=4\"]',3560891.00,NULL,15,NULL,NULL,'2025-08-03 16:44:49','2025-08-03 16:58:09','2025-08-03 16:58:09'),(418,511,'[\"https:\\/\\/images.unsplash.com\\/photo-1511707171634-5f897ff02aa9?w=400&h=600&fit=crop&v=1\",\"https:\\/\\/images.unsplash.com\\/photo-1511707171634-5f897ff02aa9?w=400&h=600&fit=crop&v=2\",\"https:\\/\\/images.unsplash.com\\/photo-1511707171634-5f897ff02aa9?w=400&h=600&fit=crop&v=3\",\"https:\\/\\/images.unsplash.com\\/photo-1511707171634-5f897ff02aa9?w=400&h=600&fit=crop&v=4\"]',3826550.00,NULL,14,NULL,NULL,'2025-08-03 16:44:49','2025-08-03 16:58:09','2025-08-03 16:58:09'),(419,511,'[\"https:\\/\\/images.unsplash.com\\/photo-1511707171634-5f897ff02aa9?w=400&h=600&fit=crop&v=1\",\"https:\\/\\/images.unsplash.com\\/photo-1511707171634-5f897ff02aa9?w=400&h=600&fit=crop&v=2\",\"https:\\/\\/images.unsplash.com\\/photo-1511707171634-5f897ff02aa9?w=400&h=600&fit=crop&v=3\",\"https:\\/\\/images.unsplash.com\\/photo-1511707171634-5f897ff02aa9?w=400&h=600&fit=crop&v=4\"]',3734319.00,NULL,31,NULL,NULL,'2025-08-03 16:44:49','2025-08-03 16:58:09','2025-08-03 16:58:09'),(420,511,'[\"https:\\/\\/images.unsplash.com\\/photo-1511707171634-5f897ff02aa9?w=400&h=600&fit=crop&v=1\",\"https:\\/\\/images.unsplash.com\\/photo-1511707171634-5f897ff02aa9?w=400&h=600&fit=crop&v=2\",\"https:\\/\\/images.unsplash.com\\/photo-1511707171634-5f897ff02aa9?w=400&h=600&fit=crop&v=3\",\"https:\\/\\/images.unsplash.com\\/photo-1511707171634-5f897ff02aa9?w=400&h=600&fit=crop&v=4\"]',3404845.00,NULL,10,NULL,NULL,'2025-08-03 16:44:49','2025-08-03 16:58:09','2025-08-03 16:58:09'),(425,513,'[\"https:\\/\\/images.unsplash.com\\/photo-1511707171634-5f897ff02aa9?w=400&h=600&fit=crop&brand=vinsmart&v=1\",\"https:\\/\\/images.unsplash.com\\/photo-1511707171634-5f897ff02aa9?w=400&h=600&fit=crop&brand=vinsmart&v=2\",\"https:\\/\\/images.unsplash.com\\/photo-1511707171634-5f897ff02aa9?w=400&h=600&fit=crop&brand=vinsmart&v=3\",\"https:\\/\\/images.unsplash.com\\/photo-1511707171634-5f897ff02aa9?w=400&h=600&fit=crop&brand=vinsmart&v=4\"]',3175076.00,NULL,18,NULL,NULL,'2025-08-03 16:54:09','2025-08-03 16:58:09','2025-08-03 16:58:09'),(426,513,'[\"https:\\/\\/images.unsplash.com\\/photo-1511707171634-5f897ff02aa9?w=400&h=600&fit=crop&brand=vinsmart&v=1\",\"https:\\/\\/images.unsplash.com\\/photo-1511707171634-5f897ff02aa9?w=400&h=600&fit=crop&brand=vinsmart&v=2\",\"https:\\/\\/images.unsplash.com\\/photo-1511707171634-5f897ff02aa9?w=400&h=600&fit=crop&brand=vinsmart&v=3\",\"https:\\/\\/images.unsplash.com\\/photo-1511707171634-5f897ff02aa9?w=400&h=600&fit=crop&brand=vinsmart&v=4\"]',3032780.00,NULL,24,NULL,NULL,'2025-08-03 16:54:09','2025-08-03 16:58:09','2025-08-03 16:58:09'),(427,513,'[\"https:\\/\\/images.unsplash.com\\/photo-1511707171634-5f897ff02aa9?w=400&h=600&fit=crop&brand=vinsmart&v=1\",\"https:\\/\\/images.unsplash.com\\/photo-1511707171634-5f897ff02aa9?w=400&h=600&fit=crop&brand=vinsmart&v=2\",\"https:\\/\\/images.unsplash.com\\/photo-1511707171634-5f897ff02aa9?w=400&h=600&fit=crop&brand=vinsmart&v=3\",\"https:\\/\\/images.unsplash.com\\/photo-1511707171634-5f897ff02aa9?w=400&h=600&fit=crop&brand=vinsmart&v=4\"]',2490593.00,NULL,22,NULL,NULL,'2025-08-03 16:54:09','2025-08-03 16:58:09','2025-08-03 16:58:09'),(428,513,'[\"https:\\/\\/images.unsplash.com\\/photo-1511707171634-5f897ff02aa9?w=400&h=600&fit=crop&brand=vinsmart&v=1\",\"https:\\/\\/images.unsplash.com\\/photo-1511707171634-5f897ff02aa9?w=400&h=600&fit=crop&brand=vinsmart&v=2\",\"https:\\/\\/images.unsplash.com\\/photo-1511707171634-5f897ff02aa9?w=400&h=600&fit=crop&brand=vinsmart&v=3\",\"https:\\/\\/images.unsplash.com\\/photo-1511707171634-5f897ff02aa9?w=400&h=600&fit=crop&brand=vinsmart&v=4\"]',3081204.00,NULL,9,NULL,NULL,'2025-08-03 16:54:09','2025-08-03 16:58:09','2025-08-03 16:58:09'),(825,613,'[\"https:\\/\\/images.unsplash.com\\/photo-1511707171634-5f897ff02aa9?w=400&h=600&fit=crop&brand=vinsmart&v=1\",\"https:\\/\\/images.unsplash.com\\/photo-1511707171634-5f897ff02aa9?w=400&h=600&fit=crop&brand=vinsmart&v=2\",\"https:\\/\\/images.unsplash.com\\/photo-1511707171634-5f897ff02aa9?w=400&h=600&fit=crop&brand=vinsmart&v=3\",\"https:\\/\\/images.unsplash.com\\/photo-1511707171634-5f897ff02aa9?w=400&h=600&fit=crop&brand=vinsmart&v=4\"]',4735440.00,NULL,34,NULL,NULL,'2025-08-03 16:58:13','2025-08-03 17:02:26','2025-08-03 17:02:26'),(826,613,'[\"https:\\/\\/images.unsplash.com\\/photo-1511707171634-5f897ff02aa9?w=400&h=600&fit=crop&brand=vinsmart&v=1\",\"https:\\/\\/images.unsplash.com\\/photo-1511707171634-5f897ff02aa9?w=400&h=600&fit=crop&brand=vinsmart&v=2\",\"https:\\/\\/images.unsplash.com\\/photo-1511707171634-5f897ff02aa9?w=400&h=600&fit=crop&brand=vinsmart&v=3\",\"https:\\/\\/images.unsplash.com\\/photo-1511707171634-5f897ff02aa9?w=400&h=600&fit=crop&brand=vinsmart&v=4\"]',4624172.00,NULL,25,NULL,NULL,'2025-08-03 16:58:13','2025-08-03 17:02:26','2025-08-03 17:02:26'),(827,613,'[\"https:\\/\\/images.unsplash.com\\/photo-1511707171634-5f897ff02aa9?w=400&h=600&fit=crop&brand=vinsmart&v=1\",\"https:\\/\\/images.unsplash.com\\/photo-1511707171634-5f897ff02aa9?w=400&h=600&fit=crop&brand=vinsmart&v=2\",\"https:\\/\\/images.unsplash.com\\/photo-1511707171634-5f897ff02aa9?w=400&h=600&fit=crop&brand=vinsmart&v=3\",\"https:\\/\\/images.unsplash.com\\/photo-1511707171634-5f897ff02aa9?w=400&h=600&fit=crop&brand=vinsmart&v=4\"]',5281037.00,NULL,18,NULL,NULL,'2025-08-03 16:58:13','2025-08-03 17:02:26','2025-08-03 17:02:26'),(828,613,'[\"https:\\/\\/images.unsplash.com\\/photo-1511707171634-5f897ff02aa9?w=400&h=600&fit=crop&brand=vinsmart&v=1\",\"https:\\/\\/images.unsplash.com\\/photo-1511707171634-5f897ff02aa9?w=400&h=600&fit=crop&brand=vinsmart&v=2\",\"https:\\/\\/images.unsplash.com\\/photo-1511707171634-5f897ff02aa9?w=400&h=600&fit=crop&brand=vinsmart&v=3\",\"https:\\/\\/images.unsplash.com\\/photo-1511707171634-5f897ff02aa9?w=400&h=600&fit=crop&brand=vinsmart&v=4\"]',4901264.00,NULL,35,NULL,NULL,'2025-08-03 16:58:13','2025-08-03 17:02:26','2025-08-03 17:02:26'),(845,618,'[\"https:\\/\\/images.unsplash.com\\/photo-1511707171634-5f897ff02aa9?w=400&h=600&fit=crop&brand=vinsmart&v=1\",\"https:\\/\\/images.unsplash.com\\/photo-1511707171634-5f897ff02aa9?w=400&h=600&fit=crop&brand=vinsmart&v=2\",\"https:\\/\\/images.unsplash.com\\/photo-1511707171634-5f897ff02aa9?w=400&h=600&fit=crop&brand=vinsmart&v=3\",\"https:\\/\\/images.unsplash.com\\/photo-1511707171634-5f897ff02aa9?w=400&h=600&fit=crop&brand=vinsmart&v=4\"]',3583949.00,NULL,13,NULL,NULL,'2025-08-03 16:58:15','2025-08-03 17:02:26','2025-08-03 17:02:26'),(846,618,'[\"https:\\/\\/images.unsplash.com\\/photo-1511707171634-5f897ff02aa9?w=400&h=600&fit=crop&brand=vinsmart&v=1\",\"https:\\/\\/images.unsplash.com\\/photo-1511707171634-5f897ff02aa9?w=400&h=600&fit=crop&brand=vinsmart&v=2\",\"https:\\/\\/images.unsplash.com\\/photo-1511707171634-5f897ff02aa9?w=400&h=600&fit=crop&brand=vinsmart&v=3\",\"https:\\/\\/images.unsplash.com\\/photo-1511707171634-5f897ff02aa9?w=400&h=600&fit=crop&brand=vinsmart&v=4\"]',3405489.00,NULL,17,NULL,NULL,'2025-08-03 16:58:16','2025-08-03 17:02:26','2025-08-03 17:02:26'),(847,618,'[\"https:\\/\\/images.unsplash.com\\/photo-1511707171634-5f897ff02aa9?w=400&h=600&fit=crop&brand=vinsmart&v=1\",\"https:\\/\\/images.unsplash.com\\/photo-1511707171634-5f897ff02aa9?w=400&h=600&fit=crop&brand=vinsmart&v=2\",\"https:\\/\\/images.unsplash.com\\/photo-1511707171634-5f897ff02aa9?w=400&h=600&fit=crop&brand=vinsmart&v=3\",\"https:\\/\\/images.unsplash.com\\/photo-1511707171634-5f897ff02aa9?w=400&h=600&fit=crop&brand=vinsmart&v=4\"]',3490787.00,NULL,41,NULL,NULL,'2025-08-03 16:58:16','2025-08-03 17:02:26','2025-08-03 17:02:26'),(848,618,'[\"https:\\/\\/images.unsplash.com\\/photo-1511707171634-5f897ff02aa9?w=400&h=600&fit=crop&brand=vinsmart&v=1\",\"https:\\/\\/images.unsplash.com\\/photo-1511707171634-5f897ff02aa9?w=400&h=600&fit=crop&brand=vinsmart&v=2\",\"https:\\/\\/images.unsplash.com\\/photo-1511707171634-5f897ff02aa9?w=400&h=600&fit=crop&brand=vinsmart&v=3\",\"https:\\/\\/images.unsplash.com\\/photo-1511707171634-5f897ff02aa9?w=400&h=600&fit=crop&brand=vinsmart&v=4\"]',3354408.00,NULL,31,NULL,NULL,'2025-08-03 16:58:16','2025-08-03 17:02:26','2025-08-03 17:02:26'),(965,648,'[\"https:\\/\\/images.unsplash.com\\/photo-1511707171634-5f897ff02aa9?w=400&h=600&fit=crop&brand=oppo&v=1\",\"https:\\/\\/images.unsplash.com\\/photo-1511707171634-5f897ff02aa9?w=400&h=600&fit=crop&brand=oppo&v=2\",\"https:\\/\\/images.unsplash.com\\/photo-1511707171634-5f897ff02aa9?w=400&h=600&fit=crop&brand=oppo&v=3\",\"https:\\/\\/images.unsplash.com\\/photo-1511707171634-5f897ff02aa9?w=400&h=600&fit=crop&brand=oppo&v=4\"]',4399055.00,NULL,33,NULL,NULL,'2025-08-03 16:58:48','2025-08-03 17:02:26','2025-08-03 17:02:26'),(966,648,'[\"https:\\/\\/images.unsplash.com\\/photo-1511707171634-5f897ff02aa9?w=400&h=600&fit=crop&brand=oppo&v=1\",\"https:\\/\\/images.unsplash.com\\/photo-1511707171634-5f897ff02aa9?w=400&h=600&fit=crop&brand=oppo&v=2\",\"https:\\/\\/images.unsplash.com\\/photo-1511707171634-5f897ff02aa9?w=400&h=600&fit=crop&brand=oppo&v=3\",\"https:\\/\\/images.unsplash.com\\/photo-1511707171634-5f897ff02aa9?w=400&h=600&fit=crop&brand=oppo&v=4\"]',4345891.00,NULL,13,NULL,NULL,'2025-08-03 16:58:49','2025-08-03 17:02:26','2025-08-03 17:02:26'),(967,648,'[\"https:\\/\\/images.unsplash.com\\/photo-1511707171634-5f897ff02aa9?w=400&h=600&fit=crop&brand=oppo&v=1\",\"https:\\/\\/images.unsplash.com\\/photo-1511707171634-5f897ff02aa9?w=400&h=600&fit=crop&brand=oppo&v=2\",\"https:\\/\\/images.unsplash.com\\/photo-1511707171634-5f897ff02aa9?w=400&h=600&fit=crop&brand=oppo&v=3\",\"https:\\/\\/images.unsplash.com\\/photo-1511707171634-5f897ff02aa9?w=400&h=600&fit=crop&brand=oppo&v=4\"]',4913485.00,NULL,47,NULL,NULL,'2025-08-03 16:58:49','2025-08-03 17:02:26','2025-08-03 17:02:26'),(968,648,'[\"https:\\/\\/images.unsplash.com\\/photo-1511707171634-5f897ff02aa9?w=400&h=600&fit=crop&brand=oppo&v=1\",\"https:\\/\\/images.unsplash.com\\/photo-1511707171634-5f897ff02aa9?w=400&h=600&fit=crop&brand=oppo&v=2\",\"https:\\/\\/images.unsplash.com\\/photo-1511707171634-5f897ff02aa9?w=400&h=600&fit=crop&brand=oppo&v=3\",\"https:\\/\\/images.unsplash.com\\/photo-1511707171634-5f897ff02aa9?w=400&h=600&fit=crop&brand=oppo&v=4\"]',4332692.00,NULL,23,NULL,NULL,'2025-08-03 16:58:49','2025-08-03 17:02:26','2025-08-03 17:02:26'),(973,650,'[\"https:\\/\\/images.unsplash.com\\/photo-1511707171634-5f897ff02aa9?w=400&h=600&fit=crop&brand=oppo&v=1\",\"https:\\/\\/images.unsplash.com\\/photo-1511707171634-5f897ff02aa9?w=400&h=600&fit=crop&brand=oppo&v=2\",\"https:\\/\\/images.unsplash.com\\/photo-1511707171634-5f897ff02aa9?w=400&h=600&fit=crop&brand=oppo&v=3\",\"https:\\/\\/images.unsplash.com\\/photo-1511707171634-5f897ff02aa9?w=400&h=600&fit=crop&brand=oppo&v=4\"]',6604069.00,NULL,9,NULL,NULL,'2025-08-03 16:58:50','2025-08-03 17:02:26','2025-08-03 17:02:26'),(974,650,'[\"https:\\/\\/images.unsplash.com\\/photo-1511707171634-5f897ff02aa9?w=400&h=600&fit=crop&brand=oppo&v=1\",\"https:\\/\\/images.unsplash.com\\/photo-1511707171634-5f897ff02aa9?w=400&h=600&fit=crop&brand=oppo&v=2\",\"https:\\/\\/images.unsplash.com\\/photo-1511707171634-5f897ff02aa9?w=400&h=600&fit=crop&brand=oppo&v=3\",\"https:\\/\\/images.unsplash.com\\/photo-1511707171634-5f897ff02aa9?w=400&h=600&fit=crop&brand=oppo&v=4\"]',6191380.00,NULL,33,NULL,NULL,'2025-08-03 16:58:50','2025-08-03 17:02:26','2025-08-03 17:02:26'),(975,650,'[\"https:\\/\\/images.unsplash.com\\/photo-1511707171634-5f897ff02aa9?w=400&h=600&fit=crop&brand=oppo&v=1\",\"https:\\/\\/images.unsplash.com\\/photo-1511707171634-5f897ff02aa9?w=400&h=600&fit=crop&brand=oppo&v=2\",\"https:\\/\\/images.unsplash.com\\/photo-1511707171634-5f897ff02aa9?w=400&h=600&fit=crop&brand=oppo&v=3\",\"https:\\/\\/images.unsplash.com\\/photo-1511707171634-5f897ff02aa9?w=400&h=600&fit=crop&brand=oppo&v=4\"]',6054912.00,NULL,49,NULL,NULL,'2025-08-03 16:58:50','2025-08-03 17:02:26','2025-08-03 17:02:26'),(976,650,'[\"https:\\/\\/images.unsplash.com\\/photo-1511707171634-5f897ff02aa9?w=400&h=600&fit=crop&brand=oppo&v=1\",\"https:\\/\\/images.unsplash.com\\/photo-1511707171634-5f897ff02aa9?w=400&h=600&fit=crop&brand=oppo&v=2\",\"https:\\/\\/images.unsplash.com\\/photo-1511707171634-5f897ff02aa9?w=400&h=600&fit=crop&brand=oppo&v=3\",\"https:\\/\\/images.unsplash.com\\/photo-1511707171634-5f897ff02aa9?w=400&h=600&fit=crop&brand=oppo&v=4\"]',5990290.00,NULL,27,NULL,NULL,'2025-08-03 16:58:50','2025-08-03 17:02:26','2025-08-03 17:02:26'),(981,652,'[\"https:\\/\\/images.unsplash.com\\/photo-1511707171634-5f897ff02aa9?w=400&h=600&fit=crop&brand=oppo&v=1\",\"https:\\/\\/images.unsplash.com\\/photo-1511707171634-5f897ff02aa9?w=400&h=600&fit=crop&brand=oppo&v=2\",\"https:\\/\\/images.unsplash.com\\/photo-1511707171634-5f897ff02aa9?w=400&h=600&fit=crop&brand=oppo&v=3\",\"https:\\/\\/images.unsplash.com\\/photo-1511707171634-5f897ff02aa9?w=400&h=600&fit=crop&brand=oppo&v=4\"]',5719996.00,NULL,34,NULL,NULL,'2025-08-03 16:58:51','2025-08-03 17:02:26','2025-08-03 17:02:26'),(982,652,'[\"https:\\/\\/images.unsplash.com\\/photo-1511707171634-5f897ff02aa9?w=400&h=600&fit=crop&brand=oppo&v=1\",\"https:\\/\\/images.unsplash.com\\/photo-1511707171634-5f897ff02aa9?w=400&h=600&fit=crop&brand=oppo&v=2\",\"https:\\/\\/images.unsplash.com\\/photo-1511707171634-5f897ff02aa9?w=400&h=600&fit=crop&brand=oppo&v=3\",\"https:\\/\\/images.unsplash.com\\/photo-1511707171634-5f897ff02aa9?w=400&h=600&fit=crop&brand=oppo&v=4\"]',5639744.00,NULL,38,NULL,NULL,'2025-08-03 16:58:52','2025-08-03 17:02:26','2025-08-03 17:02:26'),(983,652,'[\"https:\\/\\/images.unsplash.com\\/photo-1511707171634-5f897ff02aa9?w=400&h=600&fit=crop&brand=oppo&v=1\",\"https:\\/\\/images.unsplash.com\\/photo-1511707171634-5f897ff02aa9?w=400&h=600&fit=crop&brand=oppo&v=2\",\"https:\\/\\/images.unsplash.com\\/photo-1511707171634-5f897ff02aa9?w=400&h=600&fit=crop&brand=oppo&v=3\",\"https:\\/\\/images.unsplash.com\\/photo-1511707171634-5f897ff02aa9?w=400&h=600&fit=crop&brand=oppo&v=4\"]',5710712.00,NULL,34,NULL,NULL,'2025-08-03 16:58:52','2025-08-03 17:02:26','2025-08-03 17:02:26'),(984,652,'[\"https:\\/\\/images.unsplash.com\\/photo-1511707171634-5f897ff02aa9?w=400&h=600&fit=crop&brand=oppo&v=1\",\"https:\\/\\/images.unsplash.com\\/photo-1511707171634-5f897ff02aa9?w=400&h=600&fit=crop&brand=oppo&v=2\",\"https:\\/\\/images.unsplash.com\\/photo-1511707171634-5f897ff02aa9?w=400&h=600&fit=crop&brand=oppo&v=3\",\"https:\\/\\/images.unsplash.com\\/photo-1511707171634-5f897ff02aa9?w=400&h=600&fit=crop&brand=oppo&v=4\"]',5437745.00,NULL,43,NULL,NULL,'2025-08-03 16:58:52','2025-08-03 17:02:26','2025-08-03 17:02:26'),(1021,662,'[\"https:\\/\\/i02.appmifile.com\\/mi-com-product\\/fly-birds\\/redmi-note-12\\/pc\\/orangebg.png\",\"https:\\/\\/i02.appmifile.com\\/mi-com-product\\/fly-birds\\/redmi-note-12\\/pc\\/title.png\",\"https:\\/\\/i02.appmifile.com\\/mi-com-product\\/fly-birds\\/redmi-note-12\\/pc\\/8191e8b77db2d9e8839a902585494d62.jpg\",\"https:\\/\\/i02.appmifile.com\\/mi-com-product\\/fly-birds\\/redmi-note-12\\/pc\\/7f23bf9dfa3d546262ea5a1d2546636b.png\"]',4748912.00,NULL,15,NULL,NULL,'2025-08-03 16:58:59','2025-08-03 17:02:26','2025-08-03 17:02:26'),(1022,662,'[\"https:\\/\\/i02.appmifile.com\\/mi-com-product\\/fly-birds\\/redmi-note-12\\/pc\\/orangebg.png\",\"https:\\/\\/i02.appmifile.com\\/mi-com-product\\/fly-birds\\/redmi-note-12\\/pc\\/title.png\",\"https:\\/\\/i02.appmifile.com\\/mi-com-product\\/fly-birds\\/redmi-note-12\\/pc\\/8191e8b77db2d9e8839a902585494d62.jpg\",\"https:\\/\\/i02.appmifile.com\\/mi-com-product\\/fly-birds\\/redmi-note-12\\/pc\\/7f23bf9dfa3d546262ea5a1d2546636b.png\"]',5062482.00,NULL,42,NULL,NULL,'2025-08-03 16:58:59','2025-08-03 17:02:26','2025-08-03 17:02:26'),(1023,662,'[\"https:\\/\\/i02.appmifile.com\\/mi-com-product\\/fly-birds\\/redmi-note-12\\/pc\\/orangebg.png\",\"https:\\/\\/i02.appmifile.com\\/mi-com-product\\/fly-birds\\/redmi-note-12\\/pc\\/title.png\",\"https:\\/\\/i02.appmifile.com\\/mi-com-product\\/fly-birds\\/redmi-note-12\\/pc\\/8191e8b77db2d9e8839a902585494d62.jpg\",\"https:\\/\\/i02.appmifile.com\\/mi-com-product\\/fly-birds\\/redmi-note-12\\/pc\\/7f23bf9dfa3d546262ea5a1d2546636b.png\"]',4898388.00,NULL,37,NULL,NULL,'2025-08-03 16:58:59','2025-08-03 17:02:26','2025-08-03 17:02:26'),(1024,662,'[\"https:\\/\\/i02.appmifile.com\\/mi-com-product\\/fly-birds\\/redmi-note-12\\/pc\\/orangebg.png\",\"https:\\/\\/i02.appmifile.com\\/mi-com-product\\/fly-birds\\/redmi-note-12\\/pc\\/title.png\",\"https:\\/\\/i02.appmifile.com\\/mi-com-product\\/fly-birds\\/redmi-note-12\\/pc\\/8191e8b77db2d9e8839a902585494d62.jpg\",\"https:\\/\\/i02.appmifile.com\\/mi-com-product\\/fly-birds\\/redmi-note-12\\/pc\\/7f23bf9dfa3d546262ea5a1d2546636b.png\"]',4853597.00,NULL,21,NULL,NULL,'2025-08-03 16:58:59','2025-08-03 17:02:26','2025-08-03 17:02:26'),(1025,663,'[\"https:\\/\\/www.mi.com\\/\\/i01.appmifile.com\\/webfile\\/globalimg\\/products\\/pc\\/redmi-note-11\\/ipgone002.png\",\"https:\\/\\/www.mi.com\\/\\/i01.appmifile.com\\/webfile\\/globalimg\\/products\\/pc\\/redmi-note-11\\/ipgone001.png\",\"https:\\/\\/www.mi.com\\/\\/i01.appmifile.com\\/webfile\\/globalimg\\/products\\/pc\\/redmi-note-11\\/ipgone003.png\",\"https:\\/\\/www.mi.com\\/\\/i01.appmifile.com\\/webfile\\/globalimg\\/products\\/pc\\/redmi-note-11\\/ipgone04.png\"]',4208921.00,NULL,34,NULL,NULL,'2025-08-03 16:59:00','2025-08-03 17:02:26','2025-08-03 17:02:26'),(1026,663,'[\"https:\\/\\/www.mi.com\\/\\/i01.appmifile.com\\/webfile\\/globalimg\\/products\\/pc\\/redmi-note-11\\/ipgone002.png\",\"https:\\/\\/www.mi.com\\/\\/i01.appmifile.com\\/webfile\\/globalimg\\/products\\/pc\\/redmi-note-11\\/ipgone001.png\",\"https:\\/\\/www.mi.com\\/\\/i01.appmifile.com\\/webfile\\/globalimg\\/products\\/pc\\/redmi-note-11\\/ipgone003.png\",\"https:\\/\\/www.mi.com\\/\\/i01.appmifile.com\\/webfile\\/globalimg\\/products\\/pc\\/redmi-note-11\\/ipgone04.png\"]',4284640.00,NULL,22,NULL,NULL,'2025-08-03 16:59:00','2025-08-03 17:02:26','2025-08-03 17:02:26'),(1027,663,'[\"https:\\/\\/www.mi.com\\/\\/i01.appmifile.com\\/webfile\\/globalimg\\/products\\/pc\\/redmi-note-11\\/ipgone002.png\",\"https:\\/\\/www.mi.com\\/\\/i01.appmifile.com\\/webfile\\/globalimg\\/products\\/pc\\/redmi-note-11\\/ipgone001.png\",\"https:\\/\\/www.mi.com\\/\\/i01.appmifile.com\\/webfile\\/globalimg\\/products\\/pc\\/redmi-note-11\\/ipgone003.png\",\"https:\\/\\/www.mi.com\\/\\/i01.appmifile.com\\/webfile\\/globalimg\\/products\\/pc\\/redmi-note-11\\/ipgone04.png\"]',3971534.00,NULL,23,NULL,NULL,'2025-08-03 16:59:00','2025-08-03 17:02:26','2025-08-03 17:02:26'),(1028,663,'[\"https:\\/\\/www.mi.com\\/\\/i01.appmifile.com\\/webfile\\/globalimg\\/products\\/pc\\/redmi-note-11\\/ipgone002.png\",\"https:\\/\\/www.mi.com\\/\\/i01.appmifile.com\\/webfile\\/globalimg\\/products\\/pc\\/redmi-note-11\\/ipgone001.png\",\"https:\\/\\/www.mi.com\\/\\/i01.appmifile.com\\/webfile\\/globalimg\\/products\\/pc\\/redmi-note-11\\/ipgone003.png\",\"https:\\/\\/www.mi.com\\/\\/i01.appmifile.com\\/webfile\\/globalimg\\/products\\/pc\\/redmi-note-11\\/ipgone04.png\"]',3829028.00,NULL,26,NULL,NULL,'2025-08-03 16:59:00','2025-08-03 17:02:26','2025-08-03 17:02:26'),(1029,664,'[\"https:\\/\\/www.mi.com\\/\\/i01.appmifile.com\\/webfile\\/globalimg\\/products\\/pc\\/redmi-note-10\\/section01bg.jpg\",\"https:\\/\\/www.mi.com\\/\\/i01.appmifile.com\\/webfile\\/globalimg\\/products\\/pc\\/redmi-note-10\\/fast-charge.png\",\"https:\\/\\/www.mi.com\\/\\/i01.appmifile.com\\/webfile\\/globalimg\\/products\\/pc\\/redmi-note-10\\/audio.png\",\"https:\\/\\/www.mi.com\\/\\/i01.appmifile.com\\/webfile\\/globalimg\\/products\\/pc\\/redmi-note-10\\/section07-01.png\"]',5099678.00,NULL,21,NULL,NULL,'2025-08-03 16:59:00','2025-08-03 17:02:26','2025-08-03 17:02:26'),(1030,664,'[\"https:\\/\\/www.mi.com\\/\\/i01.appmifile.com\\/webfile\\/globalimg\\/products\\/pc\\/redmi-note-10\\/section01bg.jpg\",\"https:\\/\\/www.mi.com\\/\\/i01.appmifile.com\\/webfile\\/globalimg\\/products\\/pc\\/redmi-note-10\\/fast-charge.png\",\"https:\\/\\/www.mi.com\\/\\/i01.appmifile.com\\/webfile\\/globalimg\\/products\\/pc\\/redmi-note-10\\/audio.png\",\"https:\\/\\/www.mi.com\\/\\/i01.appmifile.com\\/webfile\\/globalimg\\/products\\/pc\\/redmi-note-10\\/section07-01.png\"]',5235922.00,NULL,23,NULL,NULL,'2025-08-03 16:59:01','2025-08-03 17:02:26','2025-08-03 17:02:26'),(1031,664,'[\"https:\\/\\/www.mi.com\\/\\/i01.appmifile.com\\/webfile\\/globalimg\\/products\\/pc\\/redmi-note-10\\/section01bg.jpg\",\"https:\\/\\/www.mi.com\\/\\/i01.appmifile.com\\/webfile\\/globalimg\\/products\\/pc\\/redmi-note-10\\/fast-charge.png\",\"https:\\/\\/www.mi.com\\/\\/i01.appmifile.com\\/webfile\\/globalimg\\/products\\/pc\\/redmi-note-10\\/audio.png\",\"https:\\/\\/www.mi.com\\/\\/i01.appmifile.com\\/webfile\\/globalimg\\/products\\/pc\\/redmi-note-10\\/section07-01.png\"]',5203206.00,NULL,50,NULL,NULL,'2025-08-03 16:59:01','2025-08-03 17:02:26','2025-08-03 17:02:26'),(1032,664,'[\"https:\\/\\/www.mi.com\\/\\/i01.appmifile.com\\/webfile\\/globalimg\\/products\\/pc\\/redmi-note-10\\/section01bg.jpg\",\"https:\\/\\/www.mi.com\\/\\/i01.appmifile.com\\/webfile\\/globalimg\\/products\\/pc\\/redmi-note-10\\/fast-charge.png\",\"https:\\/\\/www.mi.com\\/\\/i01.appmifile.com\\/webfile\\/globalimg\\/products\\/pc\\/redmi-note-10\\/audio.png\",\"https:\\/\\/www.mi.com\\/\\/i01.appmifile.com\\/webfile\\/globalimg\\/products\\/pc\\/redmi-note-10\\/section07-01.png\"]',4960676.00,NULL,42,NULL,NULL,'2025-08-03 16:59:01','2025-08-03 17:02:26','2025-08-03 17:02:26'),(1033,665,'[\"https:\\/\\/i02.appmifile.com\\/mi-com-product\\/fly-birds\\/redmi-12\\/pc\\/overview\\/4862e8ec6d570ca8e6ee7d17de7ef956.jpg\",\"https:\\/\\/i02.appmifile.com\\/mi-com-product\\/fly-birds\\/redmi-12\\/pc\\/overview\\/bb0e9133f027acddf6cedf618a5aabe1.jpg\",\"https:\\/\\/i02.appmifile.com\\/mi-com-product\\/fly-birds\\/redmi-12\\/pc\\/overview\\/dd0e576d7dc3980275e03e6fe9c90838.png\",\"https:\\/\\/i02.appmifile.com\\/mi-com-product\\/fly-birds\\/redmi-12\\/pc\\/overview\\/f2bcbedad1b99452940be412ea1c01af.png\"]',5288068.00,NULL,11,NULL,NULL,'2025-08-03 16:59:01','2025-08-03 17:02:26','2025-08-03 17:02:26'),(1034,665,'[\"https:\\/\\/i02.appmifile.com\\/mi-com-product\\/fly-birds\\/redmi-12\\/pc\\/overview\\/4862e8ec6d570ca8e6ee7d17de7ef956.jpg\",\"https:\\/\\/i02.appmifile.com\\/mi-com-product\\/fly-birds\\/redmi-12\\/pc\\/overview\\/bb0e9133f027acddf6cedf618a5aabe1.jpg\",\"https:\\/\\/i02.appmifile.com\\/mi-com-product\\/fly-birds\\/redmi-12\\/pc\\/overview\\/dd0e576d7dc3980275e03e6fe9c90838.png\",\"https:\\/\\/i02.appmifile.com\\/mi-com-product\\/fly-birds\\/redmi-12\\/pc\\/overview\\/f2bcbedad1b99452940be412ea1c01af.png\"]',5046016.00,NULL,18,NULL,NULL,'2025-08-03 16:59:01','2025-08-03 17:02:26','2025-08-03 17:02:26'),(1035,665,'[\"https:\\/\\/i02.appmifile.com\\/mi-com-product\\/fly-birds\\/redmi-12\\/pc\\/overview\\/4862e8ec6d570ca8e6ee7d17de7ef956.jpg\",\"https:\\/\\/i02.appmifile.com\\/mi-com-product\\/fly-birds\\/redmi-12\\/pc\\/overview\\/bb0e9133f027acddf6cedf618a5aabe1.jpg\",\"https:\\/\\/i02.appmifile.com\\/mi-com-product\\/fly-birds\\/redmi-12\\/pc\\/overview\\/dd0e576d7dc3980275e03e6fe9c90838.png\",\"https:\\/\\/i02.appmifile.com\\/mi-com-product\\/fly-birds\\/redmi-12\\/pc\\/overview\\/f2bcbedad1b99452940be412ea1c01af.png\"]',5236989.00,NULL,24,NULL,NULL,'2025-08-03 16:59:02','2025-08-03 17:02:26','2025-08-03 17:02:26'),(1036,665,'[\"https:\\/\\/i02.appmifile.com\\/mi-com-product\\/fly-birds\\/redmi-12\\/pc\\/overview\\/4862e8ec6d570ca8e6ee7d17de7ef956.jpg\",\"https:\\/\\/i02.appmifile.com\\/mi-com-product\\/fly-birds\\/redmi-12\\/pc\\/overview\\/bb0e9133f027acddf6cedf618a5aabe1.jpg\",\"https:\\/\\/i02.appmifile.com\\/mi-com-product\\/fly-birds\\/redmi-12\\/pc\\/overview\\/dd0e576d7dc3980275e03e6fe9c90838.png\",\"https:\\/\\/i02.appmifile.com\\/mi-com-product\\/fly-birds\\/redmi-12\\/pc\\/overview\\/f2bcbedad1b99452940be412ea1c01af.png\"]',4729773.00,NULL,22,NULL,NULL,'2025-08-03 16:59:02','2025-08-03 17:02:26','2025-08-03 17:02:26'),(1037,666,'[\"https:\\/\\/images.unsplash.com\\/photo-1511707171634-5f897ff02aa9?w=400&h=600&fit=crop&brand=xiaomi&v=1\",\"https:\\/\\/images.unsplash.com\\/photo-1511707171634-5f897ff02aa9?w=400&h=600&fit=crop&brand=xiaomi&v=2\",\"https:\\/\\/images.unsplash.com\\/photo-1511707171634-5f897ff02aa9?w=400&h=600&fit=crop&brand=xiaomi&v=3\",\"https:\\/\\/images.unsplash.com\\/photo-1511707171634-5f897ff02aa9?w=400&h=600&fit=crop&brand=xiaomi&v=4\"]',2887606.00,NULL,5,NULL,NULL,'2025-08-03 16:59:02','2025-08-03 17:02:26','2025-08-03 17:02:26'),(1038,666,'[\"https:\\/\\/images.unsplash.com\\/photo-1511707171634-5f897ff02aa9?w=400&h=600&fit=crop&brand=xiaomi&v=1\",\"https:\\/\\/images.unsplash.com\\/photo-1511707171634-5f897ff02aa9?w=400&h=600&fit=crop&brand=xiaomi&v=2\",\"https:\\/\\/images.unsplash.com\\/photo-1511707171634-5f897ff02aa9?w=400&h=600&fit=crop&brand=xiaomi&v=3\",\"https:\\/\\/images.unsplash.com\\/photo-1511707171634-5f897ff02aa9?w=400&h=600&fit=crop&brand=xiaomi&v=4\"]',3517227.00,NULL,24,NULL,NULL,'2025-08-03 16:59:02','2025-08-03 17:02:26','2025-08-03 17:02:26'),(1039,666,'[\"https:\\/\\/images.unsplash.com\\/photo-1511707171634-5f897ff02aa9?w=400&h=600&fit=crop&brand=xiaomi&v=1\",\"https:\\/\\/images.unsplash.com\\/photo-1511707171634-5f897ff02aa9?w=400&h=600&fit=crop&brand=xiaomi&v=2\",\"https:\\/\\/images.unsplash.com\\/photo-1511707171634-5f897ff02aa9?w=400&h=600&fit=crop&brand=xiaomi&v=3\",\"https:\\/\\/images.unsplash.com\\/photo-1511707171634-5f897ff02aa9?w=400&h=600&fit=crop&brand=xiaomi&v=4\"]',3334183.00,NULL,45,NULL,NULL,'2025-08-03 16:59:02','2025-08-03 17:02:26','2025-08-03 17:02:26'),(1040,666,'[\"https:\\/\\/images.unsplash.com\\/photo-1511707171634-5f897ff02aa9?w=400&h=600&fit=crop&brand=xiaomi&v=1\",\"https:\\/\\/images.unsplash.com\\/photo-1511707171634-5f897ff02aa9?w=400&h=600&fit=crop&brand=xiaomi&v=2\",\"https:\\/\\/images.unsplash.com\\/photo-1511707171634-5f897ff02aa9?w=400&h=600&fit=crop&brand=xiaomi&v=3\",\"https:\\/\\/images.unsplash.com\\/photo-1511707171634-5f897ff02aa9?w=400&h=600&fit=crop&brand=xiaomi&v=4\"]',3263215.00,NULL,14,NULL,NULL,'2025-08-03 16:59:02','2025-08-03 17:02:26','2025-08-03 17:02:26'),(1041,667,'[\"https:\\/\\/www.mi.com\\/\\/i01.appmifile.com\\/webfile\\/globalimg\\/products\\/pc\\/redmi-10\\/p2.png\",\"https:\\/\\/www.mi.com\\/\\/i01.appmifile.com\\/webfile\\/globalimg\\/products\\/pc\\/redmi-10\\/p14.png\",\"https:\\/\\/www.mi.com\\/\\/i01.appmifile.com\\/webfile\\/globalimg\\/products\\/pc\\/redmi-10\\/micon1.png\",\"https:\\/\\/www.mi.com\\/\\/i01.appmifile.com\\/webfile\\/globalimg\\/products\\/pc\\/redmi-10\\/micon2.png\"]',5530950.00,NULL,20,NULL,NULL,'2025-08-03 16:59:03','2025-08-03 17:02:26','2025-08-03 17:02:26'),(1042,667,'[\"https:\\/\\/www.mi.com\\/\\/i01.appmifile.com\\/webfile\\/globalimg\\/products\\/pc\\/redmi-10\\/p2.png\",\"https:\\/\\/www.mi.com\\/\\/i01.appmifile.com\\/webfile\\/globalimg\\/products\\/pc\\/redmi-10\\/p14.png\",\"https:\\/\\/www.mi.com\\/\\/i01.appmifile.com\\/webfile\\/globalimg\\/products\\/pc\\/redmi-10\\/micon1.png\",\"https:\\/\\/www.mi.com\\/\\/i01.appmifile.com\\/webfile\\/globalimg\\/products\\/pc\\/redmi-10\\/micon2.png\"]',5243660.00,NULL,34,NULL,NULL,'2025-08-03 16:59:03','2025-08-03 17:02:26','2025-08-03 17:02:26'),(1043,667,'[\"https:\\/\\/www.mi.com\\/\\/i01.appmifile.com\\/webfile\\/globalimg\\/products\\/pc\\/redmi-10\\/p2.png\",\"https:\\/\\/www.mi.com\\/\\/i01.appmifile.com\\/webfile\\/globalimg\\/products\\/pc\\/redmi-10\\/p14.png\",\"https:\\/\\/www.mi.com\\/\\/i01.appmifile.com\\/webfile\\/globalimg\\/products\\/pc\\/redmi-10\\/micon1.png\",\"https:\\/\\/www.mi.com\\/\\/i01.appmifile.com\\/webfile\\/globalimg\\/products\\/pc\\/redmi-10\\/micon2.png\"]',5306465.00,NULL,25,NULL,NULL,'2025-08-03 16:59:03','2025-08-03 17:02:26','2025-08-03 17:02:26'),(1044,667,'[\"https:\\/\\/www.mi.com\\/\\/i01.appmifile.com\\/webfile\\/globalimg\\/products\\/pc\\/redmi-10\\/p2.png\",\"https:\\/\\/www.mi.com\\/\\/i01.appmifile.com\\/webfile\\/globalimg\\/products\\/pc\\/redmi-10\\/p14.png\",\"https:\\/\\/www.mi.com\\/\\/i01.appmifile.com\\/webfile\\/globalimg\\/products\\/pc\\/redmi-10\\/micon1.png\",\"https:\\/\\/www.mi.com\\/\\/i01.appmifile.com\\/webfile\\/globalimg\\/products\\/pc\\/redmi-10\\/micon2.png\"]',5193375.00,NULL,46,NULL,NULL,'2025-08-03 16:59:03','2025-08-03 17:02:26','2025-08-03 17:02:26'),(1045,668,'[\"https:\\/\\/images.unsplash.com\\/photo-1511707171634-5f897ff02aa9?w=400&h=600&fit=crop&brand=xiaomi&v=1\",\"https:\\/\\/images.unsplash.com\\/photo-1511707171634-5f897ff02aa9?w=400&h=600&fit=crop&brand=xiaomi&v=2\",\"https:\\/\\/images.unsplash.com\\/photo-1511707171634-5f897ff02aa9?w=400&h=600&fit=crop&brand=xiaomi&v=3\",\"https:\\/\\/images.unsplash.com\\/photo-1511707171634-5f897ff02aa9?w=400&h=600&fit=crop&brand=xiaomi&v=4\"]',4110355.00,NULL,33,NULL,NULL,'2025-08-03 16:59:04','2025-08-03 17:02:26','2025-08-03 17:02:26'),(1046,668,'[\"https:\\/\\/images.unsplash.com\\/photo-1511707171634-5f897ff02aa9?w=400&h=600&fit=crop&brand=xiaomi&v=1\",\"https:\\/\\/images.unsplash.com\\/photo-1511707171634-5f897ff02aa9?w=400&h=600&fit=crop&brand=xiaomi&v=2\",\"https:\\/\\/images.unsplash.com\\/photo-1511707171634-5f897ff02aa9?w=400&h=600&fit=crop&brand=xiaomi&v=3\",\"https:\\/\\/images.unsplash.com\\/photo-1511707171634-5f897ff02aa9?w=400&h=600&fit=crop&brand=xiaomi&v=4\"]',3730329.00,NULL,6,NULL,NULL,'2025-08-03 16:59:04','2025-08-03 17:02:26','2025-08-03 17:02:26'),(1047,668,'[\"https:\\/\\/images.unsplash.com\\/photo-1511707171634-5f897ff02aa9?w=400&h=600&fit=crop&brand=xiaomi&v=1\",\"https:\\/\\/images.unsplash.com\\/photo-1511707171634-5f897ff02aa9?w=400&h=600&fit=crop&brand=xiaomi&v=2\",\"https:\\/\\/images.unsplash.com\\/photo-1511707171634-5f897ff02aa9?w=400&h=600&fit=crop&brand=xiaomi&v=3\",\"https:\\/\\/images.unsplash.com\\/photo-1511707171634-5f897ff02aa9?w=400&h=600&fit=crop&brand=xiaomi&v=4\"]',3606183.00,NULL,49,NULL,NULL,'2025-08-03 16:59:04','2025-08-03 17:02:26','2025-08-03 17:02:26'),(1048,668,'[\"https:\\/\\/images.unsplash.com\\/photo-1511707171634-5f897ff02aa9?w=400&h=600&fit=crop&brand=xiaomi&v=1\",\"https:\\/\\/images.unsplash.com\\/photo-1511707171634-5f897ff02aa9?w=400&h=600&fit=crop&brand=xiaomi&v=2\",\"https:\\/\\/images.unsplash.com\\/photo-1511707171634-5f897ff02aa9?w=400&h=600&fit=crop&brand=xiaomi&v=3\",\"https:\\/\\/images.unsplash.com\\/photo-1511707171634-5f897ff02aa9?w=400&h=600&fit=crop&brand=xiaomi&v=4\"]',3475486.00,NULL,40,NULL,NULL,'2025-08-03 16:59:04','2025-08-03 17:02:26','2025-08-03 17:02:26'),(1049,669,'[\"https:\\/\\/images.unsplash.com\\/photo-1511707171634-5f897ff02aa9?w=400&h=600&fit=crop&brand=xiaomi&v=1\",\"https:\\/\\/images.unsplash.com\\/photo-1511707171634-5f897ff02aa9?w=400&h=600&fit=crop&brand=xiaomi&v=2\",\"https:\\/\\/images.unsplash.com\\/photo-1511707171634-5f897ff02aa9?w=400&h=600&fit=crop&brand=xiaomi&v=3\",\"https:\\/\\/images.unsplash.com\\/photo-1511707171634-5f897ff02aa9?w=400&h=600&fit=crop&brand=xiaomi&v=4\"]',4249432.00,NULL,17,NULL,NULL,'2025-08-03 16:59:04','2025-08-03 17:02:26','2025-08-03 17:02:26'),(1050,669,'[\"https:\\/\\/images.unsplash.com\\/photo-1511707171634-5f897ff02aa9?w=400&h=600&fit=crop&brand=xiaomi&v=1\",\"https:\\/\\/images.unsplash.com\\/photo-1511707171634-5f897ff02aa9?w=400&h=600&fit=crop&brand=xiaomi&v=2\",\"https:\\/\\/images.unsplash.com\\/photo-1511707171634-5f897ff02aa9?w=400&h=600&fit=crop&brand=xiaomi&v=3\",\"https:\\/\\/images.unsplash.com\\/photo-1511707171634-5f897ff02aa9?w=400&h=600&fit=crop&brand=xiaomi&v=4\"]',4330648.00,NULL,49,NULL,NULL,'2025-08-03 16:59:05','2025-08-03 17:02:26','2025-08-03 17:02:26'),(1051,669,'[\"https:\\/\\/images.unsplash.com\\/photo-1511707171634-5f897ff02aa9?w=400&h=600&fit=crop&brand=xiaomi&v=1\",\"https:\\/\\/images.unsplash.com\\/photo-1511707171634-5f897ff02aa9?w=400&h=600&fit=crop&brand=xiaomi&v=2\",\"https:\\/\\/images.unsplash.com\\/photo-1511707171634-5f897ff02aa9?w=400&h=600&fit=crop&brand=xiaomi&v=3\",\"https:\\/\\/images.unsplash.com\\/photo-1511707171634-5f897ff02aa9?w=400&h=600&fit=crop&brand=xiaomi&v=4\"]',4351273.00,NULL,26,NULL,NULL,'2025-08-03 16:59:05','2025-08-03 17:02:26','2025-08-03 17:02:26'),(1052,669,'[\"https:\\/\\/images.unsplash.com\\/photo-1511707171634-5f897ff02aa9?w=400&h=600&fit=crop&brand=xiaomi&v=1\",\"https:\\/\\/images.unsplash.com\\/photo-1511707171634-5f897ff02aa9?w=400&h=600&fit=crop&brand=xiaomi&v=2\",\"https:\\/\\/images.unsplash.com\\/photo-1511707171634-5f897ff02aa9?w=400&h=600&fit=crop&brand=xiaomi&v=3\",\"https:\\/\\/images.unsplash.com\\/photo-1511707171634-5f897ff02aa9?w=400&h=600&fit=crop&brand=xiaomi&v=4\"]',4259655.00,NULL,36,NULL,NULL,'2025-08-03 16:59:05','2025-08-03 17:02:26','2025-08-03 17:02:26'),(1053,670,'[\"https:\\/\\/images.unsplash.com\\/photo-1511707171634-5f897ff02aa9?w=400&h=600&fit=crop&brand=xiaomi&v=1\",\"https:\\/\\/images.unsplash.com\\/photo-1511707171634-5f897ff02aa9?w=400&h=600&fit=crop&brand=xiaomi&v=2\",\"https:\\/\\/images.unsplash.com\\/photo-1511707171634-5f897ff02aa9?w=400&h=600&fit=crop&brand=xiaomi&v=3\",\"https:\\/\\/images.unsplash.com\\/photo-1511707171634-5f897ff02aa9?w=400&h=600&fit=crop&brand=xiaomi&v=4\"]',4682325.00,NULL,7,NULL,NULL,'2025-08-03 16:59:05','2025-08-03 17:02:26','2025-08-03 17:02:26'),(1054,670,'[\"https:\\/\\/images.unsplash.com\\/photo-1511707171634-5f897ff02aa9?w=400&h=600&fit=crop&brand=xiaomi&v=1\",\"https:\\/\\/images.unsplash.com\\/photo-1511707171634-5f897ff02aa9?w=400&h=600&fit=crop&brand=xiaomi&v=2\",\"https:\\/\\/images.unsplash.com\\/photo-1511707171634-5f897ff02aa9?w=400&h=600&fit=crop&brand=xiaomi&v=3\",\"https:\\/\\/images.unsplash.com\\/photo-1511707171634-5f897ff02aa9?w=400&h=600&fit=crop&brand=xiaomi&v=4\"]',5148683.00,NULL,48,NULL,NULL,'2025-08-03 16:59:05','2025-08-03 17:02:26','2025-08-03 17:02:26'),(1055,670,'[\"https:\\/\\/images.unsplash.com\\/photo-1511707171634-5f897ff02aa9?w=400&h=600&fit=crop&brand=xiaomi&v=1\",\"https:\\/\\/images.unsplash.com\\/photo-1511707171634-5f897ff02aa9?w=400&h=600&fit=crop&brand=xiaomi&v=2\",\"https:\\/\\/images.unsplash.com\\/photo-1511707171634-5f897ff02aa9?w=400&h=600&fit=crop&brand=xiaomi&v=3\",\"https:\\/\\/images.unsplash.com\\/photo-1511707171634-5f897ff02aa9?w=400&h=600&fit=crop&brand=xiaomi&v=4\"]',5119561.00,NULL,27,NULL,NULL,'2025-08-03 16:59:06','2025-08-03 17:02:26','2025-08-03 17:02:26'),(1056,670,'[\"https:\\/\\/images.unsplash.com\\/photo-1511707171634-5f897ff02aa9?w=400&h=600&fit=crop&brand=xiaomi&v=1\",\"https:\\/\\/images.unsplash.com\\/photo-1511707171634-5f897ff02aa9?w=400&h=600&fit=crop&brand=xiaomi&v=2\",\"https:\\/\\/images.unsplash.com\\/photo-1511707171634-5f897ff02aa9?w=400&h=600&fit=crop&brand=xiaomi&v=3\",\"https:\\/\\/images.unsplash.com\\/photo-1511707171634-5f897ff02aa9?w=400&h=600&fit=crop&brand=xiaomi&v=4\"]',5327770.00,NULL,46,NULL,NULL,'2025-08-03 16:59:06','2025-08-03 17:02:26','2025-08-03 17:02:26'),(1057,671,'[\"https:\\/\\/i02.appmifile.com\\/mi-com-product\\/fly-birds\\/poco-f4-gt\\/7a6612fe17f461a332e9a23a6d4595ec.jpg\",\"https:\\/\\/i02.appmifile.com\\/mi-com-product\\/fly-birds\\/poco-f4-gt\\/9d92b0a68afc7d71361f97192f75589d.png\",\"https:\\/\\/i02.appmifile.com\\/mi-com-product\\/fly-birds\\/poco-f4-gt\\/8eb52db082f561ab9d742517b4dcd20a.jpg\",\"https:\\/\\/i02.appmifile.com\\/mi-com-product\\/fly-birds\\/poco-f4-gt\\/bfd8756286e8a15c1de2e40e77b453fa.png\"]',3037491.00,NULL,40,NULL,NULL,'2025-08-03 16:59:06','2025-08-03 17:02:26','2025-08-03 17:02:26'),(1058,671,'[\"https:\\/\\/i02.appmifile.com\\/mi-com-product\\/fly-birds\\/poco-f4-gt\\/7a6612fe17f461a332e9a23a6d4595ec.jpg\",\"https:\\/\\/i02.appmifile.com\\/mi-com-product\\/fly-birds\\/poco-f4-gt\\/9d92b0a68afc7d71361f97192f75589d.png\",\"https:\\/\\/i02.appmifile.com\\/mi-com-product\\/fly-birds\\/poco-f4-gt\\/8eb52db082f561ab9d742517b4dcd20a.jpg\",\"https:\\/\\/i02.appmifile.com\\/mi-com-product\\/fly-birds\\/poco-f4-gt\\/bfd8756286e8a15c1de2e40e77b453fa.png\"]',3323390.00,NULL,16,NULL,NULL,'2025-08-03 16:59:06','2025-08-03 17:02:26','2025-08-03 17:02:26'),(1059,671,'[\"https:\\/\\/i02.appmifile.com\\/mi-com-product\\/fly-birds\\/poco-f4-gt\\/7a6612fe17f461a332e9a23a6d4595ec.jpg\",\"https:\\/\\/i02.appmifile.com\\/mi-com-product\\/fly-birds\\/poco-f4-gt\\/9d92b0a68afc7d71361f97192f75589d.png\",\"https:\\/\\/i02.appmifile.com\\/mi-com-product\\/fly-birds\\/poco-f4-gt\\/8eb52db082f561ab9d742517b4dcd20a.jpg\",\"https:\\/\\/i02.appmifile.com\\/mi-com-product\\/fly-birds\\/poco-f4-gt\\/bfd8756286e8a15c1de2e40e77b453fa.png\"]',3298714.00,NULL,19,NULL,NULL,'2025-08-03 16:59:06','2025-08-03 17:02:26','2025-08-03 17:02:26'),(1060,671,'[\"https:\\/\\/i02.appmifile.com\\/mi-com-product\\/fly-birds\\/poco-f4-gt\\/7a6612fe17f461a332e9a23a6d4595ec.jpg\",\"https:\\/\\/i02.appmifile.com\\/mi-com-product\\/fly-birds\\/poco-f4-gt\\/9d92b0a68afc7d71361f97192f75589d.png\",\"https:\\/\\/i02.appmifile.com\\/mi-com-product\\/fly-birds\\/poco-f4-gt\\/8eb52db082f561ab9d742517b4dcd20a.jpg\",\"https:\\/\\/i02.appmifile.com\\/mi-com-product\\/fly-birds\\/poco-f4-gt\\/bfd8756286e8a15c1de2e40e77b453fa.png\"]',2965695.00,NULL,9,NULL,NULL,'2025-08-03 16:59:06','2025-08-03 17:02:26','2025-08-03 17:02:26'),(1061,672,'[\"https:\\/\\/www.samsung.com\\/\\/images.samsung.com\\/is\\/image\\/samsung\\/assets\\/vn\\/f2507\\/gnb\\/Galaxy-Smartphone_GNB_L1_Menu_88x88.png\",\"https:\\/\\/www.samsung.com\\/\\/images.samsung.com\\/is\\/image\\/samsung\\/assets\\/vn\\/f2507\\/gnb\\/Galaxy-Smartphone_GNB_L1_Menu_88x88.png\",\"https:\\/\\/www.samsung.com\\/\\/images.samsung.com\\/is\\/image\\/samsung\\/assets\\/vn\\/gnb\\/VN_Appliances_L1_product_2-10_PC_MO_LTR.png\",\"https:\\/\\/www.samsung.com\\/\\/images.samsung.com\\/is\\/image\\/samsung\\/assets\\/vn\\/gnb\\/VN_Appliances_L1_product_2-10_PC_MO_LTR.png\"]',7576165.00,NULL,19,NULL,NULL,'2025-08-03 16:59:07','2025-08-03 17:02:26','2025-08-03 17:02:26'),(1062,672,'[\"https:\\/\\/www.samsung.com\\/\\/images.samsung.com\\/is\\/image\\/samsung\\/assets\\/vn\\/f2507\\/gnb\\/Galaxy-Smartphone_GNB_L1_Menu_88x88.png\",\"https:\\/\\/www.samsung.com\\/\\/images.samsung.com\\/is\\/image\\/samsung\\/assets\\/vn\\/f2507\\/gnb\\/Galaxy-Smartphone_GNB_L1_Menu_88x88.png\",\"https:\\/\\/www.samsung.com\\/\\/images.samsung.com\\/is\\/image\\/samsung\\/assets\\/vn\\/gnb\\/VN_Appliances_L1_product_2-10_PC_MO_LTR.png\",\"https:\\/\\/www.samsung.com\\/\\/images.samsung.com\\/is\\/image\\/samsung\\/assets\\/vn\\/gnb\\/VN_Appliances_L1_product_2-10_PC_MO_LTR.png\"]',7631843.00,NULL,33,NULL,NULL,'2025-08-03 16:59:07','2025-08-03 17:02:26','2025-08-03 17:02:26'),(1063,672,'[\"https:\\/\\/www.samsung.com\\/\\/images.samsung.com\\/is\\/image\\/samsung\\/assets\\/vn\\/f2507\\/gnb\\/Galaxy-Smartphone_GNB_L1_Menu_88x88.png\",\"https:\\/\\/www.samsung.com\\/\\/images.samsung.com\\/is\\/image\\/samsung\\/assets\\/vn\\/f2507\\/gnb\\/Galaxy-Smartphone_GNB_L1_Menu_88x88.png\",\"https:\\/\\/www.samsung.com\\/\\/images.samsung.com\\/is\\/image\\/samsung\\/assets\\/vn\\/gnb\\/VN_Appliances_L1_product_2-10_PC_MO_LTR.png\",\"https:\\/\\/www.samsung.com\\/\\/images.samsung.com\\/is\\/image\\/samsung\\/assets\\/vn\\/gnb\\/VN_Appliances_L1_product_2-10_PC_MO_LTR.png\"]',8051920.00,NULL,47,NULL,NULL,'2025-08-03 16:59:07','2025-08-03 17:02:26','2025-08-03 17:02:26'),(1064,672,'[\"https:\\/\\/www.samsung.com\\/\\/images.samsung.com\\/is\\/image\\/samsung\\/assets\\/vn\\/f2507\\/gnb\\/Galaxy-Smartphone_GNB_L1_Menu_88x88.png\",\"https:\\/\\/www.samsung.com\\/\\/images.samsung.com\\/is\\/image\\/samsung\\/assets\\/vn\\/f2507\\/gnb\\/Galaxy-Smartphone_GNB_L1_Menu_88x88.png\",\"https:\\/\\/www.samsung.com\\/\\/images.samsung.com\\/is\\/image\\/samsung\\/assets\\/vn\\/gnb\\/VN_Appliances_L1_product_2-10_PC_MO_LTR.png\",\"https:\\/\\/www.samsung.com\\/\\/images.samsung.com\\/is\\/image\\/samsung\\/assets\\/vn\\/gnb\\/VN_Appliances_L1_product_2-10_PC_MO_LTR.png\"]',8056449.00,NULL,27,NULL,NULL,'2025-08-03 16:59:07','2025-08-03 17:02:26','2025-08-03 17:02:26'),(1069,674,'[\"https:\\/\\/www.samsung.com\\/\\/images.samsung.com\\/is\\/image\\/samsung\\/assets\\/vn\\/f2507\\/gnb\\/Galaxy-Smartphone_GNB_L1_Menu_88x88.png\",\"https:\\/\\/www.samsung.com\\/\\/images.samsung.com\\/is\\/image\\/samsung\\/assets\\/vn\\/f2507\\/gnb\\/Galaxy-Smartphone_GNB_L1_Menu_88x88.png\",\"https:\\/\\/www.samsung.com\\/\\/images.samsung.com\\/is\\/image\\/samsung\\/assets\\/vn\\/gnb\\/VN_Appliances_L1_product_2-10_PC_MO_LTR.png\",\"https:\\/\\/www.samsung.com\\/\\/images.samsung.com\\/is\\/image\\/samsung\\/assets\\/vn\\/gnb\\/VN_Appliances_L1_product_2-10_PC_MO_LTR.png\"]',6246269.00,NULL,42,NULL,NULL,'2025-08-03 16:59:08','2025-08-03 17:02:26','2025-08-03 17:02:26'),(1070,674,'[\"https:\\/\\/www.samsung.com\\/\\/images.samsung.com\\/is\\/image\\/samsung\\/assets\\/vn\\/f2507\\/gnb\\/Galaxy-Smartphone_GNB_L1_Menu_88x88.png\",\"https:\\/\\/www.samsung.com\\/\\/images.samsung.com\\/is\\/image\\/samsung\\/assets\\/vn\\/f2507\\/gnb\\/Galaxy-Smartphone_GNB_L1_Menu_88x88.png\",\"https:\\/\\/www.samsung.com\\/\\/images.samsung.com\\/is\\/image\\/samsung\\/assets\\/vn\\/gnb\\/VN_Appliances_L1_product_2-10_PC_MO_LTR.png\",\"https:\\/\\/www.samsung.com\\/\\/images.samsung.com\\/is\\/image\\/samsung\\/assets\\/vn\\/gnb\\/VN_Appliances_L1_product_2-10_PC_MO_LTR.png\"]',5861724.00,NULL,35,NULL,NULL,'2025-08-03 16:59:08','2025-08-03 17:02:26','2025-08-03 17:02:26'),(1071,674,'[\"https:\\/\\/www.samsung.com\\/\\/images.samsung.com\\/is\\/image\\/samsung\\/assets\\/vn\\/f2507\\/gnb\\/Galaxy-Smartphone_GNB_L1_Menu_88x88.png\",\"https:\\/\\/www.samsung.com\\/\\/images.samsung.com\\/is\\/image\\/samsung\\/assets\\/vn\\/f2507\\/gnb\\/Galaxy-Smartphone_GNB_L1_Menu_88x88.png\",\"https:\\/\\/www.samsung.com\\/\\/images.samsung.com\\/is\\/image\\/samsung\\/assets\\/vn\\/gnb\\/VN_Appliances_L1_product_2-10_PC_MO_LTR.png\",\"https:\\/\\/www.samsung.com\\/\\/images.samsung.com\\/is\\/image\\/samsung\\/assets\\/vn\\/gnb\\/VN_Appliances_L1_product_2-10_PC_MO_LTR.png\"]',5979252.00,NULL,11,NULL,NULL,'2025-08-03 16:59:08','2025-08-03 17:02:26','2025-08-03 17:02:26'),(1072,674,'[\"https:\\/\\/www.samsung.com\\/\\/images.samsung.com\\/is\\/image\\/samsung\\/assets\\/vn\\/f2507\\/gnb\\/Galaxy-Smartphone_GNB_L1_Menu_88x88.png\",\"https:\\/\\/www.samsung.com\\/\\/images.samsung.com\\/is\\/image\\/samsung\\/assets\\/vn\\/f2507\\/gnb\\/Galaxy-Smartphone_GNB_L1_Menu_88x88.png\",\"https:\\/\\/www.samsung.com\\/\\/images.samsung.com\\/is\\/image\\/samsung\\/assets\\/vn\\/gnb\\/VN_Appliances_L1_product_2-10_PC_MO_LTR.png\",\"https:\\/\\/www.samsung.com\\/\\/images.samsung.com\\/is\\/image\\/samsung\\/assets\\/vn\\/gnb\\/VN_Appliances_L1_product_2-10_PC_MO_LTR.png\"]',6032360.00,NULL,21,NULL,NULL,'2025-08-03 16:59:08','2025-08-03 17:02:26','2025-08-03 17:02:26'),(1073,675,'[\"https:\\/\\/www.samsung.com\\/\\/images.samsung.com\\/is\\/image\\/samsung\\/assets\\/vn\\/f2507\\/gnb\\/Galaxy-Smartphone_GNB_L1_Menu_88x88.png\",\"https:\\/\\/www.samsung.com\\/\\/images.samsung.com\\/is\\/image\\/samsung\\/assets\\/vn\\/f2507\\/gnb\\/Galaxy-Smartphone_GNB_L1_Menu_88x88.png\",\"https:\\/\\/www.samsung.com\\/\\/images.samsung.com\\/is\\/image\\/samsung\\/assets\\/vn\\/gnb\\/VN_Appliances_L1_product_2-10_PC_MO_LTR.png\",\"https:\\/\\/www.samsung.com\\/\\/images.samsung.com\\/is\\/image\\/samsung\\/assets\\/vn\\/gnb\\/VN_Appliances_L1_product_2-10_PC_MO_LTR.png\"]',7753194.00,NULL,45,NULL,NULL,'2025-08-03 16:59:09','2025-08-03 17:02:26','2025-08-03 17:02:26'),(1074,675,'[\"https:\\/\\/www.samsung.com\\/\\/images.samsung.com\\/is\\/image\\/samsung\\/assets\\/vn\\/f2507\\/gnb\\/Galaxy-Smartphone_GNB_L1_Menu_88x88.png\",\"https:\\/\\/www.samsung.com\\/\\/images.samsung.com\\/is\\/image\\/samsung\\/assets\\/vn\\/f2507\\/gnb\\/Galaxy-Smartphone_GNB_L1_Menu_88x88.png\",\"https:\\/\\/www.samsung.com\\/\\/images.samsung.com\\/is\\/image\\/samsung\\/assets\\/vn\\/gnb\\/VN_Appliances_L1_product_2-10_PC_MO_LTR.png\",\"https:\\/\\/www.samsung.com\\/\\/images.samsung.com\\/is\\/image\\/samsung\\/assets\\/vn\\/gnb\\/VN_Appliances_L1_product_2-10_PC_MO_LTR.png\"]',7469853.00,NULL,11,NULL,NULL,'2025-08-03 16:59:09','2025-08-03 17:02:26','2025-08-03 17:02:26'),(1075,675,'[\"https:\\/\\/www.samsung.com\\/\\/images.samsung.com\\/is\\/image\\/samsung\\/assets\\/vn\\/f2507\\/gnb\\/Galaxy-Smartphone_GNB_L1_Menu_88x88.png\",\"https:\\/\\/www.samsung.com\\/\\/images.samsung.com\\/is\\/image\\/samsung\\/assets\\/vn\\/f2507\\/gnb\\/Galaxy-Smartphone_GNB_L1_Menu_88x88.png\",\"https:\\/\\/www.samsung.com\\/\\/images.samsung.com\\/is\\/image\\/samsung\\/assets\\/vn\\/gnb\\/VN_Appliances_L1_product_2-10_PC_MO_LTR.png\",\"https:\\/\\/www.samsung.com\\/\\/images.samsung.com\\/is\\/image\\/samsung\\/assets\\/vn\\/gnb\\/VN_Appliances_L1_product_2-10_PC_MO_LTR.png\"]',8013798.00,NULL,47,NULL,NULL,'2025-08-03 16:59:09','2025-08-03 17:02:26','2025-08-03 17:02:26'),(1076,675,'[\"https:\\/\\/www.samsung.com\\/\\/images.samsung.com\\/is\\/image\\/samsung\\/assets\\/vn\\/f2507\\/gnb\\/Galaxy-Smartphone_GNB_L1_Menu_88x88.png\",\"https:\\/\\/www.samsung.com\\/\\/images.samsung.com\\/is\\/image\\/samsung\\/assets\\/vn\\/f2507\\/gnb\\/Galaxy-Smartphone_GNB_L1_Menu_88x88.png\",\"https:\\/\\/www.samsung.com\\/\\/images.samsung.com\\/is\\/image\\/samsung\\/assets\\/vn\\/gnb\\/VN_Appliances_L1_product_2-10_PC_MO_LTR.png\",\"https:\\/\\/www.samsung.com\\/\\/images.samsung.com\\/is\\/image\\/samsung\\/assets\\/vn\\/gnb\\/VN_Appliances_L1_product_2-10_PC_MO_LTR.png\"]',7530244.00,NULL,18,NULL,NULL,'2025-08-03 16:59:09','2025-08-03 17:02:26','2025-08-03 17:02:26'),(1081,677,'[\"https:\\/\\/www.samsung.com\\/\\/images.samsung.com\\/is\\/image\\/samsung\\/assets\\/vn\\/f2507\\/gnb\\/Galaxy-Smartphone_GNB_L1_Menu_88x88.png\",\"https:\\/\\/www.samsung.com\\/\\/images.samsung.com\\/is\\/image\\/samsung\\/assets\\/vn\\/f2507\\/gnb\\/Galaxy-Smartphone_GNB_L1_Menu_88x88.png\",\"https:\\/\\/www.samsung.com\\/\\/images.samsung.com\\/is\\/image\\/samsung\\/assets\\/vn\\/gnb\\/VN_Appliances_L1_product_2-10_PC_MO_LTR.png\",\"https:\\/\\/www.samsung.com\\/\\/images.samsung.com\\/is\\/image\\/samsung\\/assets\\/vn\\/gnb\\/VN_Appliances_L1_product_2-10_PC_MO_LTR.png\"]',7342346.00,NULL,29,NULL,NULL,'2025-08-03 16:59:10','2025-08-03 17:02:26','2025-08-03 17:02:26'),(1082,677,'[\"https:\\/\\/www.samsung.com\\/\\/images.samsung.com\\/is\\/image\\/samsung\\/assets\\/vn\\/f2507\\/gnb\\/Galaxy-Smartphone_GNB_L1_Menu_88x88.png\",\"https:\\/\\/www.samsung.com\\/\\/images.samsung.com\\/is\\/image\\/samsung\\/assets\\/vn\\/f2507\\/gnb\\/Galaxy-Smartphone_GNB_L1_Menu_88x88.png\",\"https:\\/\\/www.samsung.com\\/\\/images.samsung.com\\/is\\/image\\/samsung\\/assets\\/vn\\/gnb\\/VN_Appliances_L1_product_2-10_PC_MO_LTR.png\",\"https:\\/\\/www.samsung.com\\/\\/images.samsung.com\\/is\\/image\\/samsung\\/assets\\/vn\\/gnb\\/VN_Appliances_L1_product_2-10_PC_MO_LTR.png\"]',7568787.00,NULL,26,NULL,NULL,'2025-08-03 16:59:10','2025-08-03 17:02:26','2025-08-03 17:02:26'),(1083,677,'[\"https:\\/\\/www.samsung.com\\/\\/images.samsung.com\\/is\\/image\\/samsung\\/assets\\/vn\\/f2507\\/gnb\\/Galaxy-Smartphone_GNB_L1_Menu_88x88.png\",\"https:\\/\\/www.samsung.com\\/\\/images.samsung.com\\/is\\/image\\/samsung\\/assets\\/vn\\/f2507\\/gnb\\/Galaxy-Smartphone_GNB_L1_Menu_88x88.png\",\"https:\\/\\/www.samsung.com\\/\\/images.samsung.com\\/is\\/image\\/samsung\\/assets\\/vn\\/gnb\\/VN_Appliances_L1_product_2-10_PC_MO_LTR.png\",\"https:\\/\\/www.samsung.com\\/\\/images.samsung.com\\/is\\/image\\/samsung\\/assets\\/vn\\/gnb\\/VN_Appliances_L1_product_2-10_PC_MO_LTR.png\"]',7012353.00,NULL,31,NULL,NULL,'2025-08-03 16:59:10','2025-08-03 17:02:26','2025-08-03 17:02:26'),(1084,677,'[\"https:\\/\\/www.samsung.com\\/\\/images.samsung.com\\/is\\/image\\/samsung\\/assets\\/vn\\/f2507\\/gnb\\/Galaxy-Smartphone_GNB_L1_Menu_88x88.png\",\"https:\\/\\/www.samsung.com\\/\\/images.samsung.com\\/is\\/image\\/samsung\\/assets\\/vn\\/f2507\\/gnb\\/Galaxy-Smartphone_GNB_L1_Menu_88x88.png\",\"https:\\/\\/www.samsung.com\\/\\/images.samsung.com\\/is\\/image\\/samsung\\/assets\\/vn\\/gnb\\/VN_Appliances_L1_product_2-10_PC_MO_LTR.png\",\"https:\\/\\/www.samsung.com\\/\\/images.samsung.com\\/is\\/image\\/samsung\\/assets\\/vn\\/gnb\\/VN_Appliances_L1_product_2-10_PC_MO_LTR.png\"]',7429330.00,NULL,12,NULL,NULL,'2025-08-03 16:59:10','2025-08-03 17:02:26','2025-08-03 17:02:26'),(1085,678,'[\"https:\\/\\/images.unsplash.com\\/photo-1511707171634-5f897ff02aa9?w=400&h=600&fit=crop&brand=samsung&v=1\",\"https:\\/\\/images.unsplash.com\\/photo-1511707171634-5f897ff02aa9?w=400&h=600&fit=crop&brand=samsung&v=2\",\"https:\\/\\/images.unsplash.com\\/photo-1511707171634-5f897ff02aa9?w=400&h=600&fit=crop&brand=samsung&v=3\",\"https:\\/\\/images.unsplash.com\\/photo-1511707171634-5f897ff02aa9?w=400&h=600&fit=crop&brand=samsung&v=4\"]',6494664.00,NULL,32,NULL,NULL,'2025-08-03 16:59:11','2025-08-03 17:02:26','2025-08-03 17:02:26'),(1086,678,'[\"https:\\/\\/images.unsplash.com\\/photo-1511707171634-5f897ff02aa9?w=400&h=600&fit=crop&brand=samsung&v=1\",\"https:\\/\\/images.unsplash.com\\/photo-1511707171634-5f897ff02aa9?w=400&h=600&fit=crop&brand=samsung&v=2\",\"https:\\/\\/images.unsplash.com\\/photo-1511707171634-5f897ff02aa9?w=400&h=600&fit=crop&brand=samsung&v=3\",\"https:\\/\\/images.unsplash.com\\/photo-1511707171634-5f897ff02aa9?w=400&h=600&fit=crop&brand=samsung&v=4\"]',6412146.00,NULL,34,NULL,NULL,'2025-08-03 16:59:11','2025-08-03 17:02:26','2025-08-03 17:02:26'),(1087,678,'[\"https:\\/\\/images.unsplash.com\\/photo-1511707171634-5f897ff02aa9?w=400&h=600&fit=crop&brand=samsung&v=1\",\"https:\\/\\/images.unsplash.com\\/photo-1511707171634-5f897ff02aa9?w=400&h=600&fit=crop&brand=samsung&v=2\",\"https:\\/\\/images.unsplash.com\\/photo-1511707171634-5f897ff02aa9?w=400&h=600&fit=crop&brand=samsung&v=3\",\"https:\\/\\/images.unsplash.com\\/photo-1511707171634-5f897ff02aa9?w=400&h=600&fit=crop&brand=samsung&v=4\"]',6813558.00,NULL,22,NULL,NULL,'2025-08-03 16:59:11','2025-08-03 17:02:26','2025-08-03 17:02:26'),(1088,678,'[\"https:\\/\\/images.unsplash.com\\/photo-1511707171634-5f897ff02aa9?w=400&h=600&fit=crop&brand=samsung&v=1\",\"https:\\/\\/images.unsplash.com\\/photo-1511707171634-5f897ff02aa9?w=400&h=600&fit=crop&brand=samsung&v=2\",\"https:\\/\\/images.unsplash.com\\/photo-1511707171634-5f897ff02aa9?w=400&h=600&fit=crop&brand=samsung&v=3\",\"https:\\/\\/images.unsplash.com\\/photo-1511707171634-5f897ff02aa9?w=400&h=600&fit=crop&brand=samsung&v=4\"]',6706132.00,NULL,22,NULL,NULL,'2025-08-03 16:59:11','2025-08-03 17:02:26','2025-08-03 17:02:26'),(1089,679,'[\"https:\\/\\/images.unsplash.com\\/photo-1511707171634-5f897ff02aa9?w=400&h=600&fit=crop&brand=samsung&v=1\",\"https:\\/\\/images.unsplash.com\\/photo-1511707171634-5f897ff02aa9?w=400&h=600&fit=crop&brand=samsung&v=2\",\"https:\\/\\/images.unsplash.com\\/photo-1511707171634-5f897ff02aa9?w=400&h=600&fit=crop&brand=samsung&v=3\",\"https:\\/\\/images.unsplash.com\\/photo-1511707171634-5f897ff02aa9?w=400&h=600&fit=crop&brand=samsung&v=4\"]',7041970.00,NULL,28,NULL,NULL,'2025-08-03 16:59:11','2025-08-03 17:02:26','2025-08-03 17:02:26'),(1090,679,'[\"https:\\/\\/images.unsplash.com\\/photo-1511707171634-5f897ff02aa9?w=400&h=600&fit=crop&brand=samsung&v=1\",\"https:\\/\\/images.unsplash.com\\/photo-1511707171634-5f897ff02aa9?w=400&h=600&fit=crop&brand=samsung&v=2\",\"https:\\/\\/images.unsplash.com\\/photo-1511707171634-5f897ff02aa9?w=400&h=600&fit=crop&brand=samsung&v=3\",\"https:\\/\\/images.unsplash.com\\/photo-1511707171634-5f897ff02aa9?w=400&h=600&fit=crop&brand=samsung&v=4\"]',7496349.00,NULL,40,NULL,NULL,'2025-08-03 16:59:12','2025-08-03 17:02:26','2025-08-03 17:02:26'),(1091,679,'[\"https:\\/\\/images.unsplash.com\\/photo-1511707171634-5f897ff02aa9?w=400&h=600&fit=crop&brand=samsung&v=1\",\"https:\\/\\/images.unsplash.com\\/photo-1511707171634-5f897ff02aa9?w=400&h=600&fit=crop&brand=samsung&v=2\",\"https:\\/\\/images.unsplash.com\\/photo-1511707171634-5f897ff02aa9?w=400&h=600&fit=crop&brand=samsung&v=3\",\"https:\\/\\/images.unsplash.com\\/photo-1511707171634-5f897ff02aa9?w=400&h=600&fit=crop&brand=samsung&v=4\"]',7538566.00,NULL,45,NULL,NULL,'2025-08-03 16:59:12','2025-08-03 17:02:26','2025-08-03 17:02:26'),(1092,679,'[\"https:\\/\\/images.unsplash.com\\/photo-1511707171634-5f897ff02aa9?w=400&h=600&fit=crop&brand=samsung&v=1\",\"https:\\/\\/images.unsplash.com\\/photo-1511707171634-5f897ff02aa9?w=400&h=600&fit=crop&brand=samsung&v=2\",\"https:\\/\\/images.unsplash.com\\/photo-1511707171634-5f897ff02aa9?w=400&h=600&fit=crop&brand=samsung&v=3\",\"https:\\/\\/images.unsplash.com\\/photo-1511707171634-5f897ff02aa9?w=400&h=600&fit=crop&brand=samsung&v=4\"]',7573546.00,NULL,42,NULL,NULL,'2025-08-03 16:59:12','2025-08-03 17:02:26','2025-08-03 17:02:26'),(1093,680,'[\"https:\\/\\/images.unsplash.com\\/photo-1511707171634-5f897ff02aa9?w=400&h=600&fit=crop&brand=samsung&v=1\",\"https:\\/\\/images.unsplash.com\\/photo-1511707171634-5f897ff02aa9?w=400&h=600&fit=crop&brand=samsung&v=2\",\"https:\\/\\/images.unsplash.com\\/photo-1511707171634-5f897ff02aa9?w=400&h=600&fit=crop&brand=samsung&v=3\",\"https:\\/\\/images.unsplash.com\\/photo-1511707171634-5f897ff02aa9?w=400&h=600&fit=crop&brand=samsung&v=4\"]',6228532.00,NULL,11,NULL,NULL,'2025-08-03 16:59:12','2025-08-03 17:02:26','2025-08-03 17:02:26'),(1094,680,'[\"https:\\/\\/images.unsplash.com\\/photo-1511707171634-5f897ff02aa9?w=400&h=600&fit=crop&brand=samsung&v=1\",\"https:\\/\\/images.unsplash.com\\/photo-1511707171634-5f897ff02aa9?w=400&h=600&fit=crop&brand=samsung&v=2\",\"https:\\/\\/images.unsplash.com\\/photo-1511707171634-5f897ff02aa9?w=400&h=600&fit=crop&brand=samsung&v=3\",\"https:\\/\\/images.unsplash.com\\/photo-1511707171634-5f897ff02aa9?w=400&h=600&fit=crop&brand=samsung&v=4\"]',5881133.00,NULL,28,NULL,NULL,'2025-08-03 16:59:12','2025-08-03 17:02:26','2025-08-03 17:02:26'),(1095,680,'[\"https:\\/\\/images.unsplash.com\\/photo-1511707171634-5f897ff02aa9?w=400&h=600&fit=crop&brand=samsung&v=1\",\"https:\\/\\/images.unsplash.com\\/photo-1511707171634-5f897ff02aa9?w=400&h=600&fit=crop&brand=samsung&v=2\",\"https:\\/\\/images.unsplash.com\\/photo-1511707171634-5f897ff02aa9?w=400&h=600&fit=crop&brand=samsung&v=3\",\"https:\\/\\/images.unsplash.com\\/photo-1511707171634-5f897ff02aa9?w=400&h=600&fit=crop&brand=samsung&v=4\"]',6288867.00,NULL,5,NULL,NULL,'2025-08-03 16:59:12','2025-08-03 17:02:26','2025-08-03 17:02:26'),(1096,680,'[\"https:\\/\\/images.unsplash.com\\/photo-1511707171634-5f897ff02aa9?w=400&h=600&fit=crop&brand=samsung&v=1\",\"https:\\/\\/images.unsplash.com\\/photo-1511707171634-5f897ff02aa9?w=400&h=600&fit=crop&brand=samsung&v=2\",\"https:\\/\\/images.unsplash.com\\/photo-1511707171634-5f897ff02aa9?w=400&h=600&fit=crop&brand=samsung&v=3\",\"https:\\/\\/images.unsplash.com\\/photo-1511707171634-5f897ff02aa9?w=400&h=600&fit=crop&brand=samsung&v=4\"]',6426128.00,NULL,36,NULL,NULL,'2025-08-03 16:59:13','2025-08-03 17:02:26','2025-08-03 17:02:26'),(1097,681,'[\"https:\\/\\/images.unsplash.com\\/photo-1511707171634-5f897ff02aa9?w=400&h=600&fit=crop&brand=samsung&v=1\",\"https:\\/\\/images.unsplash.com\\/photo-1511707171634-5f897ff02aa9?w=400&h=600&fit=crop&brand=samsung&v=2\",\"https:\\/\\/images.unsplash.com\\/photo-1511707171634-5f897ff02aa9?w=400&h=600&fit=crop&brand=samsung&v=3\",\"https:\\/\\/images.unsplash.com\\/photo-1511707171634-5f897ff02aa9?w=400&h=600&fit=crop&brand=samsung&v=4\"]',7971714.00,NULL,28,NULL,NULL,'2025-08-03 16:59:13','2025-08-03 17:02:26','2025-08-03 17:02:26'),(1098,681,'[\"https:\\/\\/images.unsplash.com\\/photo-1511707171634-5f897ff02aa9?w=400&h=600&fit=crop&brand=samsung&v=1\",\"https:\\/\\/images.unsplash.com\\/photo-1511707171634-5f897ff02aa9?w=400&h=600&fit=crop&brand=samsung&v=2\",\"https:\\/\\/images.unsplash.com\\/photo-1511707171634-5f897ff02aa9?w=400&h=600&fit=crop&brand=samsung&v=3\",\"https:\\/\\/images.unsplash.com\\/photo-1511707171634-5f897ff02aa9?w=400&h=600&fit=crop&brand=samsung&v=4\"]',8106487.00,NULL,33,NULL,NULL,'2025-08-03 16:59:13','2025-08-03 17:02:26','2025-08-03 17:02:26'),(1099,681,'[\"https:\\/\\/images.unsplash.com\\/photo-1511707171634-5f897ff02aa9?w=400&h=600&fit=crop&brand=samsung&v=1\",\"https:\\/\\/images.unsplash.com\\/photo-1511707171634-5f897ff02aa9?w=400&h=600&fit=crop&brand=samsung&v=2\",\"https:\\/\\/images.unsplash.com\\/photo-1511707171634-5f897ff02aa9?w=400&h=600&fit=crop&brand=samsung&v=3\",\"https:\\/\\/images.unsplash.com\\/photo-1511707171634-5f897ff02aa9?w=400&h=600&fit=crop&brand=samsung&v=4\"]',8274892.00,NULL,50,NULL,NULL,'2025-08-03 16:59:13','2025-08-03 17:02:26','2025-08-03 17:02:26'),(1100,681,'[\"https:\\/\\/images.unsplash.com\\/photo-1511707171634-5f897ff02aa9?w=400&h=600&fit=crop&brand=samsung&v=1\",\"https:\\/\\/images.unsplash.com\\/photo-1511707171634-5f897ff02aa9?w=400&h=600&fit=crop&brand=samsung&v=2\",\"https:\\/\\/images.unsplash.com\\/photo-1511707171634-5f897ff02aa9?w=400&h=600&fit=crop&brand=samsung&v=3\",\"https:\\/\\/images.unsplash.com\\/photo-1511707171634-5f897ff02aa9?w=400&h=600&fit=crop&brand=samsung&v=4\"]',7880005.00,NULL,26,NULL,NULL,'2025-08-03 16:59:13','2025-08-03 17:02:26','2025-08-03 17:02:26'),(1101,682,'[\"https:\\/\\/images.unsplash.com\\/photo-1511707171634-5f897ff02aa9?w=400&h=600&fit=crop&brand=samsung&v=1\",\"https:\\/\\/images.unsplash.com\\/photo-1511707171634-5f897ff02aa9?w=400&h=600&fit=crop&brand=samsung&v=2\",\"https:\\/\\/images.unsplash.com\\/photo-1511707171634-5f897ff02aa9?w=400&h=600&fit=crop&brand=samsung&v=3\",\"https:\\/\\/images.unsplash.com\\/photo-1511707171634-5f897ff02aa9?w=400&h=600&fit=crop&brand=samsung&v=4\"]',6675191.00,NULL,32,NULL,NULL,'2025-08-03 16:59:14','2025-08-03 17:02:26','2025-08-03 17:02:26'),(1102,682,'[\"https:\\/\\/images.unsplash.com\\/photo-1511707171634-5f897ff02aa9?w=400&h=600&fit=crop&brand=samsung&v=1\",\"https:\\/\\/images.unsplash.com\\/photo-1511707171634-5f897ff02aa9?w=400&h=600&fit=crop&brand=samsung&v=2\",\"https:\\/\\/images.unsplash.com\\/photo-1511707171634-5f897ff02aa9?w=400&h=600&fit=crop&brand=samsung&v=3\",\"https:\\/\\/images.unsplash.com\\/photo-1511707171634-5f897ff02aa9?w=400&h=600&fit=crop&brand=samsung&v=4\"]',6965479.00,NULL,6,NULL,NULL,'2025-08-03 16:59:14','2025-08-03 17:02:26','2025-08-03 17:02:26'),(1103,682,'[\"https:\\/\\/images.unsplash.com\\/photo-1511707171634-5f897ff02aa9?w=400&h=600&fit=crop&brand=samsung&v=1\",\"https:\\/\\/images.unsplash.com\\/photo-1511707171634-5f897ff02aa9?w=400&h=600&fit=crop&brand=samsung&v=2\",\"https:\\/\\/images.unsplash.com\\/photo-1511707171634-5f897ff02aa9?w=400&h=600&fit=crop&brand=samsung&v=3\",\"https:\\/\\/images.unsplash.com\\/photo-1511707171634-5f897ff02aa9?w=400&h=600&fit=crop&brand=samsung&v=4\"]',6810072.00,NULL,22,NULL,NULL,'2025-08-03 16:59:14','2025-08-03 17:02:26','2025-08-03 17:02:26'),(1104,682,'[\"https:\\/\\/images.unsplash.com\\/photo-1511707171634-5f897ff02aa9?w=400&h=600&fit=crop&brand=samsung&v=1\",\"https:\\/\\/images.unsplash.com\\/photo-1511707171634-5f897ff02aa9?w=400&h=600&fit=crop&brand=samsung&v=2\",\"https:\\/\\/images.unsplash.com\\/photo-1511707171634-5f897ff02aa9?w=400&h=600&fit=crop&brand=samsung&v=3\",\"https:\\/\\/images.unsplash.com\\/photo-1511707171634-5f897ff02aa9?w=400&h=600&fit=crop&brand=samsung&v=4\"]',6685441.00,NULL,9,NULL,NULL,'2025-08-03 16:59:14','2025-08-03 17:02:26','2025-08-03 17:02:26'),(1105,683,'[\"https:\\/\\/images.unsplash.com\\/photo-1511707171634-5f897ff02aa9?w=400&h=600&fit=crop&brand=samsung&v=1\",\"https:\\/\\/images.unsplash.com\\/photo-1511707171634-5f897ff02aa9?w=400&h=600&fit=crop&brand=samsung&v=2\",\"https:\\/\\/images.unsplash.com\\/photo-1511707171634-5f897ff02aa9?w=400&h=600&fit=crop&brand=samsung&v=3\",\"https:\\/\\/images.unsplash.com\\/photo-1511707171634-5f897ff02aa9?w=400&h=600&fit=crop&brand=samsung&v=4\"]',5943074.00,NULL,14,NULL,NULL,'2025-08-03 16:59:14','2025-08-03 17:02:26','2025-08-03 17:02:26'),(1106,683,'[\"https:\\/\\/images.unsplash.com\\/photo-1511707171634-5f897ff02aa9?w=400&h=600&fit=crop&brand=samsung&v=1\",\"https:\\/\\/images.unsplash.com\\/photo-1511707171634-5f897ff02aa9?w=400&h=600&fit=crop&brand=samsung&v=2\",\"https:\\/\\/images.unsplash.com\\/photo-1511707171634-5f897ff02aa9?w=400&h=600&fit=crop&brand=samsung&v=3\",\"https:\\/\\/images.unsplash.com\\/photo-1511707171634-5f897ff02aa9?w=400&h=600&fit=crop&brand=samsung&v=4\"]',6236246.00,NULL,24,NULL,NULL,'2025-08-03 16:59:14','2025-08-03 17:02:26','2025-08-03 17:02:26'),(1107,683,'[\"https:\\/\\/images.unsplash.com\\/photo-1511707171634-5f897ff02aa9?w=400&h=600&fit=crop&brand=samsung&v=1\",\"https:\\/\\/images.unsplash.com\\/photo-1511707171634-5f897ff02aa9?w=400&h=600&fit=crop&brand=samsung&v=2\",\"https:\\/\\/images.unsplash.com\\/photo-1511707171634-5f897ff02aa9?w=400&h=600&fit=crop&brand=samsung&v=3\",\"https:\\/\\/images.unsplash.com\\/photo-1511707171634-5f897ff02aa9?w=400&h=600&fit=crop&brand=samsung&v=4\"]',5691116.00,NULL,41,NULL,NULL,'2025-08-03 16:59:14','2025-08-03 17:02:26','2025-08-03 17:02:26'),(1108,683,'[\"https:\\/\\/images.unsplash.com\\/photo-1511707171634-5f897ff02aa9?w=400&h=600&fit=crop&brand=samsung&v=1\",\"https:\\/\\/images.unsplash.com\\/photo-1511707171634-5f897ff02aa9?w=400&h=600&fit=crop&brand=samsung&v=2\",\"https:\\/\\/images.unsplash.com\\/photo-1511707171634-5f897ff02aa9?w=400&h=600&fit=crop&brand=samsung&v=3\",\"https:\\/\\/images.unsplash.com\\/photo-1511707171634-5f897ff02aa9?w=400&h=600&fit=crop&brand=samsung&v=4\"]',5927682.00,NULL,7,NULL,NULL,'2025-08-03 16:59:15','2025-08-03 17:02:26','2025-08-03 17:02:26'),(1109,684,'[\"https:\\/\\/images.unsplash.com\\/photo-1511707171634-5f897ff02aa9?w=400&h=600&fit=crop&brand=samsung&v=1\",\"https:\\/\\/images.unsplash.com\\/photo-1511707171634-5f897ff02aa9?w=400&h=600&fit=crop&brand=samsung&v=2\",\"https:\\/\\/images.unsplash.com\\/photo-1511707171634-5f897ff02aa9?w=400&h=600&fit=crop&brand=samsung&v=3\",\"https:\\/\\/images.unsplash.com\\/photo-1511707171634-5f897ff02aa9?w=400&h=600&fit=crop&brand=samsung&v=4\"]',6344874.00,NULL,35,NULL,NULL,'2025-08-03 16:59:15','2025-08-03 17:02:26','2025-08-03 17:02:26'),(1110,684,'[\"https:\\/\\/images.unsplash.com\\/photo-1511707171634-5f897ff02aa9?w=400&h=600&fit=crop&brand=samsung&v=1\",\"https:\\/\\/images.unsplash.com\\/photo-1511707171634-5f897ff02aa9?w=400&h=600&fit=crop&brand=samsung&v=2\",\"https:\\/\\/images.unsplash.com\\/photo-1511707171634-5f897ff02aa9?w=400&h=600&fit=crop&brand=samsung&v=3\",\"https:\\/\\/images.unsplash.com\\/photo-1511707171634-5f897ff02aa9?w=400&h=600&fit=crop&brand=samsung&v=4\"]',6300786.00,NULL,26,NULL,NULL,'2025-08-03 16:59:15','2025-08-03 17:02:26','2025-08-03 17:02:26'),(1111,684,'[\"https:\\/\\/images.unsplash.com\\/photo-1511707171634-5f897ff02aa9?w=400&h=600&fit=crop&brand=samsung&v=1\",\"https:\\/\\/images.unsplash.com\\/photo-1511707171634-5f897ff02aa9?w=400&h=600&fit=crop&brand=samsung&v=2\",\"https:\\/\\/images.unsplash.com\\/photo-1511707171634-5f897ff02aa9?w=400&h=600&fit=crop&brand=samsung&v=3\",\"https:\\/\\/images.unsplash.com\\/photo-1511707171634-5f897ff02aa9?w=400&h=600&fit=crop&brand=samsung&v=4\"]',6523532.00,NULL,26,NULL,NULL,'2025-08-03 16:59:15','2025-08-03 17:02:26','2025-08-03 17:02:26'),(1112,684,'[\"https:\\/\\/images.unsplash.com\\/photo-1511707171634-5f897ff02aa9?w=400&h=600&fit=crop&brand=samsung&v=1\",\"https:\\/\\/images.unsplash.com\\/photo-1511707171634-5f897ff02aa9?w=400&h=600&fit=crop&brand=samsung&v=2\",\"https:\\/\\/images.unsplash.com\\/photo-1511707171634-5f897ff02aa9?w=400&h=600&fit=crop&brand=samsung&v=3\",\"https:\\/\\/images.unsplash.com\\/photo-1511707171634-5f897ff02aa9?w=400&h=600&fit=crop&brand=samsung&v=4\"]',6322488.00,NULL,15,NULL,NULL,'2025-08-03 16:59:15','2025-08-03 17:02:26','2025-08-03 17:02:26'),(1113,685,'[\"https:\\/\\/images.unsplash.com\\/photo-1511707171634-5f897ff02aa9?w=400&h=600&fit=crop&brand=samsung&v=1\",\"https:\\/\\/images.unsplash.com\\/photo-1511707171634-5f897ff02aa9?w=400&h=600&fit=crop&brand=samsung&v=2\",\"https:\\/\\/images.unsplash.com\\/photo-1511707171634-5f897ff02aa9?w=400&h=600&fit=crop&brand=samsung&v=3\",\"https:\\/\\/images.unsplash.com\\/photo-1511707171634-5f897ff02aa9?w=400&h=600&fit=crop&brand=samsung&v=4\"]',6929063.00,NULL,26,NULL,NULL,'2025-08-03 16:59:15','2025-08-03 17:02:26','2025-08-03 17:02:26'),(1114,685,'[\"https:\\/\\/images.unsplash.com\\/photo-1511707171634-5f897ff02aa9?w=400&h=600&fit=crop&brand=samsung&v=1\",\"https:\\/\\/images.unsplash.com\\/photo-1511707171634-5f897ff02aa9?w=400&h=600&fit=crop&brand=samsung&v=2\",\"https:\\/\\/images.unsplash.com\\/photo-1511707171634-5f897ff02aa9?w=400&h=600&fit=crop&brand=samsung&v=3\",\"https:\\/\\/images.unsplash.com\\/photo-1511707171634-5f897ff02aa9?w=400&h=600&fit=crop&brand=samsung&v=4\"]',7561601.00,NULL,11,NULL,NULL,'2025-08-03 16:59:16','2025-08-03 17:02:26','2025-08-03 17:02:26'),(1115,685,'[\"https:\\/\\/images.unsplash.com\\/photo-1511707171634-5f897ff02aa9?w=400&h=600&fit=crop&brand=samsung&v=1\",\"https:\\/\\/images.unsplash.com\\/photo-1511707171634-5f897ff02aa9?w=400&h=600&fit=crop&brand=samsung&v=2\",\"https:\\/\\/images.unsplash.com\\/photo-1511707171634-5f897ff02aa9?w=400&h=600&fit=crop&brand=samsung&v=3\",\"https:\\/\\/images.unsplash.com\\/photo-1511707171634-5f897ff02aa9?w=400&h=600&fit=crop&brand=samsung&v=4\"]',7400875.00,NULL,21,NULL,NULL,'2025-08-03 16:59:16','2025-08-03 17:02:26','2025-08-03 17:02:26'),(1116,685,'[\"https:\\/\\/images.unsplash.com\\/photo-1511707171634-5f897ff02aa9?w=400&h=600&fit=crop&brand=samsung&v=1\",\"https:\\/\\/images.unsplash.com\\/photo-1511707171634-5f897ff02aa9?w=400&h=600&fit=crop&brand=samsung&v=2\",\"https:\\/\\/images.unsplash.com\\/photo-1511707171634-5f897ff02aa9?w=400&h=600&fit=crop&brand=samsung&v=3\",\"https:\\/\\/images.unsplash.com\\/photo-1511707171634-5f897ff02aa9?w=400&h=600&fit=crop&brand=samsung&v=4\"]',7582148.00,NULL,7,NULL,NULL,'2025-08-03 16:59:16','2025-08-03 17:02:26','2025-08-03 17:02:26'),(1117,686,'[\"https:\\/\\/images.unsplash.com\\/photo-1511707171634-5f897ff02aa9?w=400&h=600&fit=crop&brand=samsung&v=1\",\"https:\\/\\/images.unsplash.com\\/photo-1511707171634-5f897ff02aa9?w=400&h=600&fit=crop&brand=samsung&v=2\",\"https:\\/\\/images.unsplash.com\\/photo-1511707171634-5f897ff02aa9?w=400&h=600&fit=crop&brand=samsung&v=3\",\"https:\\/\\/images.unsplash.com\\/photo-1511707171634-5f897ff02aa9?w=400&h=600&fit=crop&brand=samsung&v=4\"]',7861659.00,NULL,24,NULL,NULL,'2025-08-03 16:59:16','2025-08-03 17:02:26','2025-08-03 17:02:26'),(1118,686,'[\"https:\\/\\/images.unsplash.com\\/photo-1511707171634-5f897ff02aa9?w=400&h=600&fit=crop&brand=samsung&v=1\",\"https:\\/\\/images.unsplash.com\\/photo-1511707171634-5f897ff02aa9?w=400&h=600&fit=crop&brand=samsung&v=2\",\"https:\\/\\/images.unsplash.com\\/photo-1511707171634-5f897ff02aa9?w=400&h=600&fit=crop&brand=samsung&v=3\",\"https:\\/\\/images.unsplash.com\\/photo-1511707171634-5f897ff02aa9?w=400&h=600&fit=crop&brand=samsung&v=4\"]',7709783.00,NULL,44,NULL,NULL,'2025-08-03 16:59:16','2025-08-03 17:02:26','2025-08-03 17:02:26'),(1119,686,'[\"https:\\/\\/images.unsplash.com\\/photo-1511707171634-5f897ff02aa9?w=400&h=600&fit=crop&brand=samsung&v=1\",\"https:\\/\\/images.unsplash.com\\/photo-1511707171634-5f897ff02aa9?w=400&h=600&fit=crop&brand=samsung&v=2\",\"https:\\/\\/images.unsplash.com\\/photo-1511707171634-5f897ff02aa9?w=400&h=600&fit=crop&brand=samsung&v=3\",\"https:\\/\\/images.unsplash.com\\/photo-1511707171634-5f897ff02aa9?w=400&h=600&fit=crop&brand=samsung&v=4\"]',7776410.00,NULL,50,NULL,NULL,'2025-08-03 16:59:16','2025-08-03 17:02:26','2025-08-03 17:02:26'),(1120,686,'[\"https:\\/\\/images.unsplash.com\\/photo-1511707171634-5f897ff02aa9?w=400&h=600&fit=crop&brand=samsung&v=1\",\"https:\\/\\/images.unsplash.com\\/photo-1511707171634-5f897ff02aa9?w=400&h=600&fit=crop&brand=samsung&v=2\",\"https:\\/\\/images.unsplash.com\\/photo-1511707171634-5f897ff02aa9?w=400&h=600&fit=crop&brand=samsung&v=3\",\"https:\\/\\/images.unsplash.com\\/photo-1511707171634-5f897ff02aa9?w=400&h=600&fit=crop&brand=samsung&v=4\"]',8243535.00,NULL,7,NULL,NULL,'2025-08-03 16:59:17','2025-08-03 17:02:26','2025-08-03 17:02:26'),(1121,687,'[\"https:\\/\\/www.apple.com\\/vn\\/iphone\\/home\\/images\\/overview\\/welcome\\/us\\/welcome_startframe__bqlrw3voffaq_xlarge.jpg\",\"https:\\/\\/www.apple.com\\/v\\/iphone\\/home\\/cc\\/images\\/overview\\/welcome\\/switch\\/welcome_3up__dyiw4p7q2dqq_large.jpg\",\"https:\\/\\/www.apple.com\\/vn\\/iphone\\/home\\/images\\/overview\\/welcome\\/switch\\/welcome__n6xy87ib1gyu_xlarge.jpg\",\"https:\\/\\/www.apple.com\\/v\\/iphone\\/home\\/cc\\/images\\/overview\\/consider\\/camera__exi2qfijti0y_xlarge.jpg\"]',16696069.00,NULL,8,NULL,NULL,'2025-08-03 16:59:17','2025-08-03 17:02:26','2025-08-03 17:02:26'),(1122,687,'[\"https:\\/\\/www.apple.com\\/vn\\/iphone\\/home\\/images\\/overview\\/welcome\\/us\\/welcome_startframe__bqlrw3voffaq_xlarge.jpg\",\"https:\\/\\/www.apple.com\\/v\\/iphone\\/home\\/cc\\/images\\/overview\\/welcome\\/switch\\/welcome_3up__dyiw4p7q2dqq_large.jpg\",\"https:\\/\\/www.apple.com\\/vn\\/iphone\\/home\\/images\\/overview\\/welcome\\/switch\\/welcome__n6xy87ib1gyu_xlarge.jpg\",\"https:\\/\\/www.apple.com\\/v\\/iphone\\/home\\/cc\\/images\\/overview\\/consider\\/camera__exi2qfijti0y_xlarge.jpg\"]',16177214.00,NULL,41,NULL,NULL,'2025-08-03 16:59:17','2025-08-03 17:02:26','2025-08-03 17:02:26'),(1123,687,'[\"https:\\/\\/www.apple.com\\/vn\\/iphone\\/home\\/images\\/overview\\/welcome\\/us\\/welcome_startframe__bqlrw3voffaq_xlarge.jpg\",\"https:\\/\\/www.apple.com\\/v\\/iphone\\/home\\/cc\\/images\\/overview\\/welcome\\/switch\\/welcome_3up__dyiw4p7q2dqq_large.jpg\",\"https:\\/\\/www.apple.com\\/vn\\/iphone\\/home\\/images\\/overview\\/welcome\\/switch\\/welcome__n6xy87ib1gyu_xlarge.jpg\",\"https:\\/\\/www.apple.com\\/v\\/iphone\\/home\\/cc\\/images\\/overview\\/consider\\/camera__exi2qfijti0y_xlarge.jpg\"]',16459190.00,NULL,33,NULL,NULL,'2025-08-03 16:59:17','2025-08-03 17:02:26','2025-08-03 17:02:26'),(1124,687,'[\"https:\\/\\/www.apple.com\\/vn\\/iphone\\/home\\/images\\/overview\\/welcome\\/us\\/welcome_startframe__bqlrw3voffaq_xlarge.jpg\",\"https:\\/\\/www.apple.com\\/v\\/iphone\\/home\\/cc\\/images\\/overview\\/welcome\\/switch\\/welcome_3up__dyiw4p7q2dqq_large.jpg\",\"https:\\/\\/www.apple.com\\/vn\\/iphone\\/home\\/images\\/overview\\/welcome\\/switch\\/welcome__n6xy87ib1gyu_xlarge.jpg\",\"https:\\/\\/www.apple.com\\/v\\/iphone\\/home\\/cc\\/images\\/overview\\/consider\\/camera__exi2qfijti0y_xlarge.jpg\"]',16294220.00,NULL,9,NULL,NULL,'2025-08-03 16:59:18','2025-08-03 17:02:26','2025-08-03 17:02:26'),(1125,688,'[\"https:\\/\\/www.apple.com\\/vn\\/iphone\\/home\\/images\\/overview\\/welcome\\/us\\/welcome_startframe__bqlrw3voffaq_xlarge.jpg\",\"https:\\/\\/www.apple.com\\/v\\/iphone\\/home\\/cc\\/images\\/overview\\/welcome\\/switch\\/welcome_3up__dyiw4p7q2dqq_large.jpg\",\"https:\\/\\/www.apple.com\\/vn\\/iphone\\/home\\/images\\/overview\\/welcome\\/switch\\/welcome__n6xy87ib1gyu_xlarge.jpg\",\"https:\\/\\/www.apple.com\\/v\\/iphone\\/home\\/cc\\/images\\/overview\\/consider\\/camera__exi2qfijti0y_xlarge.jpg\"]',15876592.00,NULL,48,NULL,NULL,'2025-08-03 16:59:18','2025-08-03 17:02:26','2025-08-03 17:02:26'),(1126,688,'[\"https:\\/\\/www.apple.com\\/vn\\/iphone\\/home\\/images\\/overview\\/welcome\\/us\\/welcome_startframe__bqlrw3voffaq_xlarge.jpg\",\"https:\\/\\/www.apple.com\\/v\\/iphone\\/home\\/cc\\/images\\/overview\\/welcome\\/switch\\/welcome_3up__dyiw4p7q2dqq_large.jpg\",\"https:\\/\\/www.apple.com\\/vn\\/iphone\\/home\\/images\\/overview\\/welcome\\/switch\\/welcome__n6xy87ib1gyu_xlarge.jpg\",\"https:\\/\\/www.apple.com\\/v\\/iphone\\/home\\/cc\\/images\\/overview\\/consider\\/camera__exi2qfijti0y_xlarge.jpg\"]',15886070.00,NULL,36,NULL,NULL,'2025-08-03 16:59:18','2025-08-03 17:02:26','2025-08-03 17:02:26'),(1127,688,'[\"https:\\/\\/www.apple.com\\/vn\\/iphone\\/home\\/images\\/overview\\/welcome\\/us\\/welcome_startframe__bqlrw3voffaq_xlarge.jpg\",\"https:\\/\\/www.apple.com\\/v\\/iphone\\/home\\/cc\\/images\\/overview\\/welcome\\/switch\\/welcome_3up__dyiw4p7q2dqq_large.jpg\",\"https:\\/\\/www.apple.com\\/vn\\/iphone\\/home\\/images\\/overview\\/welcome\\/switch\\/welcome__n6xy87ib1gyu_xlarge.jpg\",\"https:\\/\\/www.apple.com\\/v\\/iphone\\/home\\/cc\\/images\\/overview\\/consider\\/camera__exi2qfijti0y_xlarge.jpg\"]',15468617.00,NULL,31,NULL,NULL,'2025-08-03 16:59:19','2025-08-03 17:02:26','2025-08-03 17:02:26'),(1128,688,'[\"https:\\/\\/www.apple.com\\/vn\\/iphone\\/home\\/images\\/overview\\/welcome\\/us\\/welcome_startframe__bqlrw3voffaq_xlarge.jpg\",\"https:\\/\\/www.apple.com\\/v\\/iphone\\/home\\/cc\\/images\\/overview\\/welcome\\/switch\\/welcome_3up__dyiw4p7q2dqq_large.jpg\",\"https:\\/\\/www.apple.com\\/vn\\/iphone\\/home\\/images\\/overview\\/welcome\\/switch\\/welcome__n6xy87ib1gyu_xlarge.jpg\",\"https:\\/\\/www.apple.com\\/v\\/iphone\\/home\\/cc\\/images\\/overview\\/consider\\/camera__exi2qfijti0y_xlarge.jpg\"]',15397182.00,NULL,28,NULL,NULL,'2025-08-03 16:59:19','2025-08-03 17:02:26','2025-08-03 17:02:26'),(1129,689,'[\"https:\\/\\/images.unsplash.com\\/photo-1511707171634-5f897ff02aa9?w=400&h=600&fit=crop&brand=apple&v=1\",\"https:\\/\\/images.unsplash.com\\/photo-1511707171634-5f897ff02aa9?w=400&h=600&fit=crop&brand=apple&v=2\",\"https:\\/\\/images.unsplash.com\\/photo-1511707171634-5f897ff02aa9?w=400&h=600&fit=crop&brand=apple&v=3\",\"https:\\/\\/images.unsplash.com\\/photo-1511707171634-5f897ff02aa9?w=400&h=600&fit=crop&brand=apple&v=4\"]',16716210.00,NULL,27,NULL,NULL,'2025-08-03 16:59:26','2025-08-03 17:02:26','2025-08-03 17:02:26'),(1130,689,'[\"https:\\/\\/images.unsplash.com\\/photo-1511707171634-5f897ff02aa9?w=400&h=600&fit=crop&brand=apple&v=1\",\"https:\\/\\/images.unsplash.com\\/photo-1511707171634-5f897ff02aa9?w=400&h=600&fit=crop&brand=apple&v=2\",\"https:\\/\\/images.unsplash.com\\/photo-1511707171634-5f897ff02aa9?w=400&h=600&fit=crop&brand=apple&v=3\",\"https:\\/\\/images.unsplash.com\\/photo-1511707171634-5f897ff02aa9?w=400&h=600&fit=crop&brand=apple&v=4\"]',16895035.00,NULL,39,NULL,NULL,'2025-08-03 16:59:27','2025-08-03 17:02:26','2025-08-03 17:02:26'),(1131,689,'[\"https:\\/\\/images.unsplash.com\\/photo-1511707171634-5f897ff02aa9?w=400&h=600&fit=crop&brand=apple&v=1\",\"https:\\/\\/images.unsplash.com\\/photo-1511707171634-5f897ff02aa9?w=400&h=600&fit=crop&brand=apple&v=2\",\"https:\\/\\/images.unsplash.com\\/photo-1511707171634-5f897ff02aa9?w=400&h=600&fit=crop&brand=apple&v=3\",\"https:\\/\\/images.unsplash.com\\/photo-1511707171634-5f897ff02aa9?w=400&h=600&fit=crop&brand=apple&v=4\"]',16898073.00,NULL,44,NULL,NULL,'2025-08-03 16:59:29','2025-08-03 17:02:26','2025-08-03 17:02:26'),(1132,689,'[\"https:\\/\\/images.unsplash.com\\/photo-1511707171634-5f897ff02aa9?w=400&h=600&fit=crop&brand=apple&v=1\",\"https:\\/\\/images.unsplash.com\\/photo-1511707171634-5f897ff02aa9?w=400&h=600&fit=crop&brand=apple&v=2\",\"https:\\/\\/images.unsplash.com\\/photo-1511707171634-5f897ff02aa9?w=400&h=600&fit=crop&brand=apple&v=3\",\"https:\\/\\/images.unsplash.com\\/photo-1511707171634-5f897ff02aa9?w=400&h=600&fit=crop&brand=apple&v=4\"]',17075101.00,NULL,29,NULL,NULL,'2025-08-03 16:59:29','2025-08-03 17:02:26','2025-08-03 17:02:26'),(1133,690,'[\"https:\\/\\/images.unsplash.com\\/photo-1511707171634-5f897ff02aa9?w=400&h=600&fit=crop&brand=apple&v=1\",\"https:\\/\\/images.unsplash.com\\/photo-1511707171634-5f897ff02aa9?w=400&h=600&fit=crop&brand=apple&v=2\",\"https:\\/\\/images.unsplash.com\\/photo-1511707171634-5f897ff02aa9?w=400&h=600&fit=crop&brand=apple&v=3\",\"https:\\/\\/images.unsplash.com\\/photo-1511707171634-5f897ff02aa9?w=400&h=600&fit=crop&brand=apple&v=4\"]',15302161.00,NULL,17,NULL,NULL,'2025-08-03 16:59:30','2025-08-03 17:02:26','2025-08-03 17:02:26'),(1134,690,'[\"https:\\/\\/images.unsplash.com\\/photo-1511707171634-5f897ff02aa9?w=400&h=600&fit=crop&brand=apple&v=1\",\"https:\\/\\/images.unsplash.com\\/photo-1511707171634-5f897ff02aa9?w=400&h=600&fit=crop&brand=apple&v=2\",\"https:\\/\\/images.unsplash.com\\/photo-1511707171634-5f897ff02aa9?w=400&h=600&fit=crop&brand=apple&v=3\",\"https:\\/\\/images.unsplash.com\\/photo-1511707171634-5f897ff02aa9?w=400&h=600&fit=crop&brand=apple&v=4\"]',14844041.00,NULL,36,NULL,NULL,'2025-08-03 16:59:31','2025-08-03 17:02:26','2025-08-03 17:02:26'),(1135,690,'[\"https:\\/\\/images.unsplash.com\\/photo-1511707171634-5f897ff02aa9?w=400&h=600&fit=crop&brand=apple&v=1\",\"https:\\/\\/images.unsplash.com\\/photo-1511707171634-5f897ff02aa9?w=400&h=600&fit=crop&brand=apple&v=2\",\"https:\\/\\/images.unsplash.com\\/photo-1511707171634-5f897ff02aa9?w=400&h=600&fit=crop&brand=apple&v=3\",\"https:\\/\\/images.unsplash.com\\/photo-1511707171634-5f897ff02aa9?w=400&h=600&fit=crop&brand=apple&v=4\"]',14885435.00,NULL,9,NULL,NULL,'2025-08-03 16:59:32','2025-08-03 17:02:26','2025-08-03 17:02:26'),(1136,690,'[\"https:\\/\\/images.unsplash.com\\/photo-1511707171634-5f897ff02aa9?w=400&h=600&fit=crop&brand=apple&v=1\",\"https:\\/\\/images.unsplash.com\\/photo-1511707171634-5f897ff02aa9?w=400&h=600&fit=crop&brand=apple&v=2\",\"https:\\/\\/images.unsplash.com\\/photo-1511707171634-5f897ff02aa9?w=400&h=600&fit=crop&brand=apple&v=3\",\"https:\\/\\/images.unsplash.com\\/photo-1511707171634-5f897ff02aa9?w=400&h=600&fit=crop&brand=apple&v=4\"]',15015572.00,NULL,18,NULL,NULL,'2025-08-03 16:59:33','2025-08-03 17:02:26','2025-08-03 17:02:26'),(1137,691,'[\"https:\\/\\/www.apple.com\\/vn\\/iphone\\/home\\/images\\/overview\\/welcome\\/us\\/welcome_startframe__bqlrw3voffaq_xlarge.jpg\",\"https:\\/\\/www.apple.com\\/v\\/iphone\\/home\\/cc\\/images\\/overview\\/welcome\\/switch\\/welcome_3up__dyiw4p7q2dqq_large.jpg\",\"https:\\/\\/www.apple.com\\/vn\\/iphone\\/home\\/images\\/overview\\/welcome\\/switch\\/welcome__n6xy87ib1gyu_xlarge.jpg\",\"https:\\/\\/www.apple.com\\/v\\/iphone\\/home\\/cc\\/images\\/overview\\/consider\\/camera__exi2qfijti0y_xlarge.jpg\"]',17204794.00,NULL,40,NULL,NULL,'2025-08-03 16:59:33','2025-08-03 17:02:26','2025-08-03 17:02:26'),(1138,691,'[\"https:\\/\\/www.apple.com\\/vn\\/iphone\\/home\\/images\\/overview\\/welcome\\/us\\/welcome_startframe__bqlrw3voffaq_xlarge.jpg\",\"https:\\/\\/www.apple.com\\/v\\/iphone\\/home\\/cc\\/images\\/overview\\/welcome\\/switch\\/welcome_3up__dyiw4p7q2dqq_large.jpg\",\"https:\\/\\/www.apple.com\\/vn\\/iphone\\/home\\/images\\/overview\\/welcome\\/switch\\/welcome__n6xy87ib1gyu_xlarge.jpg\",\"https:\\/\\/www.apple.com\\/v\\/iphone\\/home\\/cc\\/images\\/overview\\/consider\\/camera__exi2qfijti0y_xlarge.jpg\"]',16661352.00,NULL,25,NULL,NULL,'2025-08-03 16:59:33','2025-08-03 17:02:26','2025-08-03 17:02:26'),(1139,691,'[\"https:\\/\\/www.apple.com\\/vn\\/iphone\\/home\\/images\\/overview\\/welcome\\/us\\/welcome_startframe__bqlrw3voffaq_xlarge.jpg\",\"https:\\/\\/www.apple.com\\/v\\/iphone\\/home\\/cc\\/images\\/overview\\/welcome\\/switch\\/welcome_3up__dyiw4p7q2dqq_large.jpg\",\"https:\\/\\/www.apple.com\\/vn\\/iphone\\/home\\/images\\/overview\\/welcome\\/switch\\/welcome__n6xy87ib1gyu_xlarge.jpg\",\"https:\\/\\/www.apple.com\\/v\\/iphone\\/home\\/cc\\/images\\/overview\\/consider\\/camera__exi2qfijti0y_xlarge.jpg\"]',16753480.00,NULL,37,NULL,NULL,'2025-08-03 16:59:33','2025-08-03 17:02:26','2025-08-03 17:02:26'),(1140,691,'[\"https:\\/\\/www.apple.com\\/vn\\/iphone\\/home\\/images\\/overview\\/welcome\\/us\\/welcome_startframe__bqlrw3voffaq_xlarge.jpg\",\"https:\\/\\/www.apple.com\\/v\\/iphone\\/home\\/cc\\/images\\/overview\\/welcome\\/switch\\/welcome_3up__dyiw4p7q2dqq_large.jpg\",\"https:\\/\\/www.apple.com\\/vn\\/iphone\\/home\\/images\\/overview\\/welcome\\/switch\\/welcome__n6xy87ib1gyu_xlarge.jpg\",\"https:\\/\\/www.apple.com\\/v\\/iphone\\/home\\/cc\\/images\\/overview\\/consider\\/camera__exi2qfijti0y_xlarge.jpg\"]',17112047.00,NULL,30,NULL,NULL,'2025-08-03 16:59:34','2025-08-03 17:02:26','2025-08-03 17:02:26'),(1141,692,'[\"https:\\/\\/www.apple.com\\/vn\\/iphone\\/home\\/images\\/overview\\/welcome\\/us\\/welcome_startframe__bqlrw3voffaq_xlarge.jpg\",\"https:\\/\\/www.apple.com\\/v\\/iphone\\/home\\/cc\\/images\\/overview\\/welcome\\/switch\\/welcome_3up__dyiw4p7q2dqq_large.jpg\",\"https:\\/\\/www.apple.com\\/vn\\/iphone\\/home\\/images\\/overview\\/welcome\\/switch\\/welcome__n6xy87ib1gyu_xlarge.jpg\",\"https:\\/\\/www.apple.com\\/v\\/iphone\\/home\\/cc\\/images\\/overview\\/consider\\/camera__exi2qfijti0y_xlarge.jpg\"]',15050153.00,NULL,15,NULL,NULL,'2025-08-03 16:59:34','2025-08-03 17:02:26','2025-08-03 17:02:26'),(1142,692,'[\"https:\\/\\/www.apple.com\\/vn\\/iphone\\/home\\/images\\/overview\\/welcome\\/us\\/welcome_startframe__bqlrw3voffaq_xlarge.jpg\",\"https:\\/\\/www.apple.com\\/v\\/iphone\\/home\\/cc\\/images\\/overview\\/welcome\\/switch\\/welcome_3up__dyiw4p7q2dqq_large.jpg\",\"https:\\/\\/www.apple.com\\/vn\\/iphone\\/home\\/images\\/overview\\/welcome\\/switch\\/welcome__n6xy87ib1gyu_xlarge.jpg\",\"https:\\/\\/www.apple.com\\/v\\/iphone\\/home\\/cc\\/images\\/overview\\/consider\\/camera__exi2qfijti0y_xlarge.jpg\"]',14439187.00,NULL,36,NULL,NULL,'2025-08-03 16:59:34','2025-08-03 17:02:26','2025-08-03 17:02:26'),(1143,692,'[\"https:\\/\\/www.apple.com\\/vn\\/iphone\\/home\\/images\\/overview\\/welcome\\/us\\/welcome_startframe__bqlrw3voffaq_xlarge.jpg\",\"https:\\/\\/www.apple.com\\/v\\/iphone\\/home\\/cc\\/images\\/overview\\/welcome\\/switch\\/welcome_3up__dyiw4p7q2dqq_large.jpg\",\"https:\\/\\/www.apple.com\\/vn\\/iphone\\/home\\/images\\/overview\\/welcome\\/switch\\/welcome__n6xy87ib1gyu_xlarge.jpg\",\"https:\\/\\/www.apple.com\\/v\\/iphone\\/home\\/cc\\/images\\/overview\\/consider\\/camera__exi2qfijti0y_xlarge.jpg\"]',14543099.00,NULL,26,NULL,NULL,'2025-08-03 16:59:35','2025-08-03 17:02:26','2025-08-03 17:02:26'),(1144,692,'[\"https:\\/\\/www.apple.com\\/vn\\/iphone\\/home\\/images\\/overview\\/welcome\\/us\\/welcome_startframe__bqlrw3voffaq_xlarge.jpg\",\"https:\\/\\/www.apple.com\\/v\\/iphone\\/home\\/cc\\/images\\/overview\\/welcome\\/switch\\/welcome_3up__dyiw4p7q2dqq_large.jpg\",\"https:\\/\\/www.apple.com\\/vn\\/iphone\\/home\\/images\\/overview\\/welcome\\/switch\\/welcome__n6xy87ib1gyu_xlarge.jpg\",\"https:\\/\\/www.apple.com\\/v\\/iphone\\/home\\/cc\\/images\\/overview\\/consider\\/camera__exi2qfijti0y_xlarge.jpg\"]',14713483.00,NULL,27,NULL,NULL,'2025-08-03 16:59:35','2025-08-03 17:02:26','2025-08-03 17:02:26'),(1145,693,'[\"https:\\/\\/www.apple.com\\/vn\\/iphone\\/home\\/images\\/overview\\/welcome\\/us\\/welcome_startframe__bqlrw3voffaq_xlarge.jpg\",\"https:\\/\\/www.apple.com\\/v\\/iphone\\/home\\/cc\\/images\\/overview\\/welcome\\/switch\\/welcome_3up__dyiw4p7q2dqq_large.jpg\",\"https:\\/\\/www.apple.com\\/vn\\/iphone\\/home\\/images\\/overview\\/welcome\\/switch\\/welcome__n6xy87ib1gyu_xlarge.jpg\",\"https:\\/\\/www.apple.com\\/v\\/iphone\\/home\\/cc\\/images\\/overview\\/consider\\/camera__exi2qfijti0y_xlarge.jpg\"]',15125707.00,NULL,31,NULL,NULL,'2025-08-03 16:59:36','2025-08-03 17:02:26','2025-08-03 17:02:26'),(1146,693,'[\"https:\\/\\/www.apple.com\\/vn\\/iphone\\/home\\/images\\/overview\\/welcome\\/us\\/welcome_startframe__bqlrw3voffaq_xlarge.jpg\",\"https:\\/\\/www.apple.com\\/v\\/iphone\\/home\\/cc\\/images\\/overview\\/welcome\\/switch\\/welcome_3up__dyiw4p7q2dqq_large.jpg\",\"https:\\/\\/www.apple.com\\/vn\\/iphone\\/home\\/images\\/overview\\/welcome\\/switch\\/welcome__n6xy87ib1gyu_xlarge.jpg\",\"https:\\/\\/www.apple.com\\/v\\/iphone\\/home\\/cc\\/images\\/overview\\/consider\\/camera__exi2qfijti0y_xlarge.jpg\"]',15154877.00,NULL,48,NULL,NULL,'2025-08-03 16:59:37','2025-08-03 17:02:26','2025-08-03 17:02:26'),(1147,693,'[\"https:\\/\\/www.apple.com\\/vn\\/iphone\\/home\\/images\\/overview\\/welcome\\/us\\/welcome_startframe__bqlrw3voffaq_xlarge.jpg\",\"https:\\/\\/www.apple.com\\/v\\/iphone\\/home\\/cc\\/images\\/overview\\/welcome\\/switch\\/welcome_3up__dyiw4p7q2dqq_large.jpg\",\"https:\\/\\/www.apple.com\\/vn\\/iphone\\/home\\/images\\/overview\\/welcome\\/switch\\/welcome__n6xy87ib1gyu_xlarge.jpg\",\"https:\\/\\/www.apple.com\\/v\\/iphone\\/home\\/cc\\/images\\/overview\\/consider\\/camera__exi2qfijti0y_xlarge.jpg\"]',15307969.00,NULL,40,NULL,NULL,'2025-08-03 16:59:38','2025-08-03 17:02:26','2025-08-03 17:02:26'),(1148,693,'[\"https:\\/\\/www.apple.com\\/vn\\/iphone\\/home\\/images\\/overview\\/welcome\\/us\\/welcome_startframe__bqlrw3voffaq_xlarge.jpg\",\"https:\\/\\/www.apple.com\\/v\\/iphone\\/home\\/cc\\/images\\/overview\\/welcome\\/switch\\/welcome_3up__dyiw4p7q2dqq_large.jpg\",\"https:\\/\\/www.apple.com\\/vn\\/iphone\\/home\\/images\\/overview\\/welcome\\/switch\\/welcome__n6xy87ib1gyu_xlarge.jpg\",\"https:\\/\\/www.apple.com\\/v\\/iphone\\/home\\/cc\\/images\\/overview\\/consider\\/camera__exi2qfijti0y_xlarge.jpg\"]',15253907.00,NULL,32,NULL,NULL,'2025-08-03 16:59:39','2025-08-03 17:02:26','2025-08-03 17:02:26'),(1149,694,'[\"https:\\/\\/www.apple.com\\/vn\\/iphone\\/home\\/images\\/overview\\/welcome\\/us\\/welcome_startframe__bqlrw3voffaq_xlarge.jpg\",\"https:\\/\\/www.apple.com\\/v\\/iphone\\/home\\/cc\\/images\\/overview\\/welcome\\/switch\\/welcome_3up__dyiw4p7q2dqq_large.jpg\",\"https:\\/\\/www.apple.com\\/vn\\/iphone\\/home\\/images\\/overview\\/welcome\\/switch\\/welcome__n6xy87ib1gyu_xlarge.jpg\",\"https:\\/\\/www.apple.com\\/v\\/iphone\\/home\\/cc\\/images\\/overview\\/consider\\/camera__exi2qfijti0y_xlarge.jpg\"]',16407073.00,NULL,39,NULL,NULL,'2025-08-03 16:59:39','2025-08-03 17:02:26','2025-08-03 17:02:26'),(1150,694,'[\"https:\\/\\/www.apple.com\\/vn\\/iphone\\/home\\/images\\/overview\\/welcome\\/us\\/welcome_startframe__bqlrw3voffaq_xlarge.jpg\",\"https:\\/\\/www.apple.com\\/v\\/iphone\\/home\\/cc\\/images\\/overview\\/welcome\\/switch\\/welcome_3up__dyiw4p7q2dqq_large.jpg\",\"https:\\/\\/www.apple.com\\/vn\\/iphone\\/home\\/images\\/overview\\/welcome\\/switch\\/welcome__n6xy87ib1gyu_xlarge.jpg\",\"https:\\/\\/www.apple.com\\/v\\/iphone\\/home\\/cc\\/images\\/overview\\/consider\\/camera__exi2qfijti0y_xlarge.jpg\"]',16739320.00,NULL,36,NULL,NULL,'2025-08-03 16:59:40','2025-08-03 17:02:26','2025-08-03 17:02:26'),(1151,694,'[\"https:\\/\\/www.apple.com\\/vn\\/iphone\\/home\\/images\\/overview\\/welcome\\/us\\/welcome_startframe__bqlrw3voffaq_xlarge.jpg\",\"https:\\/\\/www.apple.com\\/v\\/iphone\\/home\\/cc\\/images\\/overview\\/welcome\\/switch\\/welcome_3up__dyiw4p7q2dqq_large.jpg\",\"https:\\/\\/www.apple.com\\/vn\\/iphone\\/home\\/images\\/overview\\/welcome\\/switch\\/welcome__n6xy87ib1gyu_xlarge.jpg\",\"https:\\/\\/www.apple.com\\/v\\/iphone\\/home\\/cc\\/images\\/overview\\/consider\\/camera__exi2qfijti0y_xlarge.jpg\"]',16367525.00,NULL,42,NULL,NULL,'2025-08-03 16:59:41','2025-08-03 17:02:26','2025-08-03 17:02:26'),(1152,694,'[\"https:\\/\\/www.apple.com\\/vn\\/iphone\\/home\\/images\\/overview\\/welcome\\/us\\/welcome_startframe__bqlrw3voffaq_xlarge.jpg\",\"https:\\/\\/www.apple.com\\/v\\/iphone\\/home\\/cc\\/images\\/overview\\/welcome\\/switch\\/welcome_3up__dyiw4p7q2dqq_large.jpg\",\"https:\\/\\/www.apple.com\\/vn\\/iphone\\/home\\/images\\/overview\\/welcome\\/switch\\/welcome__n6xy87ib1gyu_xlarge.jpg\",\"https:\\/\\/www.apple.com\\/v\\/iphone\\/home\\/cc\\/images\\/overview\\/consider\\/camera__exi2qfijti0y_xlarge.jpg\"]',16528940.00,NULL,30,NULL,NULL,'2025-08-03 16:59:42','2025-08-03 17:02:26','2025-08-03 17:02:26'),(1153,695,'[\"https:\\/\\/www.apple.com\\/vn\\/iphone\\/home\\/images\\/overview\\/welcome\\/us\\/welcome_startframe__bqlrw3voffaq_xlarge.jpg\",\"https:\\/\\/www.apple.com\\/v\\/iphone\\/home\\/cc\\/images\\/overview\\/welcome\\/switch\\/welcome_3up__dyiw4p7q2dqq_large.jpg\",\"https:\\/\\/www.apple.com\\/vn\\/iphone\\/home\\/images\\/overview\\/welcome\\/switch\\/welcome__n6xy87ib1gyu_xlarge.jpg\",\"https:\\/\\/www.apple.com\\/v\\/iphone\\/home\\/cc\\/images\\/overview\\/consider\\/camera__exi2qfijti0y_xlarge.jpg\"]',15247574.00,NULL,9,NULL,NULL,'2025-08-03 16:59:42','2025-08-03 17:02:26','2025-08-03 17:02:26'),(1154,695,'[\"https:\\/\\/www.apple.com\\/vn\\/iphone\\/home\\/images\\/overview\\/welcome\\/us\\/welcome_startframe__bqlrw3voffaq_xlarge.jpg\",\"https:\\/\\/www.apple.com\\/v\\/iphone\\/home\\/cc\\/images\\/overview\\/welcome\\/switch\\/welcome_3up__dyiw4p7q2dqq_large.jpg\",\"https:\\/\\/www.apple.com\\/vn\\/iphone\\/home\\/images\\/overview\\/welcome\\/switch\\/welcome__n6xy87ib1gyu_xlarge.jpg\",\"https:\\/\\/www.apple.com\\/v\\/iphone\\/home\\/cc\\/images\\/overview\\/consider\\/camera__exi2qfijti0y_xlarge.jpg\"]',15186825.00,NULL,21,NULL,NULL,'2025-08-03 16:59:43','2025-08-03 17:02:26','2025-08-03 17:02:26'),(1155,695,'[\"https:\\/\\/www.apple.com\\/vn\\/iphone\\/home\\/images\\/overview\\/welcome\\/us\\/welcome_startframe__bqlrw3voffaq_xlarge.jpg\",\"https:\\/\\/www.apple.com\\/v\\/iphone\\/home\\/cc\\/images\\/overview\\/welcome\\/switch\\/welcome_3up__dyiw4p7q2dqq_large.jpg\",\"https:\\/\\/www.apple.com\\/vn\\/iphone\\/home\\/images\\/overview\\/welcome\\/switch\\/welcome__n6xy87ib1gyu_xlarge.jpg\",\"https:\\/\\/www.apple.com\\/v\\/iphone\\/home\\/cc\\/images\\/overview\\/consider\\/camera__exi2qfijti0y_xlarge.jpg\"]',14840452.00,NULL,12,NULL,NULL,'2025-08-03 16:59:43','2025-08-03 17:02:26','2025-08-03 17:02:26'),(1156,695,'[\"https:\\/\\/www.apple.com\\/vn\\/iphone\\/home\\/images\\/overview\\/welcome\\/us\\/welcome_startframe__bqlrw3voffaq_xlarge.jpg\",\"https:\\/\\/www.apple.com\\/v\\/iphone\\/home\\/cc\\/images\\/overview\\/welcome\\/switch\\/welcome_3up__dyiw4p7q2dqq_large.jpg\",\"https:\\/\\/www.apple.com\\/vn\\/iphone\\/home\\/images\\/overview\\/welcome\\/switch\\/welcome__n6xy87ib1gyu_xlarge.jpg\",\"https:\\/\\/www.apple.com\\/v\\/iphone\\/home\\/cc\\/images\\/overview\\/consider\\/camera__exi2qfijti0y_xlarge.jpg\"]',15307052.00,NULL,42,NULL,NULL,'2025-08-03 16:59:43','2025-08-03 17:02:26','2025-08-03 17:02:26'),(1157,696,'[\"https:\\/\\/www.apple.com\\/vn\\/iphone\\/home\\/images\\/overview\\/welcome\\/us\\/welcome_startframe__bqlrw3voffaq_xlarge.jpg\",\"https:\\/\\/www.apple.com\\/v\\/iphone\\/home\\/cc\\/images\\/overview\\/welcome\\/switch\\/welcome_3up__dyiw4p7q2dqq_large.jpg\",\"https:\\/\\/www.apple.com\\/vn\\/iphone\\/home\\/images\\/overview\\/welcome\\/switch\\/welcome__n6xy87ib1gyu_xlarge.jpg\",\"https:\\/\\/www.apple.com\\/v\\/iphone\\/home\\/cc\\/images\\/overview\\/consider\\/camera__exi2qfijti0y_xlarge.jpg\"]',15395502.00,NULL,24,NULL,NULL,'2025-08-03 16:59:43','2025-08-03 17:02:26','2025-08-03 17:02:26'),(1158,696,'[\"https:\\/\\/www.apple.com\\/vn\\/iphone\\/home\\/images\\/overview\\/welcome\\/us\\/welcome_startframe__bqlrw3voffaq_xlarge.jpg\",\"https:\\/\\/www.apple.com\\/v\\/iphone\\/home\\/cc\\/images\\/overview\\/welcome\\/switch\\/welcome_3up__dyiw4p7q2dqq_large.jpg\",\"https:\\/\\/www.apple.com\\/vn\\/iphone\\/home\\/images\\/overview\\/welcome\\/switch\\/welcome__n6xy87ib1gyu_xlarge.jpg\",\"https:\\/\\/www.apple.com\\/v\\/iphone\\/home\\/cc\\/images\\/overview\\/consider\\/camera__exi2qfijti0y_xlarge.jpg\"]',15238322.00,NULL,21,NULL,NULL,'2025-08-03 16:59:44','2025-08-03 17:02:26','2025-08-03 17:02:26'),(1159,696,'[\"https:\\/\\/www.apple.com\\/vn\\/iphone\\/home\\/images\\/overview\\/welcome\\/us\\/welcome_startframe__bqlrw3voffaq_xlarge.jpg\",\"https:\\/\\/www.apple.com\\/v\\/iphone\\/home\\/cc\\/images\\/overview\\/welcome\\/switch\\/welcome_3up__dyiw4p7q2dqq_large.jpg\",\"https:\\/\\/www.apple.com\\/vn\\/iphone\\/home\\/images\\/overview\\/welcome\\/switch\\/welcome__n6xy87ib1gyu_xlarge.jpg\",\"https:\\/\\/www.apple.com\\/v\\/iphone\\/home\\/cc\\/images\\/overview\\/consider\\/camera__exi2qfijti0y_xlarge.jpg\"]',15208146.00,NULL,24,NULL,NULL,'2025-08-03 16:59:44','2025-08-03 17:02:26','2025-08-03 17:02:26'),(1160,696,'[\"https:\\/\\/www.apple.com\\/vn\\/iphone\\/home\\/images\\/overview\\/welcome\\/us\\/welcome_startframe__bqlrw3voffaq_xlarge.jpg\",\"https:\\/\\/www.apple.com\\/v\\/iphone\\/home\\/cc\\/images\\/overview\\/welcome\\/switch\\/welcome_3up__dyiw4p7q2dqq_large.jpg\",\"https:\\/\\/www.apple.com\\/vn\\/iphone\\/home\\/images\\/overview\\/welcome\\/switch\\/welcome__n6xy87ib1gyu_xlarge.jpg\",\"https:\\/\\/www.apple.com\\/v\\/iphone\\/home\\/cc\\/images\\/overview\\/consider\\/camera__exi2qfijti0y_xlarge.jpg\"]',15716333.00,NULL,26,NULL,NULL,'2025-08-03 16:59:44','2025-08-03 17:02:26','2025-08-03 17:02:26'),(1161,697,'[\"https:\\/\\/www.apple.com\\/vn\\/iphone\\/home\\/images\\/overview\\/welcome\\/us\\/welcome_startframe__bqlrw3voffaq_xlarge.jpg\",\"https:\\/\\/www.apple.com\\/v\\/iphone\\/home\\/cc\\/images\\/overview\\/welcome\\/switch\\/welcome_3up__dyiw4p7q2dqq_large.jpg\",\"https:\\/\\/www.apple.com\\/vn\\/iphone\\/home\\/images\\/overview\\/welcome\\/switch\\/welcome__n6xy87ib1gyu_xlarge.jpg\",\"https:\\/\\/www.apple.com\\/v\\/iphone\\/home\\/cc\\/images\\/overview\\/consider\\/camera__exi2qfijti0y_xlarge.jpg\"]',16106734.00,NULL,41,NULL,NULL,'2025-08-03 16:59:45','2025-08-03 17:02:26','2025-08-03 17:02:26'),(1162,697,'[\"https:\\/\\/www.apple.com\\/vn\\/iphone\\/home\\/images\\/overview\\/welcome\\/us\\/welcome_startframe__bqlrw3voffaq_xlarge.jpg\",\"https:\\/\\/www.apple.com\\/v\\/iphone\\/home\\/cc\\/images\\/overview\\/welcome\\/switch\\/welcome_3up__dyiw4p7q2dqq_large.jpg\",\"https:\\/\\/www.apple.com\\/vn\\/iphone\\/home\\/images\\/overview\\/welcome\\/switch\\/welcome__n6xy87ib1gyu_xlarge.jpg\",\"https:\\/\\/www.apple.com\\/v\\/iphone\\/home\\/cc\\/images\\/overview\\/consider\\/camera__exi2qfijti0y_xlarge.jpg\"]',16128523.00,NULL,38,NULL,NULL,'2025-08-03 16:59:46','2025-08-03 17:02:26','2025-08-03 17:02:26'),(1163,697,'[\"https:\\/\\/www.apple.com\\/vn\\/iphone\\/home\\/images\\/overview\\/welcome\\/us\\/welcome_startframe__bqlrw3voffaq_xlarge.jpg\",\"https:\\/\\/www.apple.com\\/v\\/iphone\\/home\\/cc\\/images\\/overview\\/welcome\\/switch\\/welcome_3up__dyiw4p7q2dqq_large.jpg\",\"https:\\/\\/www.apple.com\\/vn\\/iphone\\/home\\/images\\/overview\\/welcome\\/switch\\/welcome__n6xy87ib1gyu_xlarge.jpg\",\"https:\\/\\/www.apple.com\\/v\\/iphone\\/home\\/cc\\/images\\/overview\\/consider\\/camera__exi2qfijti0y_xlarge.jpg\"]',16246444.00,NULL,45,NULL,NULL,'2025-08-03 16:59:47','2025-08-03 17:02:26','2025-08-03 17:02:26'),(1164,697,'[\"https:\\/\\/www.apple.com\\/vn\\/iphone\\/home\\/images\\/overview\\/welcome\\/us\\/welcome_startframe__bqlrw3voffaq_xlarge.jpg\",\"https:\\/\\/www.apple.com\\/v\\/iphone\\/home\\/cc\\/images\\/overview\\/welcome\\/switch\\/welcome_3up__dyiw4p7q2dqq_large.jpg\",\"https:\\/\\/www.apple.com\\/vn\\/iphone\\/home\\/images\\/overview\\/welcome\\/switch\\/welcome__n6xy87ib1gyu_xlarge.jpg\",\"https:\\/\\/www.apple.com\\/v\\/iphone\\/home\\/cc\\/images\\/overview\\/consider\\/camera__exi2qfijti0y_xlarge.jpg\"]',16188099.00,NULL,43,NULL,NULL,'2025-08-03 16:59:47','2025-08-03 17:02:26','2025-08-03 17:02:26'),(1165,698,'[\"https:\\/\\/www.apple.com\\/vn\\/iphone\\/home\\/images\\/overview\\/welcome\\/us\\/welcome_startframe__bqlrw3voffaq_xlarge.jpg\",\"https:\\/\\/www.apple.com\\/v\\/iphone\\/home\\/cc\\/images\\/overview\\/welcome\\/switch\\/welcome_3up__dyiw4p7q2dqq_large.jpg\",\"https:\\/\\/www.apple.com\\/vn\\/iphone\\/home\\/images\\/overview\\/welcome\\/switch\\/welcome__n6xy87ib1gyu_xlarge.jpg\",\"https:\\/\\/www.apple.com\\/v\\/iphone\\/home\\/cc\\/images\\/overview\\/consider\\/camera__exi2qfijti0y_xlarge.jpg\"]',15380145.00,NULL,6,NULL,NULL,'2025-08-03 16:59:48','2025-08-03 17:02:26','2025-08-03 17:02:26'),(1166,698,'[\"https:\\/\\/www.apple.com\\/vn\\/iphone\\/home\\/images\\/overview\\/welcome\\/us\\/welcome_startframe__bqlrw3voffaq_xlarge.jpg\",\"https:\\/\\/www.apple.com\\/v\\/iphone\\/home\\/cc\\/images\\/overview\\/welcome\\/switch\\/welcome_3up__dyiw4p7q2dqq_large.jpg\",\"https:\\/\\/www.apple.com\\/vn\\/iphone\\/home\\/images\\/overview\\/welcome\\/switch\\/welcome__n6xy87ib1gyu_xlarge.jpg\",\"https:\\/\\/www.apple.com\\/v\\/iphone\\/home\\/cc\\/images\\/overview\\/consider\\/camera__exi2qfijti0y_xlarge.jpg\"]',15665259.00,NULL,50,NULL,NULL,'2025-08-03 16:59:48','2025-08-03 17:02:26','2025-08-03 17:02:26'),(1167,698,'[\"https:\\/\\/www.apple.com\\/vn\\/iphone\\/home\\/images\\/overview\\/welcome\\/us\\/welcome_startframe__bqlrw3voffaq_xlarge.jpg\",\"https:\\/\\/www.apple.com\\/v\\/iphone\\/home\\/cc\\/images\\/overview\\/welcome\\/switch\\/welcome_3up__dyiw4p7q2dqq_large.jpg\",\"https:\\/\\/www.apple.com\\/vn\\/iphone\\/home\\/images\\/overview\\/welcome\\/switch\\/welcome__n6xy87ib1gyu_xlarge.jpg\",\"https:\\/\\/www.apple.com\\/v\\/iphone\\/home\\/cc\\/images\\/overview\\/consider\\/camera__exi2qfijti0y_xlarge.jpg\"]',15485462.00,NULL,41,NULL,NULL,'2025-08-03 16:59:48','2025-08-03 17:02:26','2025-08-03 17:02:26'),(1168,698,'[\"https:\\/\\/www.apple.com\\/vn\\/iphone\\/home\\/images\\/overview\\/welcome\\/us\\/welcome_startframe__bqlrw3voffaq_xlarge.jpg\",\"https:\\/\\/www.apple.com\\/v\\/iphone\\/home\\/cc\\/images\\/overview\\/welcome\\/switch\\/welcome_3up__dyiw4p7q2dqq_large.jpg\",\"https:\\/\\/www.apple.com\\/vn\\/iphone\\/home\\/images\\/overview\\/welcome\\/switch\\/welcome__n6xy87ib1gyu_xlarge.jpg\",\"https:\\/\\/www.apple.com\\/v\\/iphone\\/home\\/cc\\/images\\/overview\\/consider\\/camera__exi2qfijti0y_xlarge.jpg\"]',15861971.00,NULL,45,NULL,NULL,'2025-08-03 16:59:49','2025-08-03 17:02:26','2025-08-03 17:02:26'),(1169,699,'[\"https:\\/\\/www.apple.com\\/vn\\/iphone\\/home\\/images\\/overview\\/welcome\\/us\\/welcome_startframe__bqlrw3voffaq_xlarge.jpg\",\"https:\\/\\/www.apple.com\\/v\\/iphone\\/home\\/cc\\/images\\/overview\\/welcome\\/switch\\/welcome_3up__dyiw4p7q2dqq_large.jpg\",\"https:\\/\\/www.apple.com\\/vn\\/iphone\\/home\\/images\\/overview\\/welcome\\/switch\\/welcome__n6xy87ib1gyu_xlarge.jpg\",\"https:\\/\\/www.apple.com\\/v\\/iphone\\/home\\/cc\\/images\\/overview\\/consider\\/camera__exi2qfijti0y_xlarge.jpg\"]',16474379.00,NULL,39,NULL,NULL,'2025-08-03 16:59:49','2025-08-03 17:02:26','2025-08-03 17:02:26'),(1170,699,'[\"https:\\/\\/www.apple.com\\/vn\\/iphone\\/home\\/images\\/overview\\/welcome\\/us\\/welcome_startframe__bqlrw3voffaq_xlarge.jpg\",\"https:\\/\\/www.apple.com\\/v\\/iphone\\/home\\/cc\\/images\\/overview\\/welcome\\/switch\\/welcome_3up__dyiw4p7q2dqq_large.jpg\",\"https:\\/\\/www.apple.com\\/vn\\/iphone\\/home\\/images\\/overview\\/welcome\\/switch\\/welcome__n6xy87ib1gyu_xlarge.jpg\",\"https:\\/\\/www.apple.com\\/v\\/iphone\\/home\\/cc\\/images\\/overview\\/consider\\/camera__exi2qfijti0y_xlarge.jpg\"]',16573094.00,NULL,30,NULL,NULL,'2025-08-03 16:59:49','2025-08-03 17:02:26','2025-08-03 17:02:26'),(1171,699,'[\"https:\\/\\/www.apple.com\\/vn\\/iphone\\/home\\/images\\/overview\\/welcome\\/us\\/welcome_startframe__bqlrw3voffaq_xlarge.jpg\",\"https:\\/\\/www.apple.com\\/v\\/iphone\\/home\\/cc\\/images\\/overview\\/welcome\\/switch\\/welcome_3up__dyiw4p7q2dqq_large.jpg\",\"https:\\/\\/www.apple.com\\/vn\\/iphone\\/home\\/images\\/overview\\/welcome\\/switch\\/welcome__n6xy87ib1gyu_xlarge.jpg\",\"https:\\/\\/www.apple.com\\/v\\/iphone\\/home\\/cc\\/images\\/overview\\/consider\\/camera__exi2qfijti0y_xlarge.jpg\"]',16169052.00,NULL,9,NULL,NULL,'2025-08-03 16:59:50','2025-08-03 17:02:26','2025-08-03 17:02:26'),(1172,699,'[\"https:\\/\\/www.apple.com\\/vn\\/iphone\\/home\\/images\\/overview\\/welcome\\/us\\/welcome_startframe__bqlrw3voffaq_xlarge.jpg\",\"https:\\/\\/www.apple.com\\/v\\/iphone\\/home\\/cc\\/images\\/overview\\/welcome\\/switch\\/welcome_3up__dyiw4p7q2dqq_large.jpg\",\"https:\\/\\/www.apple.com\\/vn\\/iphone\\/home\\/images\\/overview\\/welcome\\/switch\\/welcome__n6xy87ib1gyu_xlarge.jpg\",\"https:\\/\\/www.apple.com\\/v\\/iphone\\/home\\/cc\\/images\\/overview\\/consider\\/camera__exi2qfijti0y_xlarge.jpg\"]',16659367.00,NULL,19,NULL,NULL,'2025-08-03 16:59:50','2025-08-03 17:02:26','2025-08-03 17:02:26'),(1173,700,'[\"https:\\/\\/www.apple.com\\/vn\\/iphone\\/home\\/images\\/overview\\/welcome\\/us\\/welcome_startframe__bqlrw3voffaq_xlarge.jpg\",\"https:\\/\\/www.apple.com\\/v\\/iphone\\/home\\/cc\\/images\\/overview\\/welcome\\/switch\\/welcome_3up__dyiw4p7q2dqq_large.jpg\",\"https:\\/\\/www.apple.com\\/vn\\/iphone\\/home\\/images\\/overview\\/welcome\\/switch\\/welcome__n6xy87ib1gyu_xlarge.jpg\",\"https:\\/\\/www.apple.com\\/v\\/iphone\\/home\\/cc\\/images\\/overview\\/consider\\/camera__exi2qfijti0y_xlarge.jpg\"]',17268958.00,NULL,41,NULL,NULL,'2025-08-03 16:59:51','2025-08-03 17:02:26','2025-08-03 17:02:26'),(1174,700,'[\"https:\\/\\/www.apple.com\\/vn\\/iphone\\/home\\/images\\/overview\\/welcome\\/us\\/welcome_startframe__bqlrw3voffaq_xlarge.jpg\",\"https:\\/\\/www.apple.com\\/v\\/iphone\\/home\\/cc\\/images\\/overview\\/welcome\\/switch\\/welcome_3up__dyiw4p7q2dqq_large.jpg\",\"https:\\/\\/www.apple.com\\/vn\\/iphone\\/home\\/images\\/overview\\/welcome\\/switch\\/welcome__n6xy87ib1gyu_xlarge.jpg\",\"https:\\/\\/www.apple.com\\/v\\/iphone\\/home\\/cc\\/images\\/overview\\/consider\\/camera__exi2qfijti0y_xlarge.jpg\"]',16916573.00,NULL,50,NULL,NULL,'2025-08-03 16:59:52','2025-08-03 17:02:26','2025-08-03 17:02:26'),(1175,700,'[\"https:\\/\\/www.apple.com\\/vn\\/iphone\\/home\\/images\\/overview\\/welcome\\/us\\/welcome_startframe__bqlrw3voffaq_xlarge.jpg\",\"https:\\/\\/www.apple.com\\/v\\/iphone\\/home\\/cc\\/images\\/overview\\/welcome\\/switch\\/welcome_3up__dyiw4p7q2dqq_large.jpg\",\"https:\\/\\/www.apple.com\\/vn\\/iphone\\/home\\/images\\/overview\\/welcome\\/switch\\/welcome__n6xy87ib1gyu_xlarge.jpg\",\"https:\\/\\/www.apple.com\\/v\\/iphone\\/home\\/cc\\/images\\/overview\\/consider\\/camera__exi2qfijti0y_xlarge.jpg\"]',16861745.00,NULL,38,NULL,NULL,'2025-08-03 16:59:52','2025-08-03 17:02:26','2025-08-03 17:02:26'),(1176,700,'[\"https:\\/\\/www.apple.com\\/vn\\/iphone\\/home\\/images\\/overview\\/welcome\\/us\\/welcome_startframe__bqlrw3voffaq_xlarge.jpg\",\"https:\\/\\/www.apple.com\\/v\\/iphone\\/home\\/cc\\/images\\/overview\\/welcome\\/switch\\/welcome_3up__dyiw4p7q2dqq_large.jpg\",\"https:\\/\\/www.apple.com\\/vn\\/iphone\\/home\\/images\\/overview\\/welcome\\/switch\\/welcome__n6xy87ib1gyu_xlarge.jpg\",\"https:\\/\\/www.apple.com\\/v\\/iphone\\/home\\/cc\\/images\\/overview\\/consider\\/camera__exi2qfijti0y_xlarge.jpg\"]',17342739.00,NULL,34,NULL,NULL,'2025-08-03 16:59:53','2025-08-03 17:02:26','2025-08-03 17:02:26'),(1177,701,'[\"https:\\/\\/www.apple.com\\/vn\\/iphone\\/home\\/images\\/overview\\/welcome\\/us\\/welcome_startframe__bqlrw3voffaq_xlarge.jpg\",\"https:\\/\\/www.apple.com\\/v\\/iphone\\/home\\/cc\\/images\\/overview\\/welcome\\/switch\\/welcome_3up__dyiw4p7q2dqq_large.jpg\",\"https:\\/\\/www.apple.com\\/vn\\/iphone\\/home\\/images\\/overview\\/welcome\\/switch\\/welcome__n6xy87ib1gyu_xlarge.jpg\",\"https:\\/\\/www.apple.com\\/v\\/iphone\\/home\\/cc\\/images\\/overview\\/consider\\/camera__exi2qfijti0y_xlarge.jpg\"]',15948231.00,NULL,11,NULL,NULL,'2025-08-03 16:59:53','2025-08-03 17:02:26','2025-08-03 17:02:26'),(1178,701,'[\"https:\\/\\/www.apple.com\\/vn\\/iphone\\/home\\/images\\/overview\\/welcome\\/us\\/welcome_startframe__bqlrw3voffaq_xlarge.jpg\",\"https:\\/\\/www.apple.com\\/v\\/iphone\\/home\\/cc\\/images\\/overview\\/welcome\\/switch\\/welcome_3up__dyiw4p7q2dqq_large.jpg\",\"https:\\/\\/www.apple.com\\/vn\\/iphone\\/home\\/images\\/overview\\/welcome\\/switch\\/welcome__n6xy87ib1gyu_xlarge.jpg\",\"https:\\/\\/www.apple.com\\/v\\/iphone\\/home\\/cc\\/images\\/overview\\/consider\\/camera__exi2qfijti0y_xlarge.jpg\"]',15290721.00,NULL,39,NULL,NULL,'2025-08-03 16:59:53','2025-08-03 17:02:26','2025-08-03 17:02:26'),(1179,701,'[\"https:\\/\\/www.apple.com\\/vn\\/iphone\\/home\\/images\\/overview\\/welcome\\/us\\/welcome_startframe__bqlrw3voffaq_xlarge.jpg\",\"https:\\/\\/www.apple.com\\/v\\/iphone\\/home\\/cc\\/images\\/overview\\/welcome\\/switch\\/welcome_3up__dyiw4p7q2dqq_large.jpg\",\"https:\\/\\/www.apple.com\\/vn\\/iphone\\/home\\/images\\/overview\\/welcome\\/switch\\/welcome__n6xy87ib1gyu_xlarge.jpg\",\"https:\\/\\/www.apple.com\\/v\\/iphone\\/home\\/cc\\/images\\/overview\\/consider\\/camera__exi2qfijti0y_xlarge.jpg\"]',15568855.00,NULL,40,NULL,NULL,'2025-08-03 16:59:54','2025-08-03 17:02:26','2025-08-03 17:02:26'),(1180,701,'[\"https:\\/\\/www.apple.com\\/vn\\/iphone\\/home\\/images\\/overview\\/welcome\\/us\\/welcome_startframe__bqlrw3voffaq_xlarge.jpg\",\"https:\\/\\/www.apple.com\\/v\\/iphone\\/home\\/cc\\/images\\/overview\\/welcome\\/switch\\/welcome_3up__dyiw4p7q2dqq_large.jpg\",\"https:\\/\\/www.apple.com\\/vn\\/iphone\\/home\\/images\\/overview\\/welcome\\/switch\\/welcome__n6xy87ib1gyu_xlarge.jpg\",\"https:\\/\\/www.apple.com\\/v\\/iphone\\/home\\/cc\\/images\\/overview\\/consider\\/camera__exi2qfijti0y_xlarge.jpg\"]',15351971.00,NULL,39,NULL,NULL,'2025-08-03 16:59:55','2025-08-03 17:02:26','2025-08-03 17:02:26'),(1181,702,'[\"https:\\/\\/images.unsplash.com\\/photo-1511707171634-5f897ff02aa9?w=400&h=600&fit=crop&brand=realme&v=1\",\"https:\\/\\/images.unsplash.com\\/photo-1511707171634-5f897ff02aa9?w=400&h=600&fit=crop&brand=realme&v=2\",\"https:\\/\\/images.unsplash.com\\/photo-1511707171634-5f897ff02aa9?w=400&h=600&fit=crop&brand=realme&v=3\",\"https:\\/\\/images.unsplash.com\\/photo-1511707171634-5f897ff02aa9?w=400&h=600&fit=crop&brand=realme&v=4\"]',4774275.00,NULL,47,NULL,NULL,'2025-08-03 16:59:55','2025-08-03 17:02:26','2025-08-03 17:02:26'),(1182,702,'[\"https:\\/\\/images.unsplash.com\\/photo-1511707171634-5f897ff02aa9?w=400&h=600&fit=crop&brand=realme&v=1\",\"https:\\/\\/images.unsplash.com\\/photo-1511707171634-5f897ff02aa9?w=400&h=600&fit=crop&brand=realme&v=2\",\"https:\\/\\/images.unsplash.com\\/photo-1511707171634-5f897ff02aa9?w=400&h=600&fit=crop&brand=realme&v=3\",\"https:\\/\\/images.unsplash.com\\/photo-1511707171634-5f897ff02aa9?w=400&h=600&fit=crop&brand=realme&v=4\"]',4650639.00,NULL,35,NULL,NULL,'2025-08-03 16:59:55','2025-08-03 17:02:26','2025-08-03 17:02:26'),(1183,702,'[\"https:\\/\\/images.unsplash.com\\/photo-1511707171634-5f897ff02aa9?w=400&h=600&fit=crop&brand=realme&v=1\",\"https:\\/\\/images.unsplash.com\\/photo-1511707171634-5f897ff02aa9?w=400&h=600&fit=crop&brand=realme&v=2\",\"https:\\/\\/images.unsplash.com\\/photo-1511707171634-5f897ff02aa9?w=400&h=600&fit=crop&brand=realme&v=3\",\"https:\\/\\/images.unsplash.com\\/photo-1511707171634-5f897ff02aa9?w=400&h=600&fit=crop&brand=realme&v=4\"]',4397959.00,NULL,42,NULL,NULL,'2025-08-03 16:59:56','2025-08-03 17:02:26','2025-08-03 17:02:26'),(1184,702,'[\"https:\\/\\/images.unsplash.com\\/photo-1511707171634-5f897ff02aa9?w=400&h=600&fit=crop&brand=realme&v=1\",\"https:\\/\\/images.unsplash.com\\/photo-1511707171634-5f897ff02aa9?w=400&h=600&fit=crop&brand=realme&v=2\",\"https:\\/\\/images.unsplash.com\\/photo-1511707171634-5f897ff02aa9?w=400&h=600&fit=crop&brand=realme&v=3\",\"https:\\/\\/images.unsplash.com\\/photo-1511707171634-5f897ff02aa9?w=400&h=600&fit=crop&brand=realme&v=4\"]',4783183.00,NULL,46,NULL,NULL,'2025-08-03 16:59:56','2025-08-03 17:02:26','2025-08-03 17:02:26'),(1185,703,'[\"https:\\/\\/images.unsplash.com\\/photo-1511707171634-5f897ff02aa9?w=400&h=600&fit=crop&brand=realme&v=1\",\"https:\\/\\/images.unsplash.com\\/photo-1511707171634-5f897ff02aa9?w=400&h=600&fit=crop&brand=realme&v=2\",\"https:\\/\\/images.unsplash.com\\/photo-1511707171634-5f897ff02aa9?w=400&h=600&fit=crop&brand=realme&v=3\",\"https:\\/\\/images.unsplash.com\\/photo-1511707171634-5f897ff02aa9?w=400&h=600&fit=crop&brand=realme&v=4\"]',5053922.00,NULL,31,NULL,NULL,'2025-08-03 16:59:57','2025-08-03 17:02:26','2025-08-03 17:02:26'),(1186,703,'[\"https:\\/\\/images.unsplash.com\\/photo-1511707171634-5f897ff02aa9?w=400&h=600&fit=crop&brand=realme&v=1\",\"https:\\/\\/images.unsplash.com\\/photo-1511707171634-5f897ff02aa9?w=400&h=600&fit=crop&brand=realme&v=2\",\"https:\\/\\/images.unsplash.com\\/photo-1511707171634-5f897ff02aa9?w=400&h=600&fit=crop&brand=realme&v=3\",\"https:\\/\\/images.unsplash.com\\/photo-1511707171634-5f897ff02aa9?w=400&h=600&fit=crop&brand=realme&v=4\"]',4940608.00,NULL,28,NULL,NULL,'2025-08-03 16:59:57','2025-08-03 17:02:26','2025-08-03 17:02:26'),(1187,703,'[\"https:\\/\\/images.unsplash.com\\/photo-1511707171634-5f897ff02aa9?w=400&h=600&fit=crop&brand=realme&v=1\",\"https:\\/\\/images.unsplash.com\\/photo-1511707171634-5f897ff02aa9?w=400&h=600&fit=crop&brand=realme&v=2\",\"https:\\/\\/images.unsplash.com\\/photo-1511707171634-5f897ff02aa9?w=400&h=600&fit=crop&brand=realme&v=3\",\"https:\\/\\/images.unsplash.com\\/photo-1511707171634-5f897ff02aa9?w=400&h=600&fit=crop&brand=realme&v=4\"]',5118675.00,NULL,28,NULL,NULL,'2025-08-03 16:59:57','2025-08-03 17:02:26','2025-08-03 17:02:26'),(1188,703,'[\"https:\\/\\/images.unsplash.com\\/photo-1511707171634-5f897ff02aa9?w=400&h=600&fit=crop&brand=realme&v=1\",\"https:\\/\\/images.unsplash.com\\/photo-1511707171634-5f897ff02aa9?w=400&h=600&fit=crop&brand=realme&v=2\",\"https:\\/\\/images.unsplash.com\\/photo-1511707171634-5f897ff02aa9?w=400&h=600&fit=crop&brand=realme&v=3\",\"https:\\/\\/images.unsplash.com\\/photo-1511707171634-5f897ff02aa9?w=400&h=600&fit=crop&brand=realme&v=4\"]',5287563.00,NULL,31,NULL,NULL,'2025-08-03 16:59:58','2025-08-03 17:02:26','2025-08-03 17:02:26'),(1189,704,'[\"https:\\/\\/images.unsplash.com\\/photo-1511707171634-5f897ff02aa9?w=400&h=600&fit=crop&brand=realme&v=1\",\"https:\\/\\/images.unsplash.com\\/photo-1511707171634-5f897ff02aa9?w=400&h=600&fit=crop&brand=realme&v=2\",\"https:\\/\\/images.unsplash.com\\/photo-1511707171634-5f897ff02aa9?w=400&h=600&fit=crop&brand=realme&v=3\",\"https:\\/\\/images.unsplash.com\\/photo-1511707171634-5f897ff02aa9?w=400&h=600&fit=crop&brand=realme&v=4\"]',4219989.00,NULL,10,NULL,NULL,'2025-08-03 16:59:58','2025-08-03 17:02:26','2025-08-03 17:02:26'),(1190,704,'[\"https:\\/\\/images.unsplash.com\\/photo-1511707171634-5f897ff02aa9?w=400&h=600&fit=crop&brand=realme&v=1\",\"https:\\/\\/images.unsplash.com\\/photo-1511707171634-5f897ff02aa9?w=400&h=600&fit=crop&brand=realme&v=2\",\"https:\\/\\/images.unsplash.com\\/photo-1511707171634-5f897ff02aa9?w=400&h=600&fit=crop&brand=realme&v=3\",\"https:\\/\\/images.unsplash.com\\/photo-1511707171634-5f897ff02aa9?w=400&h=600&fit=crop&brand=realme&v=4\"]',4648406.00,NULL,44,NULL,NULL,'2025-08-03 16:59:58','2025-08-03 17:02:26','2025-08-03 17:02:26'),(1191,704,'[\"https:\\/\\/images.unsplash.com\\/photo-1511707171634-5f897ff02aa9?w=400&h=600&fit=crop&brand=realme&v=1\",\"https:\\/\\/images.unsplash.com\\/photo-1511707171634-5f897ff02aa9?w=400&h=600&fit=crop&brand=realme&v=2\",\"https:\\/\\/images.unsplash.com\\/photo-1511707171634-5f897ff02aa9?w=400&h=600&fit=crop&brand=realme&v=3\",\"https:\\/\\/images.unsplash.com\\/photo-1511707171634-5f897ff02aa9?w=400&h=600&fit=crop&brand=realme&v=4\"]',4746078.00,NULL,35,NULL,NULL,'2025-08-03 16:59:59','2025-08-03 17:02:26','2025-08-03 17:02:26'),(1192,704,'[\"https:\\/\\/images.unsplash.com\\/photo-1511707171634-5f897ff02aa9?w=400&h=600&fit=crop&brand=realme&v=1\",\"https:\\/\\/images.unsplash.com\\/photo-1511707171634-5f897ff02aa9?w=400&h=600&fit=crop&brand=realme&v=2\",\"https:\\/\\/images.unsplash.com\\/photo-1511707171634-5f897ff02aa9?w=400&h=600&fit=crop&brand=realme&v=3\",\"https:\\/\\/images.unsplash.com\\/photo-1511707171634-5f897ff02aa9?w=400&h=600&fit=crop&brand=realme&v=4\"]',4808893.00,NULL,23,NULL,NULL,'2025-08-03 16:59:59','2025-08-03 17:02:26','2025-08-03 17:02:26'),(1193,705,'[\"https:\\/\\/images.unsplash.com\\/photo-1511707171634-5f897ff02aa9?w=400&h=600&fit=crop&brand=realme&v=1\",\"https:\\/\\/images.unsplash.com\\/photo-1511707171634-5f897ff02aa9?w=400&h=600&fit=crop&brand=realme&v=2\",\"https:\\/\\/images.unsplash.com\\/photo-1511707171634-5f897ff02aa9?w=400&h=600&fit=crop&brand=realme&v=3\",\"https:\\/\\/images.unsplash.com\\/photo-1511707171634-5f897ff02aa9?w=400&h=600&fit=crop&brand=realme&v=4\"]',3870581.00,NULL,21,NULL,NULL,'2025-08-03 16:59:59','2025-08-03 17:02:26','2025-08-03 17:02:26'),(1194,705,'[\"https:\\/\\/images.unsplash.com\\/photo-1511707171634-5f897ff02aa9?w=400&h=600&fit=crop&brand=realme&v=1\",\"https:\\/\\/images.unsplash.com\\/photo-1511707171634-5f897ff02aa9?w=400&h=600&fit=crop&brand=realme&v=2\",\"https:\\/\\/images.unsplash.com\\/photo-1511707171634-5f897ff02aa9?w=400&h=600&fit=crop&brand=realme&v=3\",\"https:\\/\\/images.unsplash.com\\/photo-1511707171634-5f897ff02aa9?w=400&h=600&fit=crop&brand=realme&v=4\"]',4212108.00,NULL,40,NULL,NULL,'2025-08-03 17:00:00','2025-08-03 17:02:26','2025-08-03 17:02:26'),(1195,705,'[\"https:\\/\\/images.unsplash.com\\/photo-1511707171634-5f897ff02aa9?w=400&h=600&fit=crop&brand=realme&v=1\",\"https:\\/\\/images.unsplash.com\\/photo-1511707171634-5f897ff02aa9?w=400&h=600&fit=crop&brand=realme&v=2\",\"https:\\/\\/images.unsplash.com\\/photo-1511707171634-5f897ff02aa9?w=400&h=600&fit=crop&brand=realme&v=3\",\"https:\\/\\/images.unsplash.com\\/photo-1511707171634-5f897ff02aa9?w=400&h=600&fit=crop&brand=realme&v=4\"]',4001522.00,NULL,42,NULL,NULL,'2025-08-03 17:00:00','2025-08-03 17:02:26','2025-08-03 17:02:26'),(1196,705,'[\"https:\\/\\/images.unsplash.com\\/photo-1511707171634-5f897ff02aa9?w=400&h=600&fit=crop&brand=realme&v=1\",\"https:\\/\\/images.unsplash.com\\/photo-1511707171634-5f897ff02aa9?w=400&h=600&fit=crop&brand=realme&v=2\",\"https:\\/\\/images.unsplash.com\\/photo-1511707171634-5f897ff02aa9?w=400&h=600&fit=crop&brand=realme&v=3\",\"https:\\/\\/images.unsplash.com\\/photo-1511707171634-5f897ff02aa9?w=400&h=600&fit=crop&brand=realme&v=4\"]',4151087.00,NULL,45,NULL,NULL,'2025-08-03 17:00:01','2025-08-03 17:02:26','2025-08-03 17:02:26'),(1197,706,'[\"https:\\/\\/images.unsplash.com\\/photo-1511707171634-5f897ff02aa9?w=400&h=600&fit=crop&brand=realme&v=1\",\"https:\\/\\/images.unsplash.com\\/photo-1511707171634-5f897ff02aa9?w=400&h=600&fit=crop&brand=realme&v=2\",\"https:\\/\\/images.unsplash.com\\/photo-1511707171634-5f897ff02aa9?w=400&h=600&fit=crop&brand=realme&v=3\",\"https:\\/\\/images.unsplash.com\\/photo-1511707171634-5f897ff02aa9?w=400&h=600&fit=crop&brand=realme&v=4\"]',3639431.00,NULL,45,NULL,NULL,'2025-08-03 17:00:01','2025-08-03 17:02:26','2025-08-03 17:02:26'),(1198,706,'[\"https:\\/\\/images.unsplash.com\\/photo-1511707171634-5f897ff02aa9?w=400&h=600&fit=crop&brand=realme&v=1\",\"https:\\/\\/images.unsplash.com\\/photo-1511707171634-5f897ff02aa9?w=400&h=600&fit=crop&brand=realme&v=2\",\"https:\\/\\/images.unsplash.com\\/photo-1511707171634-5f897ff02aa9?w=400&h=600&fit=crop&brand=realme&v=3\",\"https:\\/\\/images.unsplash.com\\/photo-1511707171634-5f897ff02aa9?w=400&h=600&fit=crop&brand=realme&v=4\"]',3723055.00,NULL,16,NULL,NULL,'2025-08-03 17:00:01','2025-08-03 17:02:26','2025-08-03 17:02:26'),(1199,706,'[\"https:\\/\\/images.unsplash.com\\/photo-1511707171634-5f897ff02aa9?w=400&h=600&fit=crop&brand=realme&v=1\",\"https:\\/\\/images.unsplash.com\\/photo-1511707171634-5f897ff02aa9?w=400&h=600&fit=crop&brand=realme&v=2\",\"https:\\/\\/images.unsplash.com\\/photo-1511707171634-5f897ff02aa9?w=400&h=600&fit=crop&brand=realme&v=3\",\"https:\\/\\/images.unsplash.com\\/photo-1511707171634-5f897ff02aa9?w=400&h=600&fit=crop&brand=realme&v=4\"]',3830079.00,NULL,28,NULL,NULL,'2025-08-03 17:00:02','2025-08-03 17:02:26','2025-08-03 17:02:26'),(1200,706,'[\"https:\\/\\/images.unsplash.com\\/photo-1511707171634-5f897ff02aa9?w=400&h=600&fit=crop&brand=realme&v=1\",\"https:\\/\\/images.unsplash.com\\/photo-1511707171634-5f897ff02aa9?w=400&h=600&fit=crop&brand=realme&v=2\",\"https:\\/\\/images.unsplash.com\\/photo-1511707171634-5f897ff02aa9?w=400&h=600&fit=crop&brand=realme&v=3\",\"https:\\/\\/images.unsplash.com\\/photo-1511707171634-5f897ff02aa9?w=400&h=600&fit=crop&brand=realme&v=4\"]',3289133.00,NULL,31,NULL,NULL,'2025-08-03 17:00:02','2025-08-03 17:02:26','2025-08-03 17:02:26'),(1205,708,'[\"https:\\/\\/images.unsplash.com\\/photo-1511707171634-5f897ff02aa9?w=400&h=600&fit=crop&brand=realme&v=1\",\"https:\\/\\/images.unsplash.com\\/photo-1511707171634-5f897ff02aa9?w=400&h=600&fit=crop&brand=realme&v=2\",\"https:\\/\\/images.unsplash.com\\/photo-1511707171634-5f897ff02aa9?w=400&h=600&fit=crop&brand=realme&v=3\",\"https:\\/\\/images.unsplash.com\\/photo-1511707171634-5f897ff02aa9?w=400&h=600&fit=crop&brand=realme&v=4\"]',3284893.00,NULL,47,NULL,NULL,'2025-08-03 17:00:05','2025-08-03 17:02:26','2025-08-03 17:02:26'),(1206,708,'[\"https:\\/\\/images.unsplash.com\\/photo-1511707171634-5f897ff02aa9?w=400&h=600&fit=crop&brand=realme&v=1\",\"https:\\/\\/images.unsplash.com\\/photo-1511707171634-5f897ff02aa9?w=400&h=600&fit=crop&brand=realme&v=2\",\"https:\\/\\/images.unsplash.com\\/photo-1511707171634-5f897ff02aa9?w=400&h=600&fit=crop&brand=realme&v=3\",\"https:\\/\\/images.unsplash.com\\/photo-1511707171634-5f897ff02aa9?w=400&h=600&fit=crop&brand=realme&v=4\"]',2923150.00,NULL,37,NULL,NULL,'2025-08-03 17:00:06','2025-08-03 17:02:26','2025-08-03 17:02:26'),(1207,708,'[\"https:\\/\\/images.unsplash.com\\/photo-1511707171634-5f897ff02aa9?w=400&h=600&fit=crop&brand=realme&v=1\",\"https:\\/\\/images.unsplash.com\\/photo-1511707171634-5f897ff02aa9?w=400&h=600&fit=crop&brand=realme&v=2\",\"https:\\/\\/images.unsplash.com\\/photo-1511707171634-5f897ff02aa9?w=400&h=600&fit=crop&brand=realme&v=3\",\"https:\\/\\/images.unsplash.com\\/photo-1511707171634-5f897ff02aa9?w=400&h=600&fit=crop&brand=realme&v=4\"]',3131443.00,NULL,37,NULL,NULL,'2025-08-03 17:00:06','2025-08-03 17:02:26','2025-08-03 17:02:26'),(1208,708,'[\"https:\\/\\/images.unsplash.com\\/photo-1511707171634-5f897ff02aa9?w=400&h=600&fit=crop&brand=realme&v=1\",\"https:\\/\\/images.unsplash.com\\/photo-1511707171634-5f897ff02aa9?w=400&h=600&fit=crop&brand=realme&v=2\",\"https:\\/\\/images.unsplash.com\\/photo-1511707171634-5f897ff02aa9?w=400&h=600&fit=crop&brand=realme&v=3\",\"https:\\/\\/images.unsplash.com\\/photo-1511707171634-5f897ff02aa9?w=400&h=600&fit=crop&brand=realme&v=4\"]',3219318.00,NULL,13,NULL,NULL,'2025-08-03 17:00:07','2025-08-03 17:02:26','2025-08-03 17:02:26'),(1209,709,'[\"https:\\/\\/images.unsplash.com\\/photo-1511707171634-5f897ff02aa9?w=400&h=600&fit=crop&brand=realme&v=1\",\"https:\\/\\/images.unsplash.com\\/photo-1511707171634-5f897ff02aa9?w=400&h=600&fit=crop&brand=realme&v=2\",\"https:\\/\\/images.unsplash.com\\/photo-1511707171634-5f897ff02aa9?w=400&h=600&fit=crop&brand=realme&v=3\",\"https:\\/\\/images.unsplash.com\\/photo-1511707171634-5f897ff02aa9?w=400&h=600&fit=crop&brand=realme&v=4\"]',4444673.00,NULL,32,NULL,NULL,'2025-08-03 17:00:07','2025-08-03 17:02:26','2025-08-03 17:02:26'),(1210,709,'[\"https:\\/\\/images.unsplash.com\\/photo-1511707171634-5f897ff02aa9?w=400&h=600&fit=crop&brand=realme&v=1\",\"https:\\/\\/images.unsplash.com\\/photo-1511707171634-5f897ff02aa9?w=400&h=600&fit=crop&brand=realme&v=2\",\"https:\\/\\/images.unsplash.com\\/photo-1511707171634-5f897ff02aa9?w=400&h=600&fit=crop&brand=realme&v=3\",\"https:\\/\\/images.unsplash.com\\/photo-1511707171634-5f897ff02aa9?w=400&h=600&fit=crop&brand=realme&v=4\"]',4686781.00,NULL,5,NULL,NULL,'2025-08-03 17:00:07','2025-08-03 17:02:26','2025-08-03 17:02:26'),(1211,709,'[\"https:\\/\\/images.unsplash.com\\/photo-1511707171634-5f897ff02aa9?w=400&h=600&fit=crop&brand=realme&v=1\",\"https:\\/\\/images.unsplash.com\\/photo-1511707171634-5f897ff02aa9?w=400&h=600&fit=crop&brand=realme&v=2\",\"https:\\/\\/images.unsplash.com\\/photo-1511707171634-5f897ff02aa9?w=400&h=600&fit=crop&brand=realme&v=3\",\"https:\\/\\/images.unsplash.com\\/photo-1511707171634-5f897ff02aa9?w=400&h=600&fit=crop&brand=realme&v=4\"]',4761000.00,NULL,20,NULL,NULL,'2025-08-03 17:00:07','2025-08-03 17:02:26','2025-08-03 17:02:26'),(1212,709,'[\"https:\\/\\/images.unsplash.com\\/photo-1511707171634-5f897ff02aa9?w=400&h=600&fit=crop&brand=realme&v=1\",\"https:\\/\\/images.unsplash.com\\/photo-1511707171634-5f897ff02aa9?w=400&h=600&fit=crop&brand=realme&v=2\",\"https:\\/\\/images.unsplash.com\\/photo-1511707171634-5f897ff02aa9?w=400&h=600&fit=crop&brand=realme&v=3\",\"https:\\/\\/images.unsplash.com\\/photo-1511707171634-5f897ff02aa9?w=400&h=600&fit=crop&brand=realme&v=4\"]',4617549.00,NULL,5,NULL,NULL,'2025-08-03 17:00:08','2025-08-03 17:02:26','2025-08-03 17:02:26'),(1217,711,'[\"https:\\/\\/images.unsplash.com\\/photo-1511707171634-5f897ff02aa9?w=400&h=600&fit=crop&brand=realme&v=1\",\"https:\\/\\/images.unsplash.com\\/photo-1511707171634-5f897ff02aa9?w=400&h=600&fit=crop&brand=realme&v=2\",\"https:\\/\\/images.unsplash.com\\/photo-1511707171634-5f897ff02aa9?w=400&h=600&fit=crop&brand=realme&v=3\",\"https:\\/\\/images.unsplash.com\\/photo-1511707171634-5f897ff02aa9?w=400&h=600&fit=crop&brand=realme&v=4\"]',3791809.00,NULL,35,NULL,NULL,'2025-08-03 17:00:09','2025-08-03 17:02:26','2025-08-03 17:02:26'),(1218,711,'[\"https:\\/\\/images.unsplash.com\\/photo-1511707171634-5f897ff02aa9?w=400&h=600&fit=crop&brand=realme&v=1\",\"https:\\/\\/images.unsplash.com\\/photo-1511707171634-5f897ff02aa9?w=400&h=600&fit=crop&brand=realme&v=2\",\"https:\\/\\/images.unsplash.com\\/photo-1511707171634-5f897ff02aa9?w=400&h=600&fit=crop&brand=realme&v=3\",\"https:\\/\\/images.unsplash.com\\/photo-1511707171634-5f897ff02aa9?w=400&h=600&fit=crop&brand=realme&v=4\"]',3957680.00,NULL,40,NULL,NULL,'2025-08-03 17:00:09','2025-08-03 17:02:26','2025-08-03 17:02:26'),(1219,711,'[\"https:\\/\\/images.unsplash.com\\/photo-1511707171634-5f897ff02aa9?w=400&h=600&fit=crop&brand=realme&v=1\",\"https:\\/\\/images.unsplash.com\\/photo-1511707171634-5f897ff02aa9?w=400&h=600&fit=crop&brand=realme&v=2\",\"https:\\/\\/images.unsplash.com\\/photo-1511707171634-5f897ff02aa9?w=400&h=600&fit=crop&brand=realme&v=3\",\"https:\\/\\/images.unsplash.com\\/photo-1511707171634-5f897ff02aa9?w=400&h=600&fit=crop&brand=realme&v=4\"]',4081547.00,NULL,38,NULL,NULL,'2025-08-03 17:00:10','2025-08-03 17:02:26','2025-08-03 17:02:26'),(1220,711,'[\"https:\\/\\/images.unsplash.com\\/photo-1511707171634-5f897ff02aa9?w=400&h=600&fit=crop&brand=realme&v=1\",\"https:\\/\\/images.unsplash.com\\/photo-1511707171634-5f897ff02aa9?w=400&h=600&fit=crop&brand=realme&v=2\",\"https:\\/\\/images.unsplash.com\\/photo-1511707171634-5f897ff02aa9?w=400&h=600&fit=crop&brand=realme&v=3\",\"https:\\/\\/images.unsplash.com\\/photo-1511707171634-5f897ff02aa9?w=400&h=600&fit=crop&brand=realme&v=4\"]',3896672.00,NULL,26,NULL,NULL,'2025-08-03 17:00:10','2025-08-03 17:02:26','2025-08-03 17:02:26'),(1221,712,'[\"product-variants\\/nlJES1Edak6IIrbzvTju6YCfJZFRyyrMQ9pCtd2d.webp\"]',20000000.00,19000000.00,9978,67,22,'2025-08-04 07:14:31','2025-08-15 23:41:42',NULL),(1222,712,'[\"product-variants\\/yd7XB1AboIqFmfZgLvjhQtbEzJLk929AwOAbCD8U.webp\"]',20000000.00,19000000.00,991,65,19,'2025-08-04 07:15:02','2025-08-15 23:01:14',NULL),(1223,712,'[\"https:\\/\\/via.placeholder.com\\/640x480.png\\/00ee88?text=tech+consequatur\",\"https:\\/\\/via.placeholder.com\\/640x480.png\\/0022bb?text=tech+sint\"]',394.23,140.50,84,84,24,'2025-08-04 18:29:46','2025-08-15 21:16:18',NULL),(1224,712,'[\"https:\\/\\/via.placeholder.com\\/640x480.png\\/00ee22?text=tech+dignissimos\",\"https:\\/\\/via.placeholder.com\\/640x480.png\\/00dd00?text=tech+animi\"]',756.67,125.47,0,70,19,'2025-08-04 18:29:46','2025-08-04 19:04:37',NULL),(1225,713,'[\"product-variants\\/l7MJC3C0yPyfjVrOaa0F8y3MkSjMxMpJTeGpuche.webp\"]',100000.00,20000.00,-1,65,24,'2025-08-05 08:45:43','2025-08-05 09:19:14',NULL),(1226,714,'[\"product-variants\\/PBfm2SzBMjPIpJkmcoxtnpK8wU7XgDL04Ar0AG3L.png\"]',12999.00,NULL,-1,66,19,'2025-08-15 20:08:39','2025-08-15 20:37:22',NULL);
/*!40000 ALTER TABLE `product_variants` ENABLE KEYS */;
UNLOCK TABLES;

--
-- Table structure for table `products`
--

DROP TABLE IF EXISTS `products`;
/*!40101 SET @saved_cs_client     = @@character_set_client */;
/*!50503 SET character_set_client = utf8mb4 */;
CREATE TABLE `products` (
  `id` bigint unsigned NOT NULL AUTO_INCREMENT,
  `name` varchar(255) CHARACTER SET utf8mb4 COLLATE utf8mb4_unicode_ci NOT NULL,
  `image` varchar(255) CHARACTER SET utf8mb4 COLLATE utf8mb4_unicode_ci DEFAULT NULL,
  `price` decimal(15,2) DEFAULT NULL,
  `promotion_price` decimal(15,2) DEFAULT NULL,
  `description` text CHARACTER SET utf8mb4 COLLATE utf8mb4_unicode_ci,
  `brand` varchar(255) COLLATE utf8mb4_unicode_ci DEFAULT NULL COMMENT 'Thương hiệu sản phẩm',
  `model` varchar(255) COLLATE utf8mb4_unicode_ci DEFAULT NULL COMMENT 'Model sản phẩm',
  `sku` varchar(100) COLLATE utf8mb4_unicode_ci DEFAULT NULL COMMENT 'Mã SKU',
  `weight` decimal(8,2) DEFAULT NULL COMMENT 'Trọng lượng (kg)',
  `length` decimal(8,1) DEFAULT NULL COMMENT 'Chiều dài (cm)',
  `width` decimal(8,1) DEFAULT NULL COMMENT 'Chiều rộng (cm)',
  `height` decimal(8,1) DEFAULT NULL COMMENT 'Chiều cao (cm)',
  `warranty` int DEFAULT NULL COMMENT 'Thời gian bảo hành (tháng)',
  `origin` varchar(255) COLLATE utf8mb4_unicode_ci DEFAULT NULL COMMENT 'Xuất xứ sản phẩm',
  `meta_keywords` text COLLATE utf8mb4_unicode_ci COMMENT 'Từ khóa SEO',
  `meta_description` text COLLATE utf8mb4_unicode_ci COMMENT 'Mô tả SEO',
  `category_id` bigint unsigned NOT NULL,
  `status` tinyint NOT NULL DEFAULT '1',
  `view` int DEFAULT NULL,
  `stock_quantity` int DEFAULT NULL,
  `created_at` timestamp NULL DEFAULT NULL,
  `updated_at` timestamp NULL DEFAULT NULL,
  `deleted_at` timestamp NULL DEFAULT NULL,
  `compare_price` decimal(15,2) DEFAULT NULL COMMENT 'Giá so sánh (giá gốc)',
  PRIMARY KEY (`id`),
  KEY `products_category_id_foreign` (`category_id`),
  CONSTRAINT `products_category_id_foreign` FOREIGN KEY (`category_id`) REFERENCES `categories` (`id`) ON DELETE CASCADE
) ENGINE=InnoDB AUTO_INCREMENT=715 DEFAULT CHARSET=utf8mb4 COLLATE=utf8mb4_unicode_ci;
/*!40101 SET character_set_client = @saved_cs_client */;

--
-- Dumping data for table `products`
--

LOCK TABLES `products` WRITE;
/*!40000 ALTER TABLE `products` DISABLE KEYS */;
INSERT INTO `products` VALUES (10,'suscipit sapiente et','products/ZQcGb0hf3STFPbfWjdPkQH01eGnDg7PNgCiioe8R.webp',317893.00,12251.00,'Quia repellendus dignissimos et ut. Exercitationem illum dolorem vel voluptatem eligendi. Minus fugiat fugiat est fugit iste magnam non exercitationem.',NULL,NULL,NULL,NULL,NULL,NULL,NULL,NULL,NULL,NULL,NULL,6,1,166,NULL,'2025-08-02 22:20:40','2025-08-05 01:46:04',NULL,NULL),(494,'iPhone 14','products/iphone_14.jpg',16491963.00,15774857.00,'iPhone 14 - iphone với chip a-series mạnh mẽ, camera pro và hệ sinh thái ios hoàn hảo. sản phẩm cao cấp với trải nghiệm người dùng tuyệt vời.',NULL,NULL,NULL,NULL,NULL,NULL,NULL,NULL,NULL,NULL,NULL,34,1,1894,92,'2025-08-03 16:44:49','2025-08-05 01:53:39',NULL,NULL),(495,'iPhone 13 Pro Max','products/iphone_13_pro_max.jpg',16547174.00,16133477.00,'iPhone 13 Pro Max - iphone với chip a-series mạnh mẽ, camera pro và hệ sinh thái ios hoàn hảo. sản phẩm cao cấp với trải nghiệm người dùng tuyệt vời.',NULL,NULL,NULL,NULL,NULL,NULL,NULL,NULL,NULL,NULL,NULL,34,1,2746,65,'2025-08-03 16:44:49','2025-08-05 01:53:39',NULL,NULL),(498,'iPhone 13 mini','products/iphone_13_mini.jpg',15926225.00,15157381.00,'iPhone 13 mini - iphone với chip a-series mạnh mẽ, camera pro và hệ sinh thái ios hoàn hảo. sản phẩm cao cấp với trải nghiệm người dùng tuyệt vời.',NULL,NULL,NULL,NULL,NULL,NULL,NULL,NULL,NULL,NULL,NULL,34,1,2799,77,'2025-08-03 16:44:49','2025-08-05 01:53:48',NULL,NULL),(499,'iPhone 12 Pro Max','products/iphone_12_pro_max.jpg',15723840.00,15222417.00,'iPhone 12 Pro Max - iphone với chip a-series mạnh mẽ, camera pro và hệ sinh thái ios hoàn hảo. sản phẩm cao cấp với trải nghiệm người dùng tuyệt vời.',NULL,NULL,NULL,NULL,NULL,NULL,NULL,NULL,NULL,NULL,NULL,34,1,1516,18,'2025-08-03 16:44:49','2025-08-05 01:53:48',NULL,NULL),(500,'iPhone 12 Pro','products/iphone_12_pro.jpg',15507305.00,15044911.00,'iPhone 12 Pro - iphone với chip a-series mạnh mẽ, camera pro và hệ sinh thái ios hoàn hảo. sản phẩm cao cấp với trải nghiệm người dùng tuyệt vời.',NULL,NULL,NULL,NULL,NULL,NULL,NULL,NULL,NULL,NULL,NULL,34,1,515,26,'2025-08-03 16:44:49','2025-08-05 01:53:48',NULL,NULL),(501,'iPhone 12','products/iphone_12.jpg',15749954.00,15194973.00,'iPhone 12 - iphone với chip a-series mạnh mẽ, camera pro và hệ sinh thái ios hoàn hảo. sản phẩm cao cấp với trải nghiệm người dùng tuyệt vời.',NULL,NULL,NULL,NULL,NULL,NULL,NULL,NULL,NULL,NULL,NULL,34,1,2901,48,'2025-08-03 16:44:49','2025-08-05 01:54:22',NULL,NULL),(502,'Realme GT Neo 5','products/realme_gt_neo_5.jpg',4112275.00,3660409.00,'Realme GT Neo 5 - smartphone với thiết kế gaming, hiệu năng mạnh mẽ và giá cả cạnh tranh. phù hợp cho game thủ và người dùng trẻ.',NULL,NULL,NULL,NULL,NULL,NULL,NULL,NULL,NULL,NULL,NULL,35,1,4910,69,'2025-08-03 16:44:49','2025-08-05 01:54:22',NULL,NULL),(503,'Realme GT Neo 4','products/realme_gt_neo_4.jpg',2537634.00,2157837.00,'Realme GT Neo 4 - smartphone với thiết kế gaming, hiệu năng mạnh mẽ và giá cả cạnh tranh. phù hợp cho game thủ và người dùng trẻ.',NULL,NULL,NULL,NULL,NULL,NULL,NULL,NULL,NULL,NULL,NULL,35,1,3761,49,'2025-08-03 16:44:49','2025-08-05 01:54:22',NULL,NULL),(504,'Realme GT Neo 3','products/realme_gt_neo_3.jpg',3279305.00,2833010.00,'Realme GT Neo 3 - smartphone với thiết kế gaming, hiệu năng mạnh mẽ và giá cả cạnh tranh. phù hợp cho game thủ và người dùng trẻ.',NULL,NULL,NULL,NULL,NULL,NULL,NULL,NULL,NULL,NULL,NULL,35,1,854,79,'2025-08-03 16:44:49','2025-08-05 01:54:22',NULL,NULL),(505,'Realme GT Neo 2','products/realme_gt_neo_2.jpg',4243100.00,3470304.00,'Realme GT Neo 2 - smartphone với thiết kế gaming, hiệu năng mạnh mẽ và giá cả cạnh tranh. phù hợp cho game thủ và người dùng trẻ.',NULL,NULL,NULL,NULL,NULL,NULL,NULL,NULL,NULL,NULL,NULL,35,1,47,42,'2025-08-03 16:44:49','2025-08-05 01:54:22',NULL,NULL),(506,'Realme GT Neo','products/realme_gt_neo.jpg',3784946.00,3463758.00,'Realme GT Neo - smartphone với thiết kế gaming, hiệu năng mạnh mẽ và giá cả cạnh tranh. phù hợp cho game thủ và người dùng trẻ.',NULL,NULL,NULL,NULL,NULL,NULL,NULL,NULL,NULL,NULL,NULL,35,1,2716,47,'2025-08-03 16:44:49','2025-08-05 01:54:22',NULL,NULL),(508,'Realme 10 Pro','products/realme_10_pro.jpg',4200858.00,3487595.00,'Realme 10 Pro - smartphone với thiết kế gaming, hiệu năng mạnh mẽ và giá cả cạnh tranh. phù hợp cho game thủ và người dùng trẻ.',NULL,NULL,NULL,NULL,NULL,NULL,NULL,NULL,NULL,NULL,NULL,35,1,3689,87,'2025-08-03 16:44:49','2025-08-05 01:54:22',NULL,NULL),(509,'Realme 10','products/realme_10.jpg',3169289.00,2491644.00,'Realme 10 - smartphone với thiết kế gaming, hiệu năng mạnh mẽ và giá cả cạnh tranh. phù hợp cho game thủ và người dùng trẻ.',NULL,NULL,NULL,NULL,NULL,NULL,NULL,NULL,NULL,NULL,NULL,35,1,2739,57,'2025-08-03 16:44:49','2025-08-05 01:54:22',NULL,NULL),(511,'Realme 9 Pro','products/realme_9_pro.jpg',3482717.00,2865835.00,'Realme 9 Pro - smartphone với thiết kế gaming, hiệu năng mạnh mẽ và giá cả cạnh tranh. phù hợp cho game thủ và người dùng trẻ.',NULL,NULL,NULL,NULL,NULL,NULL,NULL,NULL,NULL,NULL,NULL,35,1,841,92,'2025-08-03 16:44:49','2025-08-05 01:54:22',NULL,NULL),(513,'VinSmart Vsmart Live 4','products/vinsmart_vsmart_live_4.jpg',2681039.00,2423554.00,'VinSmart Vsmart Live 4 - điện thoại thông minh từ thương hiệu việt nam với thiết kế hiện đại, hiệu năng mạnh mẽ và giá cả hợp lý. sản phẩm được trang bị camera chất lượng cao, màn hình sắc nét và pin trâu.',NULL,NULL,NULL,NULL,NULL,NULL,NULL,NULL,NULL,NULL,NULL,29,1,546,23,'2025-08-03 16:54:08','2025-08-05 01:54:22',NULL,NULL),(613,'VinSmart Vsmart Live 4','products/vinsmart_vsmart_live_4.jpg',4807590.00,4317595.00,'VinSmart Vsmart Live 4 - điện thoại thông minh từ thương hiệu việt nam với thiết kế hiện đại, hiệu năng mạnh mẽ và giá cả hợp lý. sản phẩm được trang bị camera chất lượng cao, màn hình sắc nét và pin trâu.',NULL,NULL,NULL,NULL,NULL,NULL,NULL,NULL,NULL,NULL,NULL,29,1,4974,41,'2025-08-03 16:58:13','2025-08-05 01:52:54',NULL,NULL),(618,'VinSmart Vsmart Live 3','products/vinsmart_vsmart_live_3.jpg',3525373.00,2938387.00,'VinSmart Vsmart Live 3 - điện thoại thông minh từ thương hiệu việt nam với thiết kế hiện đại, hiệu năng mạnh mẽ và giá cả hợp lý. sản phẩm được trang bị camera chất lượng cao, màn hình sắc nét và pin trâu.',NULL,NULL,NULL,NULL,NULL,NULL,NULL,NULL,NULL,NULL,NULL,29,1,4829,35,'2025-08-03 16:58:15','2025-08-05 01:52:33',NULL,NULL),(648,'Oppo Reno 9','products/oppo_reno_9.jpg',4516349.00,3770018.00,'Oppo Reno 9 - điện thoại với công nghệ sạc nhanh vooc độc quyền, camera chất lượng cao và thiết kế thời trang. sản phẩm lý tưởng cho giới trẻ năng động.',NULL,NULL,NULL,NULL,NULL,NULL,NULL,NULL,NULL,NULL,NULL,31,1,4863,64,'2025-08-03 16:58:48','2025-08-05 01:53:39',NULL,NULL),(650,'Oppo Reno 7','products/oppo_reno_7.jpg',6156367.00,5835482.00,'Oppo Reno 7 - điện thoại với công nghệ sạc nhanh vooc độc quyền, camera chất lượng cao và thiết kế thời trang. sản phẩm lý tưởng cho giới trẻ năng động.',NULL,NULL,NULL,NULL,NULL,NULL,NULL,NULL,NULL,NULL,NULL,31,1,4983,95,'2025-08-03 16:58:50','2025-08-05 01:52:54',NULL,NULL),(652,'Oppo A98','products/oppo_a98.jpg',5533280.00,4788517.00,'Oppo A98 - điện thoại với công nghệ sạc nhanh vooc độc quyền, camera chất lượng cao và thiết kế thời trang. sản phẩm lý tưởng cho giới trẻ năng động.',NULL,NULL,NULL,NULL,NULL,NULL,NULL,NULL,NULL,NULL,NULL,31,1,4858,81,'2025-08-03 16:58:51','2025-08-05 01:52:54',NULL,NULL),(662,'Xiaomi Redmi Note 12','products/xiaomi_redmi_note_12.jpg',4736958.00,3947765.00,'Xiaomi Redmi Note 12 - smartphone với tỷ lệ giá/hiệu năng tốt nhất, trang bị chip mạnh mẽ, camera đa ống kính và màn hình amoled chất lượng cao.',NULL,NULL,NULL,NULL,NULL,NULL,NULL,NULL,NULL,NULL,NULL,32,1,4943,41,'2025-08-03 16:58:59','2025-08-05 01:52:40',NULL,NULL),(663,'Xiaomi Redmi Note 11','products/xiaomi_redmi_note_11.jpg',3791510.00,3282483.00,'Xiaomi Redmi Note 11 - smartphone với tỷ lệ giá/hiệu năng tốt nhất, trang bị chip mạnh mẽ, camera đa ống kính và màn hình amoled chất lượng cao.',NULL,NULL,NULL,NULL,NULL,NULL,NULL,NULL,NULL,NULL,NULL,32,1,2890,44,'2025-08-03 16:58:59','2025-08-05 01:52:08',NULL,NULL),(664,'Xiaomi Redmi Note 10','products/xiaomi_redmi_note_10.jpg',5149684.00,4838791.00,'Xiaomi Redmi Note 10 - smartphone với tỷ lệ giá/hiệu năng tốt nhất, trang bị chip mạnh mẽ, camera đa ống kính và màn hình amoled chất lượng cao.',NULL,NULL,NULL,NULL,NULL,NULL,NULL,NULL,NULL,NULL,NULL,32,1,4258,10,'2025-08-03 16:59:00','2025-08-05 01:52:08',NULL,NULL),(665,'Xiaomi Redmi 12','products/xiaomi_redmi_12.jpg',4791277.00,4429485.00,'Xiaomi Redmi 12 - smartphone với tỷ lệ giá/hiệu năng tốt nhất, trang bị chip mạnh mẽ, camera đa ống kính và màn hình amoled chất lượng cao.',NULL,NULL,NULL,NULL,NULL,NULL,NULL,NULL,NULL,NULL,NULL,32,1,3043,53,'2025-08-03 16:59:01','2025-08-05 01:52:08',NULL,NULL),(666,'Xiaomi Redmi 11','products/xiaomi_redmi_11.jpg',3020135.00,2372770.00,'Xiaomi Redmi 11 - smartphone với tỷ lệ giá/hiệu năng tốt nhất, trang bị chip mạnh mẽ, camera đa ống kính và màn hình amoled chất lượng cao.',NULL,NULL,NULL,NULL,NULL,NULL,NULL,NULL,NULL,NULL,NULL,32,1,2672,91,'2025-08-03 16:59:02','2025-08-05 01:52:08',NULL,NULL),(667,'Xiaomi Redmi 10','products/xiaomi_redmi_10.jpg',5080694.00,4477569.00,'Xiaomi Redmi 10 - smartphone với tỷ lệ giá/hiệu năng tốt nhất, trang bị chip mạnh mẽ, camera đa ống kính và màn hình amoled chất lượng cao.',NULL,NULL,NULL,NULL,NULL,NULL,NULL,NULL,NULL,NULL,NULL,32,1,128,21,'2025-08-03 16:59:02','2025-08-05 01:52:08',NULL,NULL),(668,'Xiaomi Poco X5','products/xiaomi_poco_x5.jpg',3666354.00,3248228.00,'Xiaomi Poco X5 - smartphone với tỷ lệ giá/hiệu năng tốt nhất, trang bị chip mạnh mẽ, camera đa ống kính và màn hình amoled chất lượng cao.',NULL,NULL,NULL,NULL,NULL,NULL,NULL,NULL,NULL,NULL,NULL,32,1,1400,88,'2025-08-03 16:59:03','2025-08-05 01:52:54',NULL,NULL),(669,'Xiaomi Poco X4','products/xiaomi_poco_x4.jpg',4429314.00,3948163.00,'Xiaomi Poco X4 - smartphone với tỷ lệ giá/hiệu năng tốt nhất, trang bị chip mạnh mẽ, camera đa ống kính và màn hình amoled chất lượng cao.',NULL,NULL,NULL,NULL,NULL,NULL,NULL,NULL,NULL,NULL,NULL,32,1,3734,59,'2025-08-03 16:59:04','2025-08-05 01:52:54',NULL,NULL),(670,'Xiaomi Poco F5','products/xiaomi_poco_f5.jpg',4869510.00,4124815.00,'Xiaomi Poco F5 - smartphone với tỷ lệ giá/hiệu năng tốt nhất, trang bị chip mạnh mẽ, camera đa ống kính và màn hình amoled chất lượng cao.',NULL,NULL,NULL,NULL,NULL,NULL,NULL,NULL,NULL,NULL,NULL,32,1,4387,68,'2025-08-03 16:59:05','2025-08-05 01:52:54',NULL,NULL),(671,'Xiaomi Poco F4','products/xiaomi_poco_f4.jpg',3044909.00,2668104.00,'Xiaomi Poco F4 - smartphone với tỷ lệ giá/hiệu năng tốt nhất, trang bị chip mạnh mẽ, camera đa ống kính và màn hình amoled chất lượng cao.',NULL,NULL,NULL,NULL,NULL,NULL,NULL,NULL,NULL,NULL,NULL,32,1,1921,97,'2025-08-03 16:59:06','2025-08-05 01:52:54',NULL,NULL),(672,'Samsung Galaxy S23 Ultra','products/samsung_galaxy_s23_ultra.jpg',7771460.00,7464752.00,'Samsung Galaxy S23 Ultra - flagship từ samsung với màn hình amoled đỉnh cao, camera pro và hiệu năng mạnh mẽ. sản phẩm dành cho người dùng cao cấp.',NULL,NULL,NULL,NULL,NULL,NULL,NULL,NULL,NULL,NULL,NULL,33,1,2894,66,'2025-08-03 16:59:06','2025-08-05 01:53:29',NULL,NULL),(674,'Samsung Galaxy S23','products/samsung_galaxy_s23.jpg',5852602.00,5627908.00,'Samsung Galaxy S23 - flagship từ samsung với màn hình amoled đỉnh cao, camera pro và hiệu năng mạnh mẽ. sản phẩm dành cho người dùng cao cấp.',NULL,NULL,NULL,NULL,NULL,NULL,NULL,NULL,NULL,NULL,NULL,33,1,2471,83,'2025-08-03 16:59:08','2025-08-05 01:53:29',NULL,NULL),(675,'Samsung Galaxy S22 Ultra','products/samsung_galaxy_s22_ultra.jpg',7552428.00,7023732.00,'Samsung Galaxy S22 Ultra - flagship từ samsung với màn hình amoled đỉnh cao, camera pro và hiệu năng mạnh mẽ. sản phẩm dành cho người dùng cao cấp.',NULL,NULL,NULL,NULL,NULL,NULL,NULL,NULL,NULL,NULL,NULL,33,1,3284,59,'2025-08-03 16:59:08','2025-08-05 01:53:29',NULL,NULL),(677,'Samsung Galaxy S22','products/samsung_galaxy_s22.jpg',7068833.00,6770965.00,'Samsung Galaxy S22 - flagship từ samsung với màn hình amoled đỉnh cao, camera pro và hiệu năng mạnh mẽ. sản phẩm dành cho người dùng cao cấp.',NULL,NULL,NULL,NULL,NULL,NULL,NULL,NULL,NULL,NULL,NULL,33,1,1547,58,'2025-08-03 16:59:10','2025-08-05 01:53:29',NULL,NULL),(678,'Samsung Galaxy A54','products/samsung_galaxy_a54.jpg',6535422.00,5888066.00,'Samsung Galaxy A54 - flagship từ samsung với màn hình amoled đỉnh cao, camera pro và hiệu năng mạnh mẽ. sản phẩm dành cho người dùng cao cấp.',NULL,NULL,NULL,NULL,NULL,NULL,NULL,NULL,NULL,NULL,NULL,33,1,2144,14,'2025-08-03 16:59:10','2025-08-05 01:53:29',NULL,NULL),(679,'Samsung Galaxy A34','products/samsung_galaxy_a34.jpg',7175523.00,6725299.00,'Samsung Galaxy A34 - flagship từ samsung với màn hình amoled đỉnh cao, camera pro và hiệu năng mạnh mẽ. sản phẩm dành cho người dùng cao cấp.',NULL,NULL,NULL,NULL,NULL,NULL,NULL,NULL,NULL,NULL,NULL,33,1,3300,65,'2025-08-03 16:59:11','2025-08-05 01:53:29',NULL,NULL),(680,'Samsung Galaxy A24','products/samsung_galaxy_a24.jpg',6030362.00,5366757.00,'Samsung Galaxy A24 - flagship từ samsung với màn hình amoled đỉnh cao, camera pro và hiệu năng mạnh mẽ. sản phẩm dành cho người dùng cao cấp.',NULL,NULL,NULL,NULL,NULL,NULL,NULL,NULL,NULL,NULL,NULL,33,1,258,25,'2025-08-03 16:59:12','2025-08-05 01:52:33',NULL,NULL),(681,'Samsung Galaxy A14','products/samsung_galaxy_a14.jpg',7818445.00,7530209.00,'Samsung Galaxy A14 - flagship từ samsung với màn hình amoled đỉnh cao, camera pro và hiệu năng mạnh mẽ. sản phẩm dành cho người dùng cao cấp.',NULL,NULL,NULL,NULL,NULL,NULL,NULL,NULL,NULL,NULL,NULL,33,1,2660,96,'2025-08-03 16:59:13','2025-08-05 01:52:33',NULL,NULL),(682,'Samsung Galaxy M54','products/samsung_galaxy_m54.jpg',6500095.00,5897154.00,'Samsung Galaxy M54 - flagship từ samsung với màn hình amoled đỉnh cao, camera pro và hiệu năng mạnh mẽ. sản phẩm dành cho người dùng cao cấp.',NULL,NULL,NULL,NULL,NULL,NULL,NULL,NULL,NULL,NULL,NULL,33,1,1108,12,'2025-08-03 16:59:13','2025-08-05 01:52:33',NULL,NULL),(683,'Samsung Galaxy M34','products/samsung_galaxy_m34.jpg',5774333.00,5230316.00,'Samsung Galaxy M34 - flagship từ samsung với màn hình amoled đỉnh cao, camera pro và hiệu năng mạnh mẽ. sản phẩm dành cho người dùng cao cấp.',NULL,NULL,NULL,NULL,NULL,NULL,NULL,NULL,NULL,NULL,NULL,33,1,3478,41,'2025-08-03 16:59:14','2025-08-05 01:52:33',NULL,NULL),(684,'Samsung Galaxy M14','products/samsung_galaxy_m14.jpg',6132571.00,5529035.00,'Samsung Galaxy M14 - flagship từ samsung với màn hình amoled đỉnh cao, camera pro và hiệu năng mạnh mẽ. sản phẩm dành cho người dùng cao cấp.',NULL,NULL,NULL,NULL,NULL,NULL,NULL,NULL,NULL,NULL,NULL,33,1,587,41,'2025-08-03 16:59:15','2025-08-05 01:52:33',NULL,NULL),(685,'Samsung Galaxy F54','products/samsung_galaxy_f54.jpg',7085046.00,6678589.00,'Samsung Galaxy F54 - flagship từ samsung với màn hình amoled đỉnh cao, camera pro và hiệu năng mạnh mẽ. sản phẩm dành cho người dùng cao cấp.',NULL,NULL,NULL,NULL,NULL,NULL,NULL,NULL,NULL,NULL,NULL,33,1,1646,62,'2025-08-03 16:59:15','2025-08-05 01:52:33',NULL,NULL),(686,'Samsung Galaxy F34','products/samsung_galaxy_f34.jpg',7745732.00,7468527.00,'Samsung Galaxy F34 - flagship từ samsung với màn hình amoled đỉnh cao, camera pro và hiệu năng mạnh mẽ. sản phẩm dành cho người dùng cao cấp.',NULL,NULL,NULL,NULL,NULL,NULL,NULL,NULL,NULL,NULL,NULL,33,1,3989,79,'2025-08-03 16:59:16','2025-08-05 01:52:33',NULL,NULL),(687,'iPhone 15 Pro Max','products/iphone_15_pro_max.jpg',16314972.00,15633836.00,'iPhone 15 Pro Max - iphone với chip a-series mạnh mẽ, camera pro và hệ sinh thái ios hoàn hảo. sản phẩm cao cấp với trải nghiệm người dùng tuyệt vời.',NULL,NULL,NULL,NULL,NULL,NULL,NULL,NULL,NULL,NULL,NULL,34,1,4427,79,'2025-08-03 16:59:17','2025-08-05 01:52:33',NULL,NULL),(688,'iPhone 15 Pro','products/iphone_15_pro.jpg',15448490.00,14668390.00,'iPhone 15 Pro - iphone với chip a-series mạnh mẽ, camera pro và hệ sinh thái ios hoàn hảo. sản phẩm cao cấp với trải nghiệm người dùng tuyệt vời.',NULL,NULL,NULL,NULL,NULL,NULL,NULL,NULL,NULL,NULL,NULL,34,1,4068,51,'2025-08-03 16:59:18','2025-08-05 01:52:33',NULL,NULL),(689,'iPhone 15 Plus','products/iphone_15_plus.jpg',16814169.00,16357369.00,'iPhone 15 Plus - iphone với chip a-series mạnh mẽ, camera pro và hệ sinh thái ios hoàn hảo. sản phẩm cao cấp với trải nghiệm người dùng tuyệt vời.',NULL,NULL,NULL,NULL,NULL,NULL,NULL,NULL,NULL,NULL,NULL,34,1,1201,91,'2025-08-03 16:59:19','2025-08-05 01:52:33',NULL,NULL),(690,'iPhone 15','products/iphone_15.jpg',14827659.00,14605744.00,'iPhone 15 - iphone với chip a-series mạnh mẽ, camera pro và hệ sinh thái ios hoàn hảo. sản phẩm cao cấp với trải nghiệm người dùng tuyệt vời.',NULL,NULL,NULL,NULL,NULL,NULL,NULL,NULL,NULL,NULL,NULL,34,1,2522,35,'2025-08-03 16:59:29','2025-08-05 01:52:33',NULL,NULL),(691,'iPhone 14 Pro Max','products/iphone_14_pro_max.jpg',16706562.00,16359443.00,'iPhone 14 Pro Max - iphone với chip a-series mạnh mẽ, camera pro và hệ sinh thái ios hoàn hảo. sản phẩm cao cấp với trải nghiệm người dùng tuyệt vời.',NULL,NULL,NULL,NULL,NULL,NULL,NULL,NULL,NULL,NULL,NULL,34,1,3849,85,'2025-08-03 16:59:33','2025-08-05 01:52:33',NULL,NULL),(692,'iPhone 14 Pro','products/iphone_14_pro.jpg',14594791.00,14209222.00,'iPhone 14 Pro - iphone với chip a-series mạnh mẽ, camera pro và hệ sinh thái ios hoàn hảo. sản phẩm cao cấp với trải nghiệm người dùng tuyệt vời.',NULL,NULL,NULL,NULL,NULL,NULL,NULL,NULL,NULL,NULL,NULL,34,1,1094,51,'2025-08-03 16:59:34','2025-08-05 01:52:33',NULL,NULL),(693,'iPhone 14 Plus','products/iphone_14_plus.jpg',15069974.00,14461174.00,'iPhone 14 Plus - iphone với chip a-series mạnh mẽ, camera pro và hệ sinh thái ios hoàn hảo. sản phẩm cao cấp với trải nghiệm người dùng tuyệt vời.',NULL,NULL,NULL,NULL,NULL,NULL,NULL,NULL,NULL,NULL,NULL,34,1,1486,55,'2025-08-03 16:59:35','2025-08-05 01:52:33',NULL,NULL),(694,'iPhone 14','products/iphone_14.jpg',16467493.00,15740697.00,'iPhone 14 - iphone với chip a-series mạnh mẽ, camera pro và hệ sinh thái ios hoàn hảo. sản phẩm cao cấp với trải nghiệm người dùng tuyệt vời.',NULL,NULL,NULL,NULL,NULL,NULL,NULL,NULL,NULL,NULL,NULL,34,1,4840,43,'2025-08-03 16:59:39','2025-08-05 01:53:13',NULL,NULL),(695,'iPhone 13 Pro Max','products/iphone_13_pro_max.jpg',14861169.00,14657345.00,'iPhone 13 Pro Max - iphone với chip a-series mạnh mẽ, camera pro và hệ sinh thái ios hoàn hảo. sản phẩm cao cấp với trải nghiệm người dùng tuyệt vời.',NULL,NULL,NULL,NULL,NULL,NULL,NULL,NULL,NULL,NULL,NULL,34,1,4527,34,'2025-08-03 16:59:42','2025-08-05 01:53:13',NULL,NULL),(696,'iPhone 13 Pro','products/iphone_13_pro.jpg',15266383.00,14514428.00,'iPhone 13 Pro - iphone với chip a-series mạnh mẽ, camera pro và hệ sinh thái ios hoàn hảo. sản phẩm cao cấp với trải nghiệm người dùng tuyệt vời.',NULL,NULL,NULL,NULL,NULL,NULL,NULL,NULL,NULL,NULL,NULL,34,1,2366,21,'2025-08-03 16:59:43','2025-08-05 01:53:13',NULL,NULL),(697,'iPhone 13','products/iphone_13.jpg',15782564.00,15121319.00,'iPhone 13 - iphone với chip a-series mạnh mẽ, camera pro và hệ sinh thái ios hoàn hảo. sản phẩm cao cấp với trải nghiệm người dùng tuyệt vời.',NULL,NULL,NULL,NULL,NULL,NULL,NULL,NULL,NULL,NULL,NULL,34,1,370,21,'2025-08-03 16:59:45','2025-08-05 01:53:13',NULL,NULL),(698,'iPhone 13 mini','products/iphone_13_mini.jpg',15422189.00,14862689.00,'iPhone 13 mini - iphone với chip a-series mạnh mẽ, camera pro và hệ sinh thái ios hoàn hảo. sản phẩm cao cấp với trải nghiệm người dùng tuyệt vời.',NULL,NULL,NULL,NULL,NULL,NULL,NULL,NULL,NULL,NULL,NULL,34,1,1753,70,'2025-08-03 16:59:47','2025-08-05 01:53:13',NULL,NULL),(699,'iPhone 12 Pro Max','products/iphone_12_pro_max.jpg',16298863.00,15610404.00,'iPhone 12 Pro Max - iphone với chip a-series mạnh mẽ, camera pro và hệ sinh thái ios hoàn hảo. sản phẩm cao cấp với trải nghiệm người dùng tuyệt vời.',NULL,NULL,NULL,NULL,NULL,NULL,NULL,NULL,NULL,NULL,NULL,34,1,283,16,'2025-08-03 16:59:49','2025-08-05 01:53:13',NULL,NULL),(700,'iPhone 12 Pro','products/iphone_12_pro.jpg',16970604.00,16500646.00,'iPhone 12 Pro - iphone với chip a-series mạnh mẽ, camera pro và hệ sinh thái ios hoàn hảo. sản phẩm cao cấp với trải nghiệm người dùng tuyệt vời.',NULL,NULL,NULL,NULL,NULL,NULL,NULL,NULL,NULL,NULL,NULL,34,1,2832,44,'2025-08-03 16:59:50','2025-08-05 01:53:13',NULL,NULL),(701,'iPhone 12','products/iphone_12.jpg',15484947.00,15050229.00,'iPhone 12 - iphone với chip a-series mạnh mẽ, camera pro và hệ sinh thái ios hoàn hảo. sản phẩm cao cấp với trải nghiệm người dùng tuyệt vời.',NULL,NULL,NULL,NULL,NULL,NULL,NULL,NULL,NULL,NULL,NULL,34,1,4081,13,'2025-08-03 16:59:53','2025-08-05 01:53:13',NULL,NULL),(702,'Realme GT Neo 5','products/realme_gt_neo_5.jpg',4513829.00,3744077.00,'Realme GT Neo 5 - smartphone với thiết kế gaming, hiệu năng mạnh mẽ và giá cả cạnh tranh. phù hợp cho game thủ và người dùng trẻ.',NULL,NULL,NULL,NULL,NULL,NULL,NULL,NULL,NULL,NULL,NULL,35,1,327,76,'2025-08-03 16:59:55','2025-08-05 01:53:13',NULL,NULL),(703,'Realme GT Neo 4','products/realme_gt_neo_4.jpg',4827381.00,4256147.00,'Realme GT Neo 4 - smartphone với thiết kế gaming, hiệu năng mạnh mẽ và giá cả cạnh tranh. phù hợp cho game thủ và người dùng trẻ.',NULL,NULL,NULL,NULL,NULL,NULL,NULL,NULL,NULL,NULL,NULL,35,1,4758,32,'2025-08-03 16:59:56','2025-08-05 01:53:13',NULL,NULL),(704,'Realme GT Neo 3','products/realme_gt_neo_3.jpg',4388929.00,4025863.00,'Realme GT Neo 3 - smartphone với thiết kế gaming, hiệu năng mạnh mẽ và giá cả cạnh tranh. phù hợp cho game thủ và người dùng trẻ.',NULL,NULL,NULL,NULL,NULL,NULL,NULL,NULL,NULL,NULL,NULL,35,1,4062,84,'2025-08-03 16:59:58','2025-08-05 01:53:13',NULL,NULL),(705,'Realme GT Neo 2','products/realme_gt_neo_2.jpg',4027266.00,3285598.00,'Realme GT Neo 2 - smartphone với thiết kế gaming, hiệu năng mạnh mẽ và giá cả cạnh tranh. phù hợp cho game thủ và người dùng trẻ.',NULL,NULL,NULL,NULL,NULL,NULL,NULL,NULL,NULL,NULL,NULL,35,1,4163,16,'2025-08-03 16:59:59','2025-08-05 01:52:40',NULL,NULL),(706,'Realme GT Neo','products/realme_gt_neo.jpg',3487553.00,3161890.00,'Realme GT Neo - smartphone với thiết kế gaming, hiệu năng mạnh mẽ và giá cả cạnh tranh. phù hợp cho game thủ và người dùng trẻ.',NULL,NULL,NULL,NULL,NULL,NULL,NULL,NULL,NULL,NULL,NULL,35,1,870,44,'2025-08-03 17:00:01','2025-08-05 01:53:13',NULL,NULL),(708,'Realme 10 Pro','products/realme_10_pro.jpg',2906119.00,2311755.00,'Realme 10 Pro - smartphone với thiết kế gaming, hiệu năng mạnh mẽ và giá cả cạnh tranh. phù hợp cho game thủ và người dùng trẻ.',NULL,NULL,NULL,NULL,NULL,NULL,NULL,NULL,NULL,NULL,NULL,35,1,4774,88,'2025-08-03 17:00:05','2025-08-05 01:52:54',NULL,NULL),(709,'Realme 10','products/realme_10.jpg',4313453.00,3609151.00,'Realme 10 - smartphone với thiết kế gaming, hiệu năng mạnh mẽ và giá cả cạnh tranh. phù hợp cho game thủ và người dùng trẻ.',NULL,NULL,NULL,NULL,NULL,NULL,NULL,NULL,NULL,NULL,NULL,35,1,95,71,'2025-08-03 17:00:07','2025-08-05 01:53:13',NULL,NULL),(711,'Realme 9 Pro','products/realme_9_pro.jpg',3879807.00,3322755.00,'Realme 9 Pro - smartphone với thiết kế gaming, hiệu năng mạnh mẽ và giá cả cạnh tranh. phù hợp cho game thủ và người dùng trẻ.',NULL,NULL,NULL,NULL,NULL,NULL,NULL,NULL,NULL,NULL,NULL,35,1,3458,85,'2025-08-03 17:00:09','2025-08-05 01:53:29',NULL,NULL),(712,'iPhone 16 128GB','products/nMgQL8owply7NEekymXtwF0tERgbOuxq4CQ5l1ih.webp',20000000.00,19000000.00,NULL,NULL,NULL,NULL,NULL,NULL,NULL,NULL,NULL,NULL,NULL,NULL,34,1,400,NULL,'2025-08-04 07:13:54','2025-08-15 23:41:18',NULL,NULL),(713,'Nguyễn Văn Cường','products/VLyIIDUelE1uBuwuvgQVeV8JR1IKUWEePpSzWizw.webp',20.00,10.00,NULL,NULL,NULL,NULL,NULL,NULL,NULL,NULL,NULL,NULL,NULL,NULL,36,1,26,NULL,'2025-08-05 08:44:35','2025-08-15 17:23:58',NULL,NULL),(714,'Nguyễn Văn Cường','products/CZ4m39ozWuUHbW41iN5Si4wqpdWjWRvHIWLzuqRL.png',10000.00,1000.00,'ddd',NULL,NULL,NULL,NULL,NULL,NULL,NULL,NULL,NULL,NULL,NULL,35,1,1,NULL,'2025-08-15 15:42:57','2025-08-15 15:44:54',NULL,20000.00);
/*!40000 ALTER TABLE `products` ENABLE KEYS */;
UNLOCK TABLES;

--
-- Table structure for table `purchase_order_details`
--

DROP TABLE IF EXISTS `purchase_order_details`;
/*!40101 SET @saved_cs_client     = @@character_set_client */;
/*!50503 SET character_set_client = utf8mb4 */;
CREATE TABLE `purchase_order_details` (
  `id` bigint unsigned NOT NULL AUTO_INCREMENT,
  `purchase_order_id` bigint unsigned NOT NULL,
  `variant_id` bigint unsigned NOT NULL,
  `quantity` int NOT NULL,
  `price` decimal(10,2) NOT NULL,
  `created_at` timestamp NULL DEFAULT NULL,
  `updated_at` timestamp NULL DEFAULT NULL,
  PRIMARY KEY (`id`),
  KEY `purchase_order_details_purchase_order_id_foreign` (`purchase_order_id`),
  KEY `purchase_order_details_variant_id_foreign` (`variant_id`),
  CONSTRAINT `purchase_order_details_purchase_order_id_foreign` FOREIGN KEY (`purchase_order_id`) REFERENCES `purchase_orders` (`id`) ON DELETE CASCADE,
  CONSTRAINT `purchase_order_details_variant_id_foreign` FOREIGN KEY (`variant_id`) REFERENCES `product_variants` (`id`) ON DELETE CASCADE
) ENGINE=InnoDB DEFAULT CHARSET=utf8mb4 COLLATE=utf8mb4_unicode_ci;
/*!40101 SET character_set_client = @saved_cs_client */;

--
-- Dumping data for table `purchase_order_details`
--

LOCK TABLES `purchase_order_details` WRITE;
/*!40000 ALTER TABLE `purchase_order_details` DISABLE KEYS */;
/*!40000 ALTER TABLE `purchase_order_details` ENABLE KEYS */;
UNLOCK TABLES;

--
-- Table structure for table `purchase_orders`
--

DROP TABLE IF EXISTS `purchase_orders`;
/*!40101 SET @saved_cs_client     = @@character_set_client */;
/*!50503 SET character_set_client = utf8mb4 */;
CREATE TABLE `purchase_orders` (
  `id` bigint unsigned NOT NULL AUTO_INCREMENT,
  `supplier_id` bigint unsigned NOT NULL,
  `order_date` date NOT NULL,
  `total_amount` decimal(10,2) NOT NULL,
  `created_at` timestamp NULL DEFAULT NULL,
  `updated_at` timestamp NULL DEFAULT NULL,
  PRIMARY KEY (`id`),
  KEY `purchase_orders_supplier_id_foreign` (`supplier_id`),
  CONSTRAINT `purchase_orders_supplier_id_foreign` FOREIGN KEY (`supplier_id`) REFERENCES `suppliers` (`id`) ON DELETE CASCADE
) ENGINE=InnoDB DEFAULT CHARSET=utf8mb4 COLLATE=utf8mb4_unicode_ci;
/*!40101 SET character_set_client = @saved_cs_client */;

--
-- Dumping data for table `purchase_orders`
--

LOCK TABLES `purchase_orders` WRITE;
/*!40000 ALTER TABLE `purchase_orders` DISABLE KEYS */;
/*!40000 ALTER TABLE `purchase_orders` ENABLE KEYS */;
UNLOCK TABLES;

--
-- Table structure for table `reviews`
--

DROP TABLE IF EXISTS `reviews`;
/*!40101 SET @saved_cs_client     = @@character_set_client */;
/*!50503 SET character_set_client = utf8mb4 */;
CREATE TABLE `reviews` (
  `id` bigint unsigned NOT NULL AUTO_INCREMENT,
  `user_id` bigint unsigned NOT NULL,
  `product_id` bigint unsigned NOT NULL,
  `name` varchar(255) CHARACTER SET utf8mb4 COLLATE utf8mb4_unicode_ci DEFAULT NULL,
  `email` varchar(255) CHARACTER SET utf8mb4 COLLATE utf8mb4_unicode_ci DEFAULT NULL,
  `rating` int DEFAULT NULL,
  `content` text CHARACTER SET utf8mb4 COLLATE utf8mb4_unicode_ci,
  `image` varchar(255) CHARACTER SET utf8mb4 COLLATE utf8mb4_unicode_ci DEFAULT NULL,
  `status` int NOT NULL DEFAULT '0',
  `deleted_at` timestamp NULL DEFAULT NULL,
  `created_at` timestamp NULL DEFAULT NULL,
  `updated_at` timestamp NULL DEFAULT NULL,
  PRIMARY KEY (`id`),
  KEY `reviews_user_id_foreign` (`user_id`),
  KEY `reviews_product_id_foreign` (`product_id`),
  CONSTRAINT `reviews_product_id_foreign` FOREIGN KEY (`product_id`) REFERENCES `products` (`id`) ON DELETE CASCADE,
  CONSTRAINT `reviews_user_id_foreign` FOREIGN KEY (`user_id`) REFERENCES `users` (`id`) ON DELETE CASCADE
) ENGINE=InnoDB AUTO_INCREMENT=12 DEFAULT CHARSET=utf8mb4 COLLATE=utf8mb4_unicode_ci;
/*!40101 SET character_set_client = @saved_cs_client */;

--
-- Dumping data for table `reviews`
--

LOCK TABLES `reviews` WRITE;
/*!40000 ALTER TABLE `reviews` DISABLE KEYS */;
INSERT INTO `reviews` VALUES (7,24,712,'Cường Nguyễn','cuong24102004pl@gmail.com',5,'ssâsđâsdasá',NULL,1,NULL,'2025-08-04 16:53:02','2025-08-04 16:53:02'),(8,1,712,'Admin Winstar','admin@winstar.com',5,'Đây là đánh giá test realtime - 00:26:09',NULL,1,NULL,'2025-08-04 17:26:09','2025-08-04 17:26:09'),(9,1,712,'Admin Winstar','admin@winstar.com',5,'Đây là đánh giá test realtime - 00:26:26',NULL,1,NULL,'2025-08-04 17:26:26','2025-08-04 17:26:26'),(10,1,712,'Admin Winstar','admin@winstar.com',5,'Đây là đánh giá test realtime - 00:28:11',NULL,1,NULL,'2025-08-04 17:28:11','2025-08-04 17:28:11'),(11,1,714,'Admin Winstar','admin@winstar.com',5,'msdsmsmdksdksmd',NULL,1,NULL,'2025-08-15 20:40:02','2025-08-15 20:40:02');
/*!40000 ALTER TABLE `reviews` ENABLE KEYS */;
UNLOCK TABLES;

--
-- Table structure for table `role_permissions`
--

DROP TABLE IF EXISTS `role_permissions`;
/*!40101 SET @saved_cs_client     = @@character_set_client */;
/*!50503 SET character_set_client = utf8mb4 */;
CREATE TABLE `role_permissions` (
  `id` bigint unsigned NOT NULL AUTO_INCREMENT,
  `role_id` bigint unsigned NOT NULL,
  `permission_id` bigint unsigned NOT NULL,
  `created_at` timestamp NULL DEFAULT NULL,
  `updated_at` timestamp NULL DEFAULT NULL,
  PRIMARY KEY (`id`),
  KEY `role_permissions_role_id_foreign` (`role_id`),
  KEY `role_permissions_permission_id_foreign` (`permission_id`),
  CONSTRAINT `role_permissions_permission_id_foreign` FOREIGN KEY (`permission_id`) REFERENCES `permissions` (`id`) ON DELETE CASCADE,
  CONSTRAINT `role_permissions_role_id_foreign` FOREIGN KEY (`role_id`) REFERENCES `roles` (`id`) ON DELETE CASCADE
) ENGINE=InnoDB AUTO_INCREMENT=74 DEFAULT CHARSET=utf8mb4 COLLATE=utf8mb4_unicode_ci;
/*!40101 SET character_set_client = @saved_cs_client */;

--
-- Dumping data for table `role_permissions`
--

LOCK TABLES `role_permissions` WRITE;
/*!40000 ALTER TABLE `role_permissions` DISABLE KEYS */;
INSERT INTO `role_permissions` VALUES (1,1,1,NULL,NULL),(2,1,2,NULL,NULL),(3,1,3,NULL,NULL),(4,1,4,NULL,NULL),(5,1,5,NULL,NULL),(6,1,6,NULL,NULL),(7,1,7,NULL,NULL),(8,1,8,NULL,NULL),(9,1,9,NULL,NULL),(10,1,10,NULL,NULL),(11,1,11,NULL,NULL),(12,1,12,NULL,NULL),(13,1,13,NULL,NULL),(14,1,14,NULL,NULL),(15,1,15,NULL,NULL),(16,1,16,NULL,NULL),(17,1,17,NULL,NULL),(18,1,18,NULL,NULL),(19,1,19,NULL,NULL),(20,1,20,NULL,NULL),(21,1,21,NULL,NULL),(22,1,22,NULL,NULL),(23,1,23,NULL,NULL),(24,1,24,NULL,NULL),(25,1,25,NULL,NULL),(26,1,26,NULL,NULL),(27,1,27,NULL,NULL),(28,1,28,NULL,NULL),(29,1,29,NULL,NULL),(30,1,30,NULL,NULL),(31,1,31,NULL,NULL),(32,1,32,NULL,NULL),(33,1,33,NULL,NULL),(34,1,34,NULL,NULL),(35,2,1,NULL,NULL),(36,2,2,NULL,NULL),(37,2,4,NULL,NULL),(38,2,5,NULL,NULL),(39,2,14,NULL,NULL),(40,2,15,NULL,NULL),(41,2,16,NULL,NULL),(42,2,17,NULL,NULL),(43,2,18,NULL,NULL),(44,2,19,NULL,NULL),(45,2,20,NULL,NULL),(46,2,21,NULL,NULL),(47,2,22,NULL,NULL),(48,2,24,NULL,NULL),(49,2,26,NULL,NULL),(50,2,27,NULL,NULL),(51,2,28,NULL,NULL),(52,2,29,NULL,NULL),(53,2,30,NULL,NULL),(54,2,31,NULL,NULL),(55,2,32,NULL,NULL),(56,3,14,NULL,NULL),(57,3,15,NULL,NULL),(58,3,16,NULL,NULL),(59,3,18,NULL,NULL),(60,3,19,NULL,NULL),(61,3,20,NULL,NULL),(62,3,22,NULL,NULL),(63,3,24,NULL,NULL),(64,3,26,NULL,NULL),(65,3,27,NULL,NULL),(66,3,28,NULL,NULL),(67,3,30,NULL,NULL),(68,3,31,NULL,NULL),(69,4,18,NULL,NULL),(70,4,22,NULL,NULL),(71,4,24,NULL,NULL),(72,4,27,NULL,NULL),(73,4,30,NULL,NULL);
/*!40000 ALTER TABLE `role_permissions` ENABLE KEYS */;
UNLOCK TABLES;

--
-- Table structure for table `roles`
--

DROP TABLE IF EXISTS `roles`;
/*!40101 SET @saved_cs_client     = @@character_set_client */;
/*!50503 SET character_set_client = utf8mb4 */;
CREATE TABLE `roles` (
  `id` bigint unsigned NOT NULL AUTO_INCREMENT,
  `name` varchar(255) CHARACTER SET utf8mb4 COLLATE utf8mb4_unicode_ci NOT NULL,
  `description` text CHARACTER SET utf8mb4 COLLATE utf8mb4_unicode_ci,
  `created_at` timestamp NULL DEFAULT NULL,
  `updated_at` timestamp NULL DEFAULT NULL,
  PRIMARY KEY (`id`)
) ENGINE=InnoDB AUTO_INCREMENT=7 DEFAULT CHARSET=utf8mb4 COLLATE=utf8mb4_unicode_ci;
/*!40101 SET character_set_client = @saved_cs_client */;

--
-- Dumping data for table `roles`
--

LOCK TABLES `roles` WRITE;
/*!40000 ALTER TABLE `roles` DISABLE KEYS */;
INSERT INTO `roles` VALUES (1,'super_admin','Quản trị viên tối cao - có tất cả quyền','2025-08-02 22:20:40','2025-08-02 22:20:40'),(2,'admin','Quản trị viên - quản lý hệ thống','2025-08-02 22:20:40','2025-08-02 22:20:40'),(3,'manager','Quản lý - quản lý sản phẩm và đơn hàng','2025-08-02 22:20:40','2025-08-02 22:20:40'),(4,'staff','Nhân viên - xử lý đơn hàng','2025-08-02 22:20:40','2025-08-02 22:20:40'),(5,'customer','Khách hàng - quyền cơ bản','2025-08-02 22:20:40','2025-08-02 22:20:40'),(6,'user','Thành viên','2025-08-02 22:20:40','2025-08-02 22:20:40');
/*!40000 ALTER TABLE `roles` ENABLE KEYS */;
UNLOCK TABLES;

--
-- Table structure for table `services`
--

DROP TABLE IF EXISTS `services`;
/*!40101 SET @saved_cs_client     = @@character_set_client */;
/*!50503 SET character_set_client = utf8mb4 */;
CREATE TABLE `services` (
  `id` bigint unsigned NOT NULL AUTO_INCREMENT,
  `icon` varchar(255) CHARACTER SET utf8mb4 COLLATE utf8mb4_unicode_ci DEFAULT NULL,
  `title` varchar(255) CHARACTER SET utf8mb4 COLLATE utf8mb4_unicode_ci NOT NULL,
  `description` text CHARACTER SET utf8mb4 COLLATE utf8mb4_unicode_ci,
  `order` int NOT NULL DEFAULT '0',
  `created_at` timestamp NULL DEFAULT NULL,
  `updated_at` timestamp NULL DEFAULT NULL,
  `deleted_at` timestamp NULL DEFAULT NULL,
  PRIMARY KEY (`id`)
) ENGINE=InnoDB AUTO_INCREMENT=7 DEFAULT CHARSET=utf8mb4 COLLATE=utf8mb4_unicode_ci;
/*!40101 SET character_set_client = @saved_cs_client */;

--
-- Dumping data for table `services`
--

LOCK TABLES `services` WRITE;
/*!40000 ALTER TABLE `services` DISABLE KEYS */;
INSERT INTO `services` VALUES (1,'icon-basket','Mua sắm trực tuyến','Trải nghiệm mua sắm tiện lợi, dễ dàng với giao diện thân thiện và quy trình đơn giản.',1,'2025-08-02 22:20:43','2025-08-02 22:20:43',NULL),(2,'icon-bike','Giao hàng tận nơi','Dịch vụ giao hàng nhanh chóng, đảm bảo sản phẩm đến tay khách hàng trong thời gian sớm nhất.',2,'2025-08-02 22:20:43','2025-08-02 22:20:43',NULL),(3,'icon-tools','Bảo hành sản phẩm','Chế độ bảo hành toàn diện, đổi trả linh hoạt đảm bảo quyền lợi tốt nhất cho khách hàng.',3,'2025-08-02 22:20:43','2025-08-02 22:20:43',NULL),(4,'icon-genius','Tư vấn chuyên nghiệp','Đội ngũ tư vấn viên giàu kinh nghiệm, hỗ trợ khách hàng chọn lựa sản phẩm phù hợp nhất.',4,'2025-08-02 22:20:43','2025-08-02 22:20:43',NULL),(5,'icon-mobile','Ứng dụng di động','Mua sắm mọi lúc mọi nơi với ứng dụng di động tiện lợi, tối ưu trải nghiệm người dùng.',5,'2025-08-02 22:20:43','2025-08-02 22:20:43',NULL),(6,'icon-lifesaver','Chăm sóc khách hàng','Dịch vụ chăm sóc khách hàng tận tâm, giải đáp mọi thắc mắc và hỗ trợ kịp thời.',6,'2025-08-02 22:20:43','2025-08-02 22:20:43',NULL);
/*!40000 ALTER TABLE `services` ENABLE KEYS */;
UNLOCK TABLES;

--
-- Table structure for table `shipments`
--

DROP TABLE IF EXISTS `shipments`;
/*!40101 SET @saved_cs_client     = @@character_set_client */;
/*!50503 SET character_set_client = utf8mb4 */;
CREATE TABLE `shipments` (
  `id` bigint unsigned NOT NULL AUTO_INCREMENT,
  `order_id` bigint unsigned NOT NULL,
  `shipped_date` date DEFAULT NULL,
  `delivery_date` date DEFAULT NULL,
  `status` varchar(255) CHARACTER SET utf8mb4 COLLATE utf8mb4_unicode_ci NOT NULL DEFAULT 'pending',
  `created_at` timestamp NULL DEFAULT NULL,
  `updated_at` timestamp NULL DEFAULT NULL,
  PRIMARY KEY (`id`),
  KEY `shipments_order_id_foreign` (`order_id`),
  CONSTRAINT `shipments_order_id_foreign` FOREIGN KEY (`order_id`) REFERENCES `orders` (`id`) ON DELETE CASCADE
) ENGINE=InnoDB DEFAULT CHARSET=utf8mb4 COLLATE=utf8mb4_unicode_ci;
/*!40101 SET character_set_client = @saved_cs_client */;

--
-- Dumping data for table `shipments`
--

LOCK TABLES `shipments` WRITE;
/*!40000 ALTER TABLE `shipments` DISABLE KEYS */;
/*!40000 ALTER TABLE `shipments` ENABLE KEYS */;
UNLOCK TABLES;

--
-- Table structure for table `storages`
--

DROP TABLE IF EXISTS `storages`;
/*!40101 SET @saved_cs_client     = @@character_set_client */;
/*!50503 SET character_set_client = utf8mb4 */;
CREATE TABLE `storages` (
  `id` bigint unsigned NOT NULL AUTO_INCREMENT,
  `capacity` varchar(50) CHARACTER SET utf8mb4 COLLATE utf8mb4_unicode_ci NOT NULL,
  `created_at` timestamp NULL DEFAULT NULL,
  `updated_at` timestamp NULL DEFAULT NULL,
  PRIMARY KEY (`id`)
) ENGINE=InnoDB AUTO_INCREMENT=29 DEFAULT CHARSET=utf8mb4 COLLATE=utf8mb4_unicode_ci;
/*!40101 SET character_set_client = @saved_cs_client */;

--
-- Dumping data for table `storages`
--

LOCK TABLES `storages` WRITE;
/*!40000 ALTER TABLE `storages` DISABLE KEYS */;
INSERT INTO `storages` VALUES (19,'256GB','2025-08-03 17:03:52','2025-08-03 17:03:52'),(22,'1TB','2025-08-03 17:03:52','2025-08-03 17:03:52'),(23,'128GB','2025-08-03 17:03:52','2025-08-03 17:03:52'),(24,'256GB','2025-08-03 17:03:52','2025-08-03 17:03:52'),(27,'512GB','2025-08-03 17:03:52','2025-08-03 17:03:52');
/*!40000 ALTER TABLE `storages` ENABLE KEYS */;
UNLOCK TABLES;

--
-- Table structure for table `suppliers`
--

DROP TABLE IF EXISTS `suppliers`;
/*!40101 SET @saved_cs_client     = @@character_set_client */;
/*!50503 SET character_set_client = utf8mb4 */;
CREATE TABLE `suppliers` (
  `id` bigint unsigned NOT NULL AUTO_INCREMENT,
  `name` varchar(255) CHARACTER SET utf8mb4 COLLATE utf8mb4_unicode_ci NOT NULL,
  `address` varchar(255) CHARACTER SET utf8mb4 COLLATE utf8mb4_unicode_ci DEFAULT NULL,
  `phone` varchar(255) CHARACTER SET utf8mb4 COLLATE utf8mb4_unicode_ci DEFAULT NULL,
  `created_at` timestamp NULL DEFAULT NULL,
  `updated_at` timestamp NULL DEFAULT NULL,
  PRIMARY KEY (`id`)
) ENGINE=InnoDB DEFAULT CHARSET=utf8mb4 COLLATE=utf8mb4_unicode_ci;
/*!40101 SET character_set_client = @saved_cs_client */;

--
-- Dumping data for table `suppliers`
--

LOCK TABLES `suppliers` WRITE;
/*!40000 ALTER TABLE `suppliers` DISABLE KEYS */;
/*!40000 ALTER TABLE `suppliers` ENABLE KEYS */;
UNLOCK TABLES;

--
-- Table structure for table `user_point_vouchers`
--

DROP TABLE IF EXISTS `user_point_vouchers`;
/*!40101 SET @saved_cs_client     = @@character_set_client */;
/*!50503 SET character_set_client = utf8mb4 */;
CREATE TABLE `user_point_vouchers` (
  `id` bigint unsigned NOT NULL AUTO_INCREMENT,
  `user_id` bigint unsigned NOT NULL,
  `point_voucher_id` bigint unsigned NOT NULL,
  `voucher_code` varchar(255) CHARACTER SET utf8mb4 COLLATE utf8mb4_unicode_ci NOT NULL,
  `status` enum('active','used','expired') CHARACTER SET utf8mb4 COLLATE utf8mb4_unicode_ci NOT NULL DEFAULT 'active',
  `expiry_date` date NOT NULL,
  `used_in_order_id` bigint unsigned DEFAULT NULL,
  `used_at` timestamp NULL DEFAULT NULL,
  `created_at` timestamp NULL DEFAULT NULL,
  `updated_at` timestamp NULL DEFAULT NULL,
  PRIMARY KEY (`id`),
  UNIQUE KEY `user_point_vouchers_voucher_code_unique` (`voucher_code`),
  KEY `user_point_vouchers_point_voucher_id_foreign` (`point_voucher_id`),
  KEY `user_point_vouchers_used_in_order_id_foreign` (`used_in_order_id`),
  KEY `user_point_vouchers_user_id_status_index` (`user_id`,`status`),
  KEY `user_point_vouchers_voucher_code_index` (`voucher_code`),
  KEY `user_point_vouchers_expiry_date_index` (`expiry_date`),
  CONSTRAINT `user_point_vouchers_point_voucher_id_foreign` FOREIGN KEY (`point_voucher_id`) REFERENCES `point_vouchers` (`id`) ON DELETE CASCADE,
  CONSTRAINT `user_point_vouchers_used_in_order_id_foreign` FOREIGN KEY (`used_in_order_id`) REFERENCES `orders` (`id`) ON DELETE SET NULL,
  CONSTRAINT `user_point_vouchers_user_id_foreign` FOREIGN KEY (`user_id`) REFERENCES `users` (`id`) ON DELETE CASCADE
) ENGINE=InnoDB DEFAULT CHARSET=utf8mb4 COLLATE=utf8mb4_unicode_ci;
/*!40101 SET character_set_client = @saved_cs_client */;

--
-- Dumping data for table `user_point_vouchers`
--

LOCK TABLES `user_point_vouchers` WRITE;
/*!40000 ALTER TABLE `user_point_vouchers` DISABLE KEYS */;
/*!40000 ALTER TABLE `user_point_vouchers` ENABLE KEYS */;
UNLOCK TABLES;

--
-- Table structure for table `user_roles`
--

DROP TABLE IF EXISTS `user_roles`;
/*!40101 SET @saved_cs_client     = @@character_set_client */;
/*!50503 SET character_set_client = utf8mb4 */;
CREATE TABLE `user_roles` (
  `id` bigint unsigned NOT NULL AUTO_INCREMENT,
  `user_id` bigint unsigned NOT NULL,
  `role_id` bigint unsigned NOT NULL,
  `created_at` timestamp NULL DEFAULT NULL,
  `updated_at` timestamp NULL DEFAULT NULL,
  PRIMARY KEY (`id`),
  KEY `user_roles_user_id_foreign` (`user_id`),
  KEY `user_roles_role_id_foreign` (`role_id`),
  CONSTRAINT `user_roles_role_id_foreign` FOREIGN KEY (`role_id`) REFERENCES `roles` (`id`) ON DELETE CASCADE,
  CONSTRAINT `user_roles_user_id_foreign` FOREIGN KEY (`user_id`) REFERENCES `users` (`id`) ON DELETE CASCADE
) ENGINE=InnoDB AUTO_INCREMENT=26 DEFAULT CHARSET=utf8mb4 COLLATE=utf8mb4_unicode_ci;
/*!40101 SET character_set_client = @saved_cs_client */;

--
-- Dumping data for table `user_roles`
--

LOCK TABLES `user_roles` WRITE;
/*!40000 ALTER TABLE `user_roles` DISABLE KEYS */;
INSERT INTO `user_roles` VALUES (1,1,1,NULL,NULL),(2,2,6,NULL,NULL),(3,3,4,NULL,NULL),(4,4,6,NULL,NULL),(5,5,4,NULL,NULL),(6,6,4,NULL,NULL),(7,7,6,NULL,NULL),(8,8,4,NULL,NULL),(9,9,6,NULL,NULL),(10,10,4,NULL,NULL),(11,11,6,NULL,NULL),(12,12,6,NULL,NULL),(13,13,6,NULL,NULL),(14,14,6,NULL,NULL),(15,15,6,NULL,NULL),(22,22,6,NULL,NULL),(23,23,6,NULL,NULL),(24,24,6,NULL,NULL),(25,25,6,NULL,NULL);
/*!40000 ALTER TABLE `user_roles` ENABLE KEYS */;
UNLOCK TABLES;

--
-- Table structure for table `users`
--

DROP TABLE IF EXISTS `users`;
/*!40101 SET @saved_cs_client     = @@character_set_client */;
/*!50503 SET character_set_client = utf8mb4 */;
CREATE TABLE `users` (
  `id` bigint unsigned NOT NULL AUTO_INCREMENT,
  `name` varchar(255) CHARACTER SET utf8mb4 COLLATE utf8mb4_unicode_ci NOT NULL,
  `email` varchar(255) CHARACTER SET utf8mb4 COLLATE utf8mb4_unicode_ci NOT NULL,
  `avatar` varchar(255) CHARACTER SET utf8mb4 COLLATE utf8mb4_unicode_ci DEFAULT NULL,
  `email_verified_at` timestamp NULL DEFAULT NULL,
  `password` varchar(255) CHARACTER SET utf8mb4 COLLATE utf8mb4_unicode_ci NOT NULL,
  `remember_token` varchar(100) CHARACTER SET utf8mb4 COLLATE utf8mb4_unicode_ci DEFAULT NULL,
  `address` varchar(255) CHARACTER SET utf8mb4 COLLATE utf8mb4_unicode_ci DEFAULT NULL,
  `city` varchar(255) CHARACTER SET utf8mb4 COLLATE utf8mb4_unicode_ci DEFAULT NULL,
  `district` varchar(255) CHARACTER SET utf8mb4 COLLATE utf8mb4_unicode_ci DEFAULT NULL,
  `ward` varchar(255) CHARACTER SET utf8mb4 COLLATE utf8mb4_unicode_ci DEFAULT NULL,
  `phone` varchar(18) CHARACTER SET utf8mb4 COLLATE utf8mb4_unicode_ci DEFAULT NULL,
  `status` tinyint NOT NULL DEFAULT '1',
  `created_at` timestamp NULL DEFAULT NULL,
  `updated_at` timestamp NULL DEFAULT NULL,
  `email_verification_code` varchar(6) CHARACTER SET utf8mb4 COLLATE utf8mb4_unicode_ci DEFAULT NULL,
  `email_verification_expires_at` timestamp NULL DEFAULT NULL,
  PRIMARY KEY (`id`),
  UNIQUE KEY `users_email_unique` (`email`),
  UNIQUE KEY `users_phone_unique` (`phone`)
) ENGINE=InnoDB AUTO_INCREMENT=26 DEFAULT CHARSET=utf8mb4 COLLATE=utf8mb4_unicode_ci;
/*!40101 SET character_set_client = @saved_cs_client */;

--
-- Dumping data for table `users`
--

LOCK TABLES `users` WRITE;
/*!40000 ALTER TABLE `users` DISABLE KEYS */;
INSERT INTO `users` VALUES (1,'Admin Winstar','admin@winstar.com','avatars/1754238196_iphone_16_pink_23227ae794.webp','2025-08-02 22:20:40','$2y$12$h6.JOtcMfe5ib1iH9Bk2bOsIy3LqbbYsG539pxDgXvQlNyP4ZBK.C',NULL,'Hà Nội, Việt Nam',NULL,NULL,NULL,'0911111111',1,'2025-08-02 22:20:40','2025-08-03 16:23:16',NULL,NULL),(2,'Nguyễn Văn A','user@winstar.com',NULL,'2025-08-02 22:20:41','$2y$12$QA7CUSbEWleVqOzCZUQaNeiE09teVPAfKEDUkDubfu.sihWIss48i',NULL,'Hồ Chí Minh, Việt Nam',NULL,NULL,NULL,'0922222222',1,'2025-08-02 22:20:41','2025-08-02 22:20:41',NULL,NULL),(3,'Trần Thị B','staff@winstar.com',NULL,'2025-08-02 22:20:41','$2y$12$6dZxvlEQcsVbCRsfhzULQOEvnDKMr7VwXRg2AAVPJl..nTZqf8gKS',NULL,'Đà Nẵng, Việt Nam',NULL,NULL,NULL,'0933333333',1,'2025-08-02 22:20:41','2025-08-02 22:20:41',NULL,NULL),(4,'Test User 1','test1@winstar.com',NULL,'2025-08-02 22:20:41','$2y$12$gt8Q6IjOxwYhKTgMvccPZ.YzfaA0BCsk6DksrlQ./XV.W/GpLJ8o6',NULL,'Địa chỉ test 1',NULL,NULL,NULL,'0944444441',1,'2025-08-02 22:20:41','2025-08-02 22:20:41',NULL,NULL),(5,'Test User 2','test2@winstar.com',NULL,'2025-08-02 22:20:41','$2y$12$cv2ys/QybPObVWJicMGh1ubNyvcSOUhw/IpHE2Eiqx27BOZW92OAa',NULL,'Địa chỉ test 2',NULL,NULL,NULL,'0944444442',0,'2025-08-02 22:20:41','2025-08-02 22:20:41',NULL,NULL),(6,'Test User 3','test3@winstar.com',NULL,NULL,'$2y$12$vLcoUF3PZZB8KT9SPKTv6e5QT/kNTmDB1OGQa./dHjDSVemJc2Uyi',NULL,'Địa chỉ test 3',NULL,NULL,NULL,'0944444443',1,'2025-08-02 22:20:41','2025-08-02 22:20:41',NULL,NULL),(7,'Test User 4','test4@winstar.com',NULL,'2025-08-02 22:20:42','$2y$12$YbZlNq1XqEQTKMkNyHs2teODFffSW5hsU/WurSDpjFi5brQT25boG',NULL,'Địa chỉ test 4',NULL,NULL,NULL,'0944444444',0,'2025-08-02 22:20:42','2025-08-02 22:20:42',NULL,NULL),(8,'Test User 5','test5@winstar.com',NULL,'2025-08-02 22:20:42','$2y$12$Vi0T5OQoeQbWwwT14a94eu.Eb8E/OaDx4WA/YAO4GOGdpuE8SCps6',NULL,'Địa chỉ test 5',NULL,NULL,NULL,'0944444445',1,'2025-08-02 22:20:42','2025-08-02 22:20:42',NULL,NULL),(9,'Test User 6','test6@winstar.com',NULL,NULL,'$2y$12$PZ0Y2hLG089SAWJtHi9z6us71tZYi5aicMjAOZCvki4Of8w1YzR2K',NULL,'Địa chỉ test 6',NULL,NULL,NULL,'0944444446',0,'2025-08-02 22:20:42','2025-08-02 22:20:42',NULL,NULL),(10,'Test User 7','test7@winstar.com',NULL,'2025-08-02 22:20:42','$2y$12$GaTPy4/jVV9IBvPXoXAjCOsKzveOI0S8qr4o1hXs6/.OQUaiVrmJ6',NULL,'Địa chỉ test 7',NULL,NULL,NULL,'0944444447',1,'2025-08-02 22:20:42','2025-08-02 22:20:42',NULL,NULL),(11,'Test User 8','test8@winstar.com',NULL,'2025-08-02 22:20:43','$2y$12$sz9X/YH0pcR5S6QtTo.Eneg2osXialH.YmSQOnX5ti2d44BF3OZsG',NULL,'Địa chỉ test 8',NULL,NULL,NULL,'0944444448',0,'2025-08-02 22:20:43','2025-08-02 22:20:43',NULL,NULL),(12,'Test User 9','test9@winstar.com',NULL,NULL,'$2y$12$JXgjSAhB9FNcUSDx0MPsseEdDPqrpQAkVaCLvidGWX3YzNRjEN1lW',NULL,'Địa chỉ test 9',NULL,NULL,NULL,'0944444449',1,'2025-08-02 22:20:43','2025-08-02 22:20:43',NULL,NULL),(13,'Test User 10','test10@winstar.com',NULL,'2025-08-02 22:20:43','$2y$12$nnIofP3On8YeLvab9i7c4ubxO/9dTq0IMFFvp.PoTVfG43gdZnkPu',NULL,'Địa chỉ test 10',NULL,NULL,NULL,'09444444410',0,'2025-08-02 22:20:43','2025-08-02 22:20:43',NULL,NULL),(14,'Nguyễn văn cường','cuong@gmail.com',NULL,NULL,'$2y$12$xx.67ey23nHq7ie2CnbULuyPc6JQf8PuyiWJfXGRw4dNQb5O0GlA.',NULL,NULL,NULL,NULL,NULL,'cuong@gmail.com',1,'2025-08-03 11:57:55','2025-08-03 11:57:55',NULL,NULL),(15,'Nguyễn Văn Cường','admin@gmail.com',NULL,NULL,'$2y$12$8qPg7LHC.A0d/j849UdZYO9BY6EBNMwAwCqIAe0rx41V5BGBd9uay',NULL,'ffffff, Xã Xuân Lai, Huyện Gia Bình, Tỉnh Bắc Ninh',NULL,NULL,NULL,'0386095512',1,'2025-08-03 12:59:47','2025-08-03 12:59:47',NULL,NULL),(22,'Titan Sa Mạc','nguthong75@gmail.com',NULL,'2025-08-05 03:28:04','$2y$12$lw867246ckkxiAobXHKv0OYKQkwhUL7zZ.EXlHZR/xelJonU5lzv6',NULL,'Sóhađínákdámkd, Xã Liên Châu, Huyện Yên Lạc, Tỉnh Vĩnh Phúc','Tỉnh Phú Thọ','Huyện Thanh Thuỷ','Xã Xuân Lộc','086955763',1,'2025-08-04 06:17:00','2025-08-05 03:28:04',NULL,NULL),(23,'Cường Nguyễn','nvcuong04.dev@gmail.com',NULL,'2025-08-04 09:01:29','$2y$12$r6AsKlLSW5Z9vUGFOvtKEu4gsAsl/UMRgL3SaSWuPfSN2OWF7IZTC',NULL,NULL,NULL,NULL,NULL,'g1754298089xb3a79',1,'2025-08-04 09:01:29','2025-08-04 09:01:29',NULL,NULL),(24,'Cường Nguyễn','cuong24102004pl@gmail.com',NULL,'2025-08-04 15:49:39','$2y$12$eYjhRCLOcy/7g8vrF4mS6uoiZbxxyZUdJuSK9D9v0Hoi55Ww72v76',NULL,'gì igf ig f','Tỉnh Hải Dương','Huyện Gia Lộc','Xã Phạm Trấn','0965925190',1,'2025-08-04 15:49:39','2025-08-04 19:14:17',NULL,NULL),(25,'Nguyen Van Cuong (FPL HN)','cuongnvph36558@fpt.edu.vn',NULL,'2025-08-16 03:58:34','$2y$12$E8F1Tod24VRoQGpQ.U5Oc.WH/L7at9LyGszgev0.16tHdyTKlAkfa',NULL,NULL,NULL,NULL,NULL,'g1755316714x37439',1,'2025-08-16 03:58:34','2025-08-16 03:58:34',NULL,NULL);
/*!40000 ALTER TABLE `users` ENABLE KEYS */;
UNLOCK TABLES;

--
-- Table structure for table `videos`
--

DROP TABLE IF EXISTS `videos`;
/*!40101 SET @saved_cs_client     = @@character_set_client */;
/*!50503 SET character_set_client = utf8mb4 */;
CREATE TABLE `videos` (
  `id` bigint unsigned NOT NULL AUTO_INCREMENT,
  `title` varchar(255) CHARACTER SET utf8mb4 COLLATE utf8mb4_unicode_ci NOT NULL,
  `subtitle` varchar(255) CHARACTER SET utf8mb4 COLLATE utf8mb4_unicode_ci DEFAULT NULL,
  `video_path` varchar(255) CHARACTER SET utf8mb4 COLLATE utf8mb4_unicode_ci NOT NULL,
  `background` varchar(255) CHARACTER SET utf8mb4 COLLATE utf8mb4_unicode_ci DEFAULT NULL,
  `created_at` timestamp NULL DEFAULT NULL,
  `updated_at` timestamp NULL DEFAULT NULL,
  PRIMARY KEY (`id`)
) ENGINE=InnoDB AUTO_INCREMENT=2 DEFAULT CHARSET=utf8mb4 COLLATE=utf8mb4_unicode_ci;
/*!40101 SET character_set_client = @saved_cs_client */;

--
-- Dumping data for table `videos`
--

LOCK TABLES `videos` WRITE;
/*!40000 ALTER TABLE `videos` DISABLE KEYS */;
INSERT INTO `videos` VALUES (1,'ss','ss','videos/f9S9l7BKHotfMV0k1bKSdSqTjUrPYzpCNcZuX4WG.mp4','videos/backgrounds/x2ZhjCOygolL4eP9JETQV2n9FG8LAr2UXhFkC2me.webp','2025-08-02 22:24:23','2025-08-02 22:24:23');
/*!40000 ALTER TABLE `videos` ENABLE KEYS */;
UNLOCK TABLES;

--
-- Temporary view structure for view `view_average_product_rating`
--

DROP TABLE IF EXISTS `view_average_product_rating`;
/*!50001 DROP VIEW IF EXISTS `view_average_product_rating`*/;
SET @saved_cs_client     = @@character_set_client;
/*!50503 SET character_set_client = utf8mb4 */;
/*!50001 CREATE VIEW `view_average_product_rating` AS SELECT 
 1 AS `product_id`,
 1 AS `avg_rating`*/;
SET character_set_client = @saved_cs_client;

--
-- Temporary view structure for view `view_daily_paid_revenue`
--

DROP TABLE IF EXISTS `view_daily_paid_revenue`;
/*!50001 DROP VIEW IF EXISTS `view_daily_paid_revenue`*/;
SET @saved_cs_client     = @@character_set_client;
/*!50503 SET character_set_client = utf8mb4 */;
/*!50001 CREATE VIEW `view_daily_paid_revenue` AS SELECT 
 1 AS `date`,
 1 AS `paid_revenue`*/;
SET character_set_client = @saved_cs_client;

--
-- Temporary view structure for view `view_daily_revenue`
--

DROP TABLE IF EXISTS `view_daily_revenue`;
/*!50001 DROP VIEW IF EXISTS `view_daily_revenue`*/;
SET @saved_cs_client     = @@character_set_client;
/*!50503 SET character_set_client = utf8mb4 */;
/*!50001 CREATE VIEW `view_daily_revenue` AS SELECT 
 1 AS `date`,
 1 AS `revenue`*/;
SET character_set_client = @saved_cs_client;

--
-- Temporary view structure for view `view_monthly_revenue`
--

DROP TABLE IF EXISTS `view_monthly_revenue`;
/*!50001 DROP VIEW IF EXISTS `view_monthly_revenue`*/;
SET @saved_cs_client     = @@character_set_client;
/*!50503 SET character_set_client = utf8mb4 */;
/*!50001 CREATE VIEW `view_monthly_revenue` AS SELECT 
 1 AS `month`,
 1 AS `revenue`*/;
SET character_set_client = @saved_cs_client;

--
-- Temporary view structure for view `view_most_viewed_products`
--

DROP TABLE IF EXISTS `view_most_viewed_products`;
/*!50001 DROP VIEW IF EXISTS `view_most_viewed_products`*/;
SET @saved_cs_client     = @@character_set_client;
/*!50503 SET character_set_client = utf8mb4 */;
/*!50001 CREATE VIEW `view_most_viewed_products` AS SELECT 
 1 AS `id`,
 1 AS `name`,
 1 AS `view`*/;
SET character_set_client = @saved_cs_client;

--
-- Temporary view structure for view `view_order_status_count`
--

DROP TABLE IF EXISTS `view_order_status_count`;
/*!50001 DROP VIEW IF EXISTS `view_order_status_count`*/;
SET @saved_cs_client     = @@character_set_client;
/*!50503 SET character_set_client = utf8mb4 */;
/*!50001 CREATE VIEW `view_order_status_count` AS SELECT 
 1 AS `status`,
 1 AS `count`,
 1 AS `created_at`*/;
SET character_set_client = @saved_cs_client;

--
-- Temporary view structure for view `view_paid_revenue`
--

DROP TABLE IF EXISTS `view_paid_revenue`;
/*!50001 DROP VIEW IF EXISTS `view_paid_revenue`*/;
SET @saved_cs_client     = @@character_set_client;
/*!50503 SET character_set_client = utf8mb4 */;
/*!50001 CREATE VIEW `view_paid_revenue` AS SELECT 
 1 AS `month`,
 1 AS `paid_revenue`*/;
SET character_set_client = @saved_cs_client;

--
-- Temporary view structure for view `view_product_variant_details`
--

DROP TABLE IF EXISTS `view_product_variant_details`;
/*!50001 DROP VIEW IF EXISTS `view_product_variant_details`*/;
SET @saved_cs_client     = @@character_set_client;
/*!50503 SET character_set_client = utf8mb4 */;
/*!50001 CREATE VIEW `view_product_variant_details` AS SELECT 
 1 AS `variant_id`,
 1 AS `product_name`,
 1 AS `color_name`,
 1 AS `storage_capacity`,
 1 AS `variant_name`,
 1 AS `price`,
 1 AS `stock_quantity`*/;
SET character_set_client = @saved_cs_client;

--
-- Temporary view structure for view `view_revenue_by_category`
--

DROP TABLE IF EXISTS `view_revenue_by_category`;
/*!50001 DROP VIEW IF EXISTS `view_revenue_by_category`*/;
SET @saved_cs_client     = @@character_set_client;
/*!50503 SET character_set_client = utf8mb4 */;
/*!50001 CREATE VIEW `view_revenue_by_category` AS SELECT 
 1 AS `category_id`,
 1 AS `category_name`,
 1 AS `revenue`*/;
SET character_set_client = @saved_cs_client;

--
-- Temporary view structure for view `view_stock_by_color`
--

DROP TABLE IF EXISTS `view_stock_by_color`;
/*!50001 DROP VIEW IF EXISTS `view_stock_by_color`*/;
SET @saved_cs_client     = @@character_set_client;
/*!50503 SET character_set_client = utf8mb4 */;
/*!50001 CREATE VIEW `view_stock_by_color` AS SELECT 
 1 AS `color_id`,
 1 AS `color_name`,
 1 AS `total_stock`*/;
SET character_set_client = @saved_cs_client;

--
-- Temporary view structure for view `view_storage_variants`
--

DROP TABLE IF EXISTS `view_storage_variants`;
/*!50001 DROP VIEW IF EXISTS `view_storage_variants`*/;
SET @saved_cs_client     = @@character_set_client;
/*!50503 SET character_set_client = utf8mb4 */;
/*!50001 CREATE VIEW `view_storage_variants` AS SELECT 
 1 AS `storage_id`,
 1 AS `capacity`,
 1 AS `variant_count`*/;
SET character_set_client = @saved_cs_client;

--
-- Temporary view structure for view `view_top_coupons`
--

DROP TABLE IF EXISTS `view_top_coupons`;
/*!50001 DROP VIEW IF EXISTS `view_top_coupons`*/;
SET @saved_cs_client     = @@character_set_client;
/*!50503 SET character_set_client = utf8mb4 */;
/*!50001 CREATE VIEW `view_top_coupons` AS SELECT 
 1 AS `id`,
 1 AS `code`,
 1 AS `used_count`,
 1 AS `created_at`*/;
SET character_set_client = @saved_cs_client;

--
-- Temporary view structure for view `view_top_customers`
--

DROP TABLE IF EXISTS `view_top_customers`;
/*!50001 DROP VIEW IF EXISTS `view_top_customers`*/;
SET @saved_cs_client     = @@character_set_client;
/*!50503 SET character_set_client = utf8mb4 */;
/*!50001 CREATE VIEW `view_top_customers` AS SELECT 
 1 AS `id`,
 1 AS `name`,
 1 AS `email`,
 1 AS `phone`,
 1 AS `total_orders`,
 1 AS `total_spent`,
 1 AS `avg_order_value`,
 1 AS `first_order_date`,
 1 AS `last_order_date`,
 1 AS `current_points`,
 1 AS `total_earned_points`,
 1 AS `vip_level`*/;
SET character_set_client = @saved_cs_client;

--
-- Temporary view structure for view `view_top_products`
--

DROP TABLE IF EXISTS `view_top_products`;
/*!50001 DROP VIEW IF EXISTS `view_top_products`*/;
SET @saved_cs_client     = @@character_set_client;
/*!50503 SET character_set_client = utf8mb4 */;
/*!50001 CREATE VIEW `view_top_products` AS SELECT 
 1 AS `id`,
 1 AS `name`,
 1 AS `total_sold`,
 1 AS `created_at`*/;
SET character_set_client = @saved_cs_client;

--
-- Temporary view structure for view `view_total_stock_per_product`
--

DROP TABLE IF EXISTS `view_total_stock_per_product`;
/*!50001 DROP VIEW IF EXISTS `view_total_stock_per_product`*/;
SET @saved_cs_client     = @@character_set_client;
/*!50503 SET character_set_client = utf8mb4 */;
/*!50001 CREATE VIEW `view_total_stock_per_product` AS SELECT 
 1 AS `product_id`,
 1 AS `name`,
 1 AS `total_stock`*/;
SET character_set_client = @saved_cs_client;

--
-- Temporary view structure for view `view_user_status_count`
--

DROP TABLE IF EXISTS `view_user_status_count`;
/*!50001 DROP VIEW IF EXISTS `view_user_status_count`*/;
SET @saved_cs_client     = @@character_set_client;
/*!50503 SET character_set_client = utf8mb4 */;
/*!50001 CREATE VIEW `view_user_status_count` AS SELECT 
 1 AS `status`,
 1 AS `count`*/;
SET character_set_client = @saved_cs_client;

--
-- Table structure for table `vnpay_transactions`
--

DROP TABLE IF EXISTS `vnpay_transactions`;
/*!40101 SET @saved_cs_client     = @@character_set_client */;
/*!50503 SET character_set_client = utf8mb4 */;
CREATE TABLE `vnpay_transactions` (
  `id` bigint unsigned NOT NULL AUTO_INCREMENT,
  `order_id` bigint unsigned DEFAULT NULL,
  `vnp_TxnRef` varchar(255) CHARACTER SET utf8mb4 COLLATE utf8mb4_unicode_ci DEFAULT NULL,
  `vnp_Amount` bigint DEFAULT NULL,
  `vnp_ResponseCode` varchar(10) CHARACTER SET utf8mb4 COLLATE utf8mb4_unicode_ci DEFAULT NULL,
  `vnp_TransactionNo` varchar(50) CHARACTER SET utf8mb4 COLLATE utf8mb4_unicode_ci DEFAULT NULL,
  `vnp_PayDate` varchar(20) CHARACTER SET utf8mb4 COLLATE utf8mb4_unicode_ci DEFAULT NULL,
  `vnp_BankCode` varchar(50) CHARACTER SET utf8mb4 COLLATE utf8mb4_unicode_ci DEFAULT NULL,
  `vnp_CardType` varchar(50) CHARACTER SET utf8mb4 COLLATE utf8mb4_unicode_ci DEFAULT NULL,
  `vnp_SecureHash` varchar(255) CHARACTER SET utf8mb4 COLLATE utf8mb4_unicode_ci DEFAULT NULL,
  `status` varchar(20) CHARACTER SET utf8mb4 COLLATE utf8mb4_unicode_ci DEFAULT NULL,
  `message` varchar(255) CHARACTER SET utf8mb4 COLLATE utf8mb4_unicode_ci DEFAULT NULL,
  `raw_data` json DEFAULT NULL,
  `created_at` timestamp NULL DEFAULT NULL,
  `updated_at` timestamp NULL DEFAULT NULL,
  PRIMARY KEY (`id`),
  KEY `vnpay_transactions_order_id_index` (`order_id`),
  CONSTRAINT `vnpay_transactions_order_id_foreign` FOREIGN KEY (`order_id`) REFERENCES `orders` (`id`) ON DELETE SET NULL
) ENGINE=InnoDB DEFAULT CHARSET=utf8mb4 COLLATE=utf8mb4_unicode_ci;
/*!40101 SET character_set_client = @saved_cs_client */;

--
-- Dumping data for table `vnpay_transactions`
--

LOCK TABLES `vnpay_transactions` WRITE;
/*!40000 ALTER TABLE `vnpay_transactions` DISABLE KEYS */;
/*!40000 ALTER TABLE `vnpay_transactions` ENABLE KEYS */;
UNLOCK TABLES;

--
-- Table structure for table `websockets_statistics_entries`
--

DROP TABLE IF EXISTS `websockets_statistics_entries`;
/*!40101 SET @saved_cs_client     = @@character_set_client */;
/*!50503 SET character_set_client = utf8mb4 */;
CREATE TABLE `websockets_statistics_entries` (
  `id` int unsigned NOT NULL AUTO_INCREMENT,
  `app_id` varchar(255) CHARACTER SET utf8mb4 COLLATE utf8mb4_unicode_ci NOT NULL,
  `peak_connection_count` int NOT NULL,
  `websocket_message_count` int NOT NULL,
  `api_message_count` int NOT NULL,
  `created_at` timestamp NULL DEFAULT NULL,
  `updated_at` timestamp NULL DEFAULT NULL,
  PRIMARY KEY (`id`)
) ENGINE=InnoDB DEFAULT CHARSET=utf8mb4 COLLATE=utf8mb4_unicode_ci;
/*!40101 SET character_set_client = @saved_cs_client */;

--
-- Dumping data for table `websockets_statistics_entries`
--

LOCK TABLES `websockets_statistics_entries` WRITE;
/*!40000 ALTER TABLE `websockets_statistics_entries` DISABLE KEYS */;
/*!40000 ALTER TABLE `websockets_statistics_entries` ENABLE KEYS */;
UNLOCK TABLES;

--
-- Final view structure for view `view_average_product_rating`
--

/*!50001 DROP VIEW IF EXISTS `view_average_product_rating`*/;
/*!50001 SET @saved_cs_client          = @@character_set_client */;
/*!50001 SET @saved_cs_results         = @@character_set_results */;
/*!50001 SET @saved_col_connection     = @@collation_connection */;
/*!50001 SET character_set_client      = utf8mb4 */;
/*!50001 SET character_set_results     = utf8mb4 */;
/*!50001 SET collation_connection      = utf8mb4_unicode_ci */;
/*!50001 CREATE ALGORITHM=UNDEFINED */
/*!50013 DEFINER=`root`@`localhost` SQL SECURITY DEFINER */
/*!50001 VIEW `view_average_product_rating` AS select `r`.`product_id` AS `product_id`,avg(`r`.`rating`) AS `avg_rating` from (`reviews` `r` join `products` `p` on((`r`.`product_id` = `p`.`id`))) where (`p`.`status` = 1) group by `r`.`product_id` */;
/*!50001 SET character_set_client      = @saved_cs_client */;
/*!50001 SET character_set_results     = @saved_cs_results */;
/*!50001 SET collation_connection      = @saved_col_connection */;

--
-- Final view structure for view `view_daily_paid_revenue`
--

/*!50001 DROP VIEW IF EXISTS `view_daily_paid_revenue`*/;
/*!50001 SET @saved_cs_client          = @@character_set_client */;
/*!50001 SET @saved_cs_results         = @@character_set_results */;
/*!50001 SET @saved_col_connection     = @@collation_connection */;
/*!50001 SET character_set_client      = utf8mb4 */;
/*!50001 SET character_set_results     = utf8mb4 */;
/*!50001 SET collation_connection      = utf8mb4_unicode_ci */;
/*!50001 CREATE ALGORITHM=UNDEFINED */
/*!50013 DEFINER=`root`@`localhost` SQL SECURITY DEFINER */
/*!50001 VIEW `view_daily_paid_revenue` AS select cast(`orders`.`created_at` as date) AS `date`,sum(`orders`.`total_amount`) AS `paid_revenue` from `orders` where (`orders`.`payment_status` = 'paid') group by cast(`orders`.`created_at` as date) order by `date` desc */;
/*!50001 SET character_set_client      = @saved_cs_client */;
/*!50001 SET character_set_results     = @saved_cs_results */;
/*!50001 SET collation_connection      = @saved_col_connection */;

--
-- Final view structure for view `view_daily_revenue`
--

/*!50001 DROP VIEW IF EXISTS `view_daily_revenue`*/;
/*!50001 SET @saved_cs_client          = @@character_set_client */;
/*!50001 SET @saved_cs_results         = @@character_set_results */;
/*!50001 SET @saved_col_connection     = @@collation_connection */;
/*!50001 SET character_set_client      = utf8mb4 */;
/*!50001 SET character_set_results     = utf8mb4 */;
/*!50001 SET collation_connection      = utf8mb4_unicode_ci */;
/*!50001 CREATE ALGORITHM=UNDEFINED */
/*!50013 DEFINER=`root`@`localhost` SQL SECURITY DEFINER */
/*!50001 VIEW `view_daily_revenue` AS select cast(`orders`.`created_at` as date) AS `date`,sum(`orders`.`total_amount`) AS `revenue` from `orders` where (`orders`.`status` = 'completed') group by cast(`orders`.`created_at` as date) order by `date` desc */;
/*!50001 SET character_set_client      = @saved_cs_client */;
/*!50001 SET character_set_results     = @saved_cs_results */;
/*!50001 SET collation_connection      = @saved_col_connection */;

--
-- Final view structure for view `view_monthly_revenue`
--

/*!50001 DROP VIEW IF EXISTS `view_monthly_revenue`*/;
/*!50001 SET @saved_cs_client          = @@character_set_client */;
/*!50001 SET @saved_cs_results         = @@character_set_results */;
/*!50001 SET @saved_col_connection     = @@collation_connection */;
/*!50001 SET character_set_client      = utf8mb4 */;
/*!50001 SET character_set_results     = utf8mb4 */;
/*!50001 SET collation_connection      = utf8mb4_unicode_ci */;
/*!50001 CREATE ALGORITHM=UNDEFINED */
/*!50013 DEFINER=`root`@`localhost` SQL SECURITY DEFINER */
/*!50001 VIEW `view_monthly_revenue` AS select date_format(`orders`.`created_at`,'%Y-%m') AS `month`,sum(`orders`.`total_amount`) AS `revenue` from `orders` where (`orders`.`status` = 'completed') group by `month` */;
/*!50001 SET character_set_client      = @saved_cs_client */;
/*!50001 SET character_set_results     = @saved_cs_results */;
/*!50001 SET collation_connection      = @saved_col_connection */;

--
-- Final view structure for view `view_most_viewed_products`
--

/*!50001 DROP VIEW IF EXISTS `view_most_viewed_products`*/;
/*!50001 SET @saved_cs_client          = @@character_set_client */;
/*!50001 SET @saved_cs_results         = @@character_set_results */;
/*!50001 SET @saved_col_connection     = @@collation_connection */;
/*!50001 SET character_set_client      = utf8mb4 */;
/*!50001 SET character_set_results     = utf8mb4 */;
/*!50001 SET collation_connection      = utf8mb4_unicode_ci */;
/*!50001 CREATE ALGORITHM=UNDEFINED */
/*!50013 DEFINER=`root`@`localhost` SQL SECURITY DEFINER */
/*!50001 VIEW `view_most_viewed_products` AS select `products`.`id` AS `id`,`products`.`name` AS `name`,`products`.`view` AS `view` from `products` where (`products`.`status` = 1) order by `products`.`view` desc */;
/*!50001 SET character_set_client      = @saved_cs_client */;
/*!50001 SET character_set_results     = @saved_cs_results */;
/*!50001 SET collation_connection      = @saved_col_connection */;

--
-- Final view structure for view `view_order_status_count`
--

/*!50001 DROP VIEW IF EXISTS `view_order_status_count`*/;
/*!50001 SET @saved_cs_client          = @@character_set_client */;
/*!50001 SET @saved_cs_results         = @@character_set_results */;
/*!50001 SET @saved_col_connection     = @@collation_connection */;
/*!50001 SET character_set_client      = utf8mb4 */;
/*!50001 SET character_set_results     = utf8mb4 */;
/*!50001 SET collation_connection      = utf8mb4_unicode_ci */;
/*!50001 CREATE ALGORITHM=UNDEFINED */
/*!50013 DEFINER=`root`@`localhost` SQL SECURITY DEFINER */
/*!50001 VIEW `view_order_status_count` AS select `orders`.`status` AS `status`,count(0) AS `count`,min(`orders`.`created_at`) AS `created_at` from `orders` group by `orders`.`status` */;
/*!50001 SET character_set_client      = @saved_cs_client */;
/*!50001 SET character_set_results     = @saved_cs_results */;
/*!50001 SET collation_connection      = @saved_col_connection */;

--
-- Final view structure for view `view_paid_revenue`
--

/*!50001 DROP VIEW IF EXISTS `view_paid_revenue`*/;
/*!50001 SET @saved_cs_client          = @@character_set_client */;
/*!50001 SET @saved_cs_results         = @@character_set_results */;
/*!50001 SET @saved_col_connection     = @@collation_connection */;
/*!50001 SET character_set_client      = utf8mb4 */;
/*!50001 SET character_set_results     = utf8mb4 */;
/*!50001 SET collation_connection      = utf8mb4_unicode_ci */;
/*!50001 CREATE ALGORITHM=UNDEFINED */
/*!50013 DEFINER=`root`@`localhost` SQL SECURITY DEFINER */
/*!50001 VIEW `view_paid_revenue` AS select date_format(`orders`.`created_at`,'%Y-%m') AS `month`,sum(`orders`.`total_amount`) AS `paid_revenue` from `orders` where (`orders`.`payment_status` = 'paid') group by `month` */;
/*!50001 SET character_set_client      = @saved_cs_client */;
/*!50001 SET character_set_results     = @saved_cs_results */;
/*!50001 SET collation_connection      = @saved_col_connection */;

--
-- Final view structure for view `view_product_variant_details`
--

/*!50001 DROP VIEW IF EXISTS `view_product_variant_details`*/;
/*!50001 SET @saved_cs_client          = @@character_set_client */;
/*!50001 SET @saved_cs_results         = @@character_set_results */;
/*!50001 SET @saved_col_connection     = @@collation_connection */;
/*!50001 SET character_set_client      = utf8mb4 */;
/*!50001 SET character_set_results     = utf8mb4 */;
/*!50001 SET collation_connection      = utf8mb4_unicode_ci */;
/*!50001 CREATE ALGORITHM=UNDEFINED */
/*!50013 DEFINER=`root`@`localhost` SQL SECURITY DEFINER */
/*!50001 VIEW `view_product_variant_details` AS select `pv`.`id` AS `variant_id`,`p`.`name` AS `product_name`,`c`.`name` AS `color_name`,`s`.`capacity` AS `storage_capacity`,concat(`p`.`name`,' - ',`s`.`capacity`,' - ',`c`.`name`) AS `variant_name`,`pv`.`price` AS `price`,`pv`.`stock_quantity` AS `stock_quantity` from (((`product_variants` `pv` join `products` `p` on((`pv`.`product_id` = `p`.`id`))) left join `colors` `c` on((`pv`.`color_id` = `c`.`id`))) left join `storages` `s` on((`pv`.`storage_id` = `s`.`id`))) */;
/*!50001 SET character_set_client      = @saved_cs_client */;
/*!50001 SET character_set_results     = @saved_cs_results */;
/*!50001 SET collation_connection      = @saved_col_connection */;

--
-- Final view structure for view `view_revenue_by_category`
--

/*!50001 DROP VIEW IF EXISTS `view_revenue_by_category`*/;
/*!50001 SET @saved_cs_client          = @@character_set_client */;
/*!50001 SET @saved_cs_results         = @@character_set_results */;
/*!50001 SET @saved_col_connection     = @@collation_connection */;
/*!50001 SET character_set_client      = utf8mb4 */;
/*!50001 SET character_set_results     = utf8mb4 */;
/*!50001 SET collation_connection      = utf8mb4_unicode_ci */;
/*!50001 CREATE ALGORITHM=UNDEFINED */
/*!50013 DEFINER=`root`@`localhost` SQL SECURITY DEFINER */
/*!50001 VIEW `view_revenue_by_category` AS select `cat`.`id` AS `category_id`,`cat`.`name` AS `category_name`,sum(`od`.`total`) AS `revenue` from ((`order_details` `od` join `products` `p` on((`od`.`product_id` = `p`.`id`))) join `categories` `cat` on((`p`.`category_id` = `cat`.`id`))) where (`p`.`status` = 1) group by `cat`.`id`,`cat`.`name` */;
/*!50001 SET character_set_client      = @saved_cs_client */;
/*!50001 SET character_set_results     = @saved_cs_results */;
/*!50001 SET collation_connection      = @saved_col_connection */;

--
-- Final view structure for view `view_stock_by_color`
--

/*!50001 DROP VIEW IF EXISTS `view_stock_by_color`*/;
/*!50001 SET @saved_cs_client          = @@character_set_client */;
/*!50001 SET @saved_cs_results         = @@character_set_results */;
/*!50001 SET @saved_col_connection     = @@collation_connection */;
/*!50001 SET character_set_client      = utf8mb4 */;
/*!50001 SET character_set_results     = utf8mb4 */;
/*!50001 SET collation_connection      = utf8mb4_unicode_ci */;
/*!50001 CREATE ALGORITHM=UNDEFINED */
/*!50013 DEFINER=`root`@`localhost` SQL SECURITY DEFINER */
/*!50001 VIEW `view_stock_by_color` AS select `c`.`id` AS `color_id`,`c`.`name` AS `color_name`,sum(`pv`.`stock_quantity`) AS `total_stock` from ((`product_variants` `pv` join `colors` `c` on((`pv`.`color_id` = `c`.`id`))) join `products` `p` on((`pv`.`product_id` = `p`.`id`))) where (`p`.`status` = 1) group by `c`.`id`,`c`.`name` */;
/*!50001 SET character_set_client      = @saved_cs_client */;
/*!50001 SET character_set_results     = @saved_cs_results */;
/*!50001 SET collation_connection      = @saved_col_connection */;

--
-- Final view structure for view `view_storage_variants`
--

/*!50001 DROP VIEW IF EXISTS `view_storage_variants`*/;
/*!50001 SET @saved_cs_client          = @@character_set_client */;
/*!50001 SET @saved_cs_results         = @@character_set_results */;
/*!50001 SET @saved_col_connection     = @@collation_connection */;
/*!50001 SET character_set_client      = utf8mb4 */;
/*!50001 SET character_set_results     = utf8mb4 */;
/*!50001 SET collation_connection      = utf8mb4_unicode_ci */;
/*!50001 CREATE ALGORITHM=UNDEFINED */
/*!50013 DEFINER=`root`@`localhost` SQL SECURITY DEFINER */
/*!50001 VIEW `view_storage_variants` AS select `s`.`id` AS `storage_id`,`s`.`capacity` AS `capacity`,count(`pv`.`id`) AS `variant_count` from ((`storages` `s` left join `product_variants` `pv` on((`pv`.`storage_id` = `s`.`id`))) left join `products` `p` on((`pv`.`product_id` = `p`.`id`))) where ((`p`.`status` = 1) or (`p`.`status` is null)) group by `s`.`id`,`s`.`capacity` */;
/*!50001 SET character_set_client      = @saved_cs_client */;
/*!50001 SET character_set_results     = @saved_cs_results */;
/*!50001 SET collation_connection      = @saved_col_connection */;

--
-- Final view structure for view `view_top_coupons`
--

/*!50001 DROP VIEW IF EXISTS `view_top_coupons`*/;
/*!50001 SET @saved_cs_client          = @@character_set_client */;
/*!50001 SET @saved_cs_results         = @@character_set_results */;
/*!50001 SET @saved_col_connection     = @@collation_connection */;
/*!50001 SET character_set_client      = utf8mb4 */;
/*!50001 SET character_set_results     = utf8mb4 */;
/*!50001 SET collation_connection      = utf8mb4_unicode_ci */;
/*!50001 CREATE ALGORITHM=UNDEFINED */
/*!50013 DEFINER=`root`@`localhost` SQL SECURITY DEFINER */
/*!50001 VIEW `view_top_coupons` AS select `c`.`id` AS `id`,`c`.`code` AS `code`,count(`o`.`id`) AS `used_count`,min(`o`.`created_at`) AS `created_at` from (`coupons` `c` join `orders` `o` on((`o`.`coupon_id` = `c`.`id`))) group by `c`.`id`,`c`.`code` order by `used_count` desc */;
/*!50001 SET character_set_client      = @saved_cs_client */;
/*!50001 SET character_set_results     = @saved_cs_results */;
/*!50001 SET collation_connection      = @saved_col_connection */;

--
-- Final view structure for view `view_top_customers`
--

/*!50001 DROP VIEW IF EXISTS `view_top_customers`*/;
/*!50001 SET @saved_cs_client          = @@character_set_client */;
/*!50001 SET @saved_cs_results         = @@character_set_results */;
/*!50001 SET @saved_col_connection     = @@collation_connection */;
/*!50001 SET character_set_client      = utf8mb4 */;
/*!50001 SET character_set_results     = utf8mb4 */;
/*!50001 SET collation_connection      = utf8mb4_unicode_ci */;
/*!50001 CREATE ALGORITHM=UNDEFINED */
/*!50013 DEFINER=`root`@`localhost` SQL SECURITY DEFINER */
/*!50001 VIEW `view_top_customers` AS select `u`.`id` AS `id`,`u`.`name` AS `name`,`u`.`email` AS `email`,`u`.`phone` AS `phone`,count(`o`.`id`) AS `total_orders`,sum(`o`.`total_amount`) AS `total_spent`,avg(`o`.`total_amount`) AS `avg_order_value`,min(`o`.`created_at`) AS `first_order_date`,max(`o`.`created_at`) AS `last_order_date`,coalesce(`p`.`total_points`,0) AS `current_points`,coalesce(`p`.`earned_points`,0) AS `total_earned_points`,coalesce(`p`.`vip_level`,'Bronze') AS `vip_level` from ((`users` `u` join `orders` `o` on((`u`.`id` = `o`.`user_id`))) left join `points` `p` on((`u`.`id` = `p`.`user_id`))) where (`o`.`status` = 'completed') group by `u`.`id`,`u`.`name`,`u`.`email`,`u`.`phone`,`p`.`total_points`,`p`.`earned_points`,`p`.`vip_level` order by `total_spent` desc,`total_orders` desc */;
/*!50001 SET character_set_client      = @saved_cs_client */;
/*!50001 SET character_set_results     = @saved_cs_results */;
/*!50001 SET collation_connection      = @saved_col_connection */;

--
-- Final view structure for view `view_top_products`
--

/*!50001 DROP VIEW IF EXISTS `view_top_products`*/;
/*!50001 SET @saved_cs_client          = @@character_set_client */;
/*!50001 SET @saved_cs_results         = @@character_set_results */;
/*!50001 SET @saved_col_connection     = @@collation_connection */;
/*!50001 SET character_set_client      = utf8mb4 */;
/*!50001 SET character_set_results     = utf8mb4 */;
/*!50001 SET collation_connection      = utf8mb4_unicode_ci */;
/*!50001 CREATE ALGORITHM=UNDEFINED */
/*!50013 DEFINER=`root`@`localhost` SQL SECURITY DEFINER */
/*!50001 VIEW `view_top_products` AS select `p`.`id` AS `id`,`p`.`name` AS `name`,sum(`od`.`quantity`) AS `total_sold`,min(`od`.`created_at`) AS `created_at` from (`order_details` `od` join `products` `p` on((`od`.`product_id` = `p`.`id`))) where (`p`.`status` = 1) group by `p`.`id`,`p`.`name` order by `total_sold` desc */;
/*!50001 SET character_set_client      = @saved_cs_client */;
/*!50001 SET character_set_results     = @saved_cs_results */;
/*!50001 SET collation_connection      = @saved_col_connection */;

--
-- Final view structure for view `view_total_stock_per_product`
--

/*!50001 DROP VIEW IF EXISTS `view_total_stock_per_product`*/;
/*!50001 SET @saved_cs_client          = @@character_set_client */;
/*!50001 SET @saved_cs_results         = @@character_set_results */;
/*!50001 SET @saved_col_connection     = @@collation_connection */;
/*!50001 SET character_set_client      = utf8mb4 */;
/*!50001 SET character_set_results     = utf8mb4 */;
/*!50001 SET collation_connection      = utf8mb4_unicode_ci */;
/*!50001 CREATE ALGORITHM=UNDEFINED */
/*!50013 DEFINER=`root`@`localhost` SQL SECURITY DEFINER */
/*!50001 VIEW `view_total_stock_per_product` AS select `p`.`id` AS `product_id`,`p`.`name` AS `name`,sum(`pv`.`stock_quantity`) AS `total_stock` from (`products` `p` join `product_variants` `pv` on((`pv`.`product_id` = `p`.`id`))) where (`p`.`status` = 1) group by `p`.`id`,`p`.`name` */;
/*!50001 SET character_set_client      = @saved_cs_client */;
/*!50001 SET character_set_results     = @saved_cs_results */;
/*!50001 SET collation_connection      = @saved_col_connection */;

--
-- Final view structure for view `view_user_status_count`
--

/*!50001 DROP VIEW IF EXISTS `view_user_status_count`*/;
/*!50001 SET @saved_cs_client          = @@character_set_client */;
/*!50001 SET @saved_cs_results         = @@character_set_results */;
/*!50001 SET @saved_col_connection     = @@collation_connection */;
/*!50001 SET character_set_client      = utf8mb4 */;
/*!50001 SET character_set_results     = utf8mb4 */;
/*!50001 SET collation_connection      = utf8mb4_unicode_ci */;
/*!50001 CREATE ALGORITHM=UNDEFINED */
/*!50013 DEFINER=`root`@`localhost` SQL SECURITY DEFINER */
/*!50001 VIEW `view_user_status_count` AS select `users`.`status` AS `status`,count(0) AS `count` from `users` group by `users`.`status` */;
/*!50001 SET character_set_client      = @saved_cs_client */;
/*!50001 SET character_set_results     = @saved_cs_results */;
/*!50001 SET collation_connection      = @saved_col_connection */;
/*!40103 SET TIME_ZONE=@OLD_TIME_ZONE */;

/*!40101 SET SQL_MODE=@OLD_SQL_MODE */;
/*!40014 SET FOREIGN_KEY_CHECKS=@OLD_FOREIGN_KEY_CHECKS */;
/*!40014 SET UNIQUE_CHECKS=@OLD_UNIQUE_CHECKS */;
/*!40101 SET CHARACTER_SET_CLIENT=@OLD_CHARACTER_SET_CLIENT */;
/*!40101 SET CHARACTER_SET_RESULTS=@OLD_CHARACTER_SET_RESULTS */;
/*!40101 SET COLLATION_CONNECTION=@OLD_COLLATION_CONNECTION */;
/*!40111 SET SQL_NOTES=@OLD_SQL_NOTES */;

-- Dump completed on 2025-08-16 14:24:30
