-- MySQL dump 10.13  Distrib 8.0.30, for Win64 (x86_64)
--
-- Host: localhost    Database: winstar
-- ------------------------------------------------------
-- Server version	8.0.30

/*!40101 SET @OLD_CHARACTER_SET_CLIENT=@@CHARACTER_SET_CLIENT */;
/*!40101 SET @OLD_CHARACTER_SET_RESULTS=@@CHARACTER_SET_RESULTS */;
/*!40101 SET @OLD_COLLATION_CONNECTION=@@COLLATION_CONNECTION */;
/*!50503 SET NAMES utf8mb4 */;
/*!40103 SET @OLD_TIME_ZONE=@@TIME_ZONE */;
/*!40103 SET TIME_ZONE='+00:00' */;
/*!40014 SET @OLD_UNIQUE_CHECKS=@@UNIQUE_CHECKS, UNIQUE_CHECKS=0 */;
/*!40014 SET @OLD_FOREIGN_KEY_CHECKS=@@FOREIGN_KEY_CHECKS, FOREIGN_KEY_CHECKS=0 */;
/*!40101 SET @OLD_SQL_MODE=@@SQL_MODE, SQL_MODE='NO_AUTO_VALUE_ON_ZERO' */;
/*!40111 SET @OLD_SQL_NOTES=@@SQL_NOTES, SQL_NOTES=0 */;

--
-- Table structure for table `about_page`
--

DROP TABLE IF EXISTS `about_page`;
/*!40101 SET @saved_cs_client     = @@character_set_client */;
/*!50503 SET character_set_client = utf8mb4 */;
CREATE TABLE `about_page` (
  `id` bigint unsigned NOT NULL AUTO_INCREMENT,
  `title` varchar(255) COLLATE utf8mb4_unicode_ci NOT NULL,
  `content` text COLLATE utf8mb4_unicode_ci,
  `created_at` timestamp NULL DEFAULT NULL,
  `updated_at` timestamp NULL DEFAULT NULL,
  PRIMARY KEY (`id`)
) ENGINE=InnoDB AUTO_INCREMENT=2 DEFAULT CHARSET=utf8mb4 COLLATE=utf8mb4_unicode_ci;
/*!40101 SET character_set_client = @saved_cs_client */;

--
-- Dumping data for table `about_page`
--

LOCK TABLES `about_page` WRITE;
/*!40000 ALTER TABLE `about_page` DISABLE KEYS */;
INSERT INTO `about_page` VALUES (1,'Winstar - Cửa hàng sản phẩm chất lượng cao','\r\n<h2>Giới thiệu về Winstar</h2>\r\n<p>Winstar là cửa hàng chuyên cung cấp các sản phẩm điện tử chất lượng cao, đặc biệt là smartphone và các thiết bị di động. Với nhiều năm kinh nghiệm trong lĩnh vực bán lẻ công nghệ, chúng tôi tự hào là địa chỉ tin cậy của hàng nghìn khách hàng trên toàn quốc.</p>\r\n\r\n<h2>Sứ mệnh của chúng tôi</h2>\r\n<p>Chúng tôi cam kết mang đến những sản phẩm tốt nhất cho khách hàng với dịch vụ chăm sóc khách hàng tận tâm. Mục tiêu của Winstar là trở thành người bạn đồng hành đáng tin cậy trong hành trình khám phá công nghệ của bạn.</p>\r\n\r\n<h2>Giá trị cốt lõi</h2>\r\n<ul>\r\n<li><strong>Chất lượng:</strong> Chúng tôi chỉ cung cấp những sản phẩm chính hãng, chất lượng cao từ các thương hiệu uy tín</li>\r\n<li><strong>Uy tín:</strong> Xây dựng niềm tin với khách hàng thông qua dịch vụ chuyên nghiệp và minh bạch</li>\r\n<li><strong>Đổi mới:</strong> Luôn cập nhật những công nghệ mới nhất và xu hướng thị trường</li>\r\n<li><strong>Tận tâm:</strong> Đặt lợi ích của khách hàng lên hàng đầu trong mọi quyết định</li>\r\n</ul>\r\n\r\n<h2>Sản phẩm và dịch vụ</h2>\r\n<p>Winstar chuyên cung cấp đa dạng các sản phẩm công nghệ cao cấp:</p>\r\n\r\n<h3>Smartphone chính hãng</h3>\r\n<ul>\r\n<li><strong>Apple iPhone:</strong> iPhone 15, iPhone 15 Pro, iPhone 15 Pro Max và các phiên bản khác</li>\r\n<li><strong>Samsung:</strong> Galaxy S24, Galaxy S24+, Galaxy S24 Ultra, Galaxy A series</li>\r\n<li><strong>Xiaomi:</strong> Xiaomi 14, Xiaomi 14 Ultra, Redmi series</li>\r\n<li><strong>OPPO:</strong> Find X7, Reno series, A series</li>\r\n<li><strong>Vivo:</strong> X100, V29, Y series</li>\r\n</ul>\r\n\r\n<h3>Dịch vụ khách hàng</h3>\r\n<ul>\r\n<li>Tư vấn chọn sản phẩm phù hợp với nhu cầu</li>\r\n<li>Bảo hành chính hãng toàn quốc</li>\r\n<li>Đổi trả và hoàn tiền theo chính sách</li>\r\n<li>Hỗ trợ kỹ thuật 24/7</li>\r\n<li>Giao hàng miễn phí trong nội thành</li>\r\n</ul>\r\n\r\n<h2>Đội ngũ nhân viên</h2>\r\n<p>Winstar sở hữu đội ngũ nhân viên trẻ, năng động và có chuyên môn cao trong lĩnh vực công nghệ. Chúng tôi không chỉ là những người bán hàng mà còn là những chuyên gia tư vấn, sẵn sàng hỗ trợ bạn trong việc lựa chọn sản phẩm phù hợp nhất.</p>\r\n\r\n<h2>Chính sách kinh doanh</h2>\r\n<h3>Cam kết chất lượng</h3>\r\n<p>Tất cả sản phẩm tại Winstar đều là hàng chính hãng, có đầy đủ giấy tờ bảo hành và xuất xứ rõ ràng. Chúng tôi cam kết không bán hàng giả, hàng nhái, hàng kém chất lượng.</p>\r\n\r\n<h3>Chính sách bảo hành</h3>\r\n<p>Winstar cung cấp chính sách bảo hành chính hãng toàn quốc cho tất cả sản phẩm. Thời gian bảo hành từ 12-24 tháng tùy theo từng sản phẩm và thương hiệu.</p>\r\n\r\n<h3>Chính sách đổi trả</h3>\r\n<p>Khách hàng có thể đổi trả sản phẩm trong vòng 7-30 ngày kể từ ngày mua hàng nếu sản phẩm có lỗi kỹ thuật hoặc không đúng như mô tả.</p>\r\n\r\n<h2>Thông tin liên hệ</h2>\r\n<div style=\"background: #f8f9fa; padding: 20px; border-radius: 10px; margin: 20px 0;\">\r\n<h3>Địa chỉ cửa hàng</h3>\r\n<p><strong>Cổng Ong, Tòa nhà FPT Polytechnic</strong><br>\r\n13 Trịnh Văn Bô, Phường Xuân Phương, TP Hà Nội</p>\r\n\r\n<h3>Thông tin liên hệ</h3>\r\n<ul>\r\n<li><strong>Điện thoại:</strong> <a href=\"tel:0567899999\">0567899999</a></li>\r\n<li><strong>Email:</strong> <a href=\"mailto:winstar@gmail.com\">winstar@gmail.com</a></li>\r\n</ul>\r\n\r\n<h3>Giờ làm việc</h3>\r\n<p>Thứ 2 - Thứ 7: 8:00 - 21:00<br>\r\nChủ nhật: 9:00 - 18:00</p>\r\n</div>\r\n\r\n<h2>Lý do chọn Winstar</h2>\r\n<div style=\"display: grid; grid-template-columns: repeat(auto-fit, minmax(250px, 1fr)); gap: 20px; margin: 20px 0;\">\r\n<div style=\"background: white; padding: 20px; border-radius: 10px; box-shadow: 0 2px 10px rgba(0,0,0,0.1);\">\r\n<h4 style=\"color: #667eea; margin-bottom: 10px;\">🎯 Sản phẩm chính hãng</h4>\r\n<p>100% sản phẩm chính hãng với đầy đủ giấy tờ bảo hành</p>\r\n</div>\r\n\r\n<div style=\"background: white; padding: 20px; border-radius: 10px; box-shadow: 0 2px 10px rgba(0,0,0,0.1);\">\r\n<h4 style=\"color: #667eea; margin-bottom: 10px;\">💰 Giá cả cạnh tranh</h4>\r\n<p>Cam kết giá tốt nhất thị trường với nhiều ưu đãi hấp dẫn</p>\r\n</div>\r\n\r\n<div style=\"background: white; padding: 20px; border-radius: 10px; box-shadow: 0 2px 10px rgba(0,0,0,0.1);\">\r\n<h4 style=\"color: #667eea; margin-bottom: 10px;\">🚚 Giao hàng nhanh chóng</h4>\r\n<p>Giao hàng miễn phí trong nội thành, giao hàng toàn quốc</p>\r\n</div>\r\n\r\n<div style=\"background: white; padding: 20px; border-radius: 10px; box-shadow: 0 2px 10px rgba(0,0,0,0.1);\">\r\n<h4 style=\"color: #667eea; margin-bottom: 10px;\">🔧 Bảo hành uy tín</h4>\r\n<p>Bảo hành chính hãng toàn quốc với dịch vụ sửa chữa chuyên nghiệp</p>\r\n</div>\r\n</div>\r\n\r\n<h2>Khách hàng nói gì về chúng tôi</h2>\r\n<p>Winstar đã nhận được sự tin tưởng và ủng hộ của hàng nghìn khách hàng trên toàn quốc. Chúng tôi tự hào khi được khách hàng đánh giá cao về chất lượng sản phẩm và dịch vụ chăm sóc khách hàng.</p>\r\n\r\n<h2>Tương lai phát triển</h2>\r\n<p>Với định hướng phát triển bền vững, Winstar sẽ tiếp tục mở rộng hệ thống cửa hàng, cập nhật công nghệ mới và nâng cao chất lượng dịch vụ để đáp ứng nhu cầu ngày càng cao của khách hàng.</p>\r\n\r\n<p>Chúng tôi mong muốn được đồng hành cùng bạn trong hành trình khám phá và trải nghiệm những sản phẩm công nghệ tiên tiến nhất!</p>','2025-08-24 08:33:35','2025-08-24 08:33:35');
/*!40000 ALTER TABLE `about_page` ENABLE KEYS */;
UNLOCK TABLES;

--
-- Table structure for table `attendance`
--

DROP TABLE IF EXISTS `attendance`;
/*!40101 SET @saved_cs_client     = @@character_set_client */;
/*!50503 SET character_set_client = utf8mb4 */;
CREATE TABLE `attendance` (
  `id` bigint unsigned NOT NULL AUTO_INCREMENT,
  `user_id` bigint unsigned NOT NULL,
  `date` date NOT NULL COMMENT 'Ngày điểm danh',
  `check_in_time` time DEFAULT NULL COMMENT 'Thời gian điểm danh vào',
  `check_out_time` time DEFAULT NULL COMMENT 'Thời gian điểm danh ra',
  `points_earned` int NOT NULL DEFAULT '0' COMMENT 'Điểm tích được từ điểm danh',
  `status` varchar(255) COLLATE utf8mb4_unicode_ci NOT NULL DEFAULT 'present' COMMENT 'Trạng thái: present, absent, late',
  `notes` text COLLATE utf8mb4_unicode_ci COMMENT 'Ghi chú',
  `created_at` timestamp NULL DEFAULT NULL,
  `updated_at` timestamp NULL DEFAULT NULL,
  `points_claimed` tinyint(1) NOT NULL DEFAULT '0' COMMENT 'Đã tích điểm chưa',
  PRIMARY KEY (`id`),
  UNIQUE KEY `attendance_user_id_date_unique` (`user_id`,`date`),
  KEY `attendance_user_id_date_index` (`user_id`,`date`),
  KEY `attendance_date_index` (`date`),
  KEY `attendance_status_index` (`status`),
  CONSTRAINT `attendance_user_id_foreign` FOREIGN KEY (`user_id`) REFERENCES `users` (`id`) ON DELETE CASCADE
) ENGINE=InnoDB AUTO_INCREMENT=120 DEFAULT CHARSET=utf8mb4 COLLATE=utf8mb4_unicode_ci;
/*!40101 SET character_set_client = @saved_cs_client */;

--
-- Dumping data for table `attendance`
--

LOCK TABLES `attendance` WRITE;
/*!40000 ALTER TABLE `attendance` DISABLE KEYS */;
INSERT INTO `attendance` VALUES (1,1,'2025-07-25','07:47:00','19:08:00',125,'present','Dữ liệu mẫu','2025-08-24 08:05:55','2025-08-24 08:05:55',0),(2,1,'2025-07-29','07:56:00','19:33:00',125,'present','Dữ liệu mẫu','2025-08-24 08:05:55','2025-08-24 08:05:55',0),(3,1,'2025-07-30','07:08:00','18:06:00',115,'present','Dữ liệu mẫu','2025-08-24 08:05:55','2025-08-24 08:05:55',0),(4,1,'2025-07-31','07:34:00','18:45:00',125,'present','Dữ liệu mẫu','2025-08-24 08:05:55','2025-08-24 08:05:55',0),(5,1,'2025-08-01','08:18:00','17:06:00',95,'present','Dữ liệu mẫu','2025-08-24 08:05:55','2025-08-24 08:05:55',0),(6,1,'2025-08-04','07:32:00','19:36:00',135,'present','Dữ liệu mẫu','2025-08-24 08:05:55','2025-08-24 08:05:55',0),(7,1,'2025-08-05','08:58:00','17:36:00',95,'present','Dữ liệu mẫu','2025-08-24 08:05:55','2025-08-24 08:05:55',0),(8,1,'2025-08-06','08:36:00','19:59:00',125,'present','Dữ liệu mẫu','2025-08-24 08:05:55','2025-08-24 08:05:55',0),(9,1,'2025-08-08','08:19:00','17:48:00',105,'present','Dữ liệu mẫu','2025-08-24 08:05:55','2025-08-24 08:05:55',0),(10,1,'2025-08-11','09:47:00','19:01:00',100,'present','Dữ liệu mẫu','2025-08-24 08:05:55','2025-08-24 08:05:55',0),(11,1,'2025-08-12','08:08:00','17:54:00',105,'present','Dữ liệu mẫu','2025-08-24 08:05:55','2025-08-24 08:05:55',0),(12,1,'2025-08-14','07:10:00','19:09:00',125,'present','Dữ liệu mẫu','2025-08-24 08:05:55','2025-08-24 08:05:55',0),(13,1,'2025-08-15','07:18:00','19:52:00',135,'present','Dữ liệu mẫu','2025-08-24 08:05:55','2025-08-24 08:05:55',0),(14,1,'2025-08-18','07:09:00','18:09:00',125,'present','Dữ liệu mẫu','2025-08-24 08:05:55','2025-08-24 08:05:55',0),(15,1,'2025-08-20','08:09:00','19:09:00',125,'present','Dữ liệu mẫu','2025-08-24 08:05:55','2025-08-24 08:05:55',0),(16,1,'2025-08-21','09:12:00','17:50:00',90,'present','Dữ liệu mẫu','2025-08-24 08:05:55','2025-08-24 08:05:55',0),(17,1,'2025-08-22','07:14:00','18:06:00',115,'present','Dữ liệu mẫu','2025-08-24 08:05:55','2025-08-24 08:05:55',0),(18,2,'2025-07-25','09:23:00','17:36:00',90,'present','Dữ liệu mẫu','2025-08-24 08:05:55','2025-08-24 08:05:55',0),(19,2,'2025-07-28','08:29:00','18:43:00',115,'present','Dữ liệu mẫu','2025-08-24 08:05:55','2025-08-24 08:05:55',0),(20,2,'2025-07-31','09:23:00','17:23:00',90,'present','Dữ liệu mẫu','2025-08-24 08:05:55','2025-08-24 08:05:55',0),(21,2,'2025-08-01','07:23:00','18:16:00',115,'present','Dữ liệu mẫu','2025-08-24 08:05:55','2025-08-24 08:05:55',0),(22,2,'2025-08-04','09:23:00','18:48:00',100,'present','Dữ liệu mẫu','2025-08-24 08:05:55','2025-08-24 08:05:55',0),(23,2,'2025-08-05','08:26:00','19:30:00',125,'present','Dữ liệu mẫu','2025-08-24 08:05:55','2025-08-24 08:05:55',0),(24,2,'2025-08-06','08:36:00','18:00:00',105,'present','Dữ liệu mẫu','2025-08-24 08:05:55','2025-08-24 08:05:55',0),(25,2,'2025-08-11','09:18:00','17:40:00',90,'present','Dữ liệu mẫu','2025-08-24 08:05:55','2025-08-24 08:05:55',0),(26,2,'2025-08-12','09:36:00','19:30:00',100,'present','Dữ liệu mẫu','2025-08-24 08:05:55','2025-08-24 08:05:55',0),(27,2,'2025-08-13','08:03:00','19:14:00',125,'present','Dữ liệu mẫu','2025-08-24 08:05:55','2025-08-24 08:05:55',0),(28,2,'2025-08-14','07:04:00','17:41:00',115,'present','Dữ liệu mẫu','2025-08-24 08:05:55','2025-08-24 08:05:55',0),(29,2,'2025-08-18','09:49:00','19:42:00',100,'present','Dữ liệu mẫu','2025-08-24 08:05:55','2025-08-24 08:05:55',0),(30,2,'2025-08-19','08:09:00','18:16:00',115,'present','Dữ liệu mẫu','2025-08-24 08:05:55','2025-08-24 08:05:55',0),(31,2,'2025-08-21','07:01:00','17:03:00',115,'present','Dữ liệu mẫu','2025-08-24 08:05:55','2025-08-24 08:05:55',0),(32,3,'2025-07-25','07:05:00','17:45:00',115,'present','Dữ liệu mẫu','2025-08-24 08:05:55','2025-08-24 08:05:55',0),(33,3,'2025-07-29','09:10:00','19:34:00',110,'present','Dữ liệu mẫu','2025-08-24 08:05:55','2025-08-24 08:05:55',0),(34,3,'2025-07-30','07:31:00','17:35:00',115,'present','Dữ liệu mẫu','2025-08-24 08:05:55','2025-08-24 08:05:55',0),(35,3,'2025-07-31','09:15:00','17:46:00',90,'present','Dữ liệu mẫu','2025-08-24 08:05:55','2025-08-24 08:05:55',0),(36,3,'2025-08-01','08:34:00','18:14:00',105,'present','Dữ liệu mẫu','2025-08-24 08:05:55','2025-08-24 08:05:55',0),(37,3,'2025-08-04','07:35:00','18:50:00',125,'present','Dữ liệu mẫu','2025-08-24 08:05:55','2025-08-24 08:05:55',0),(38,3,'2025-08-05','07:45:00','18:03:00',115,'present','Dữ liệu mẫu','2025-08-24 08:05:55','2025-08-24 08:05:55',0),(39,3,'2025-08-06','08:39:00','19:58:00',125,'present','Dữ liệu mẫu','2025-08-24 08:05:55','2025-08-24 08:05:55',0),(40,3,'2025-08-07','08:15:00','18:48:00',115,'present','Dữ liệu mẫu','2025-08-24 08:05:55','2025-08-24 08:05:55',0),(41,3,'2025-08-08','08:07:00','18:29:00',115,'present','Dữ liệu mẫu','2025-08-24 08:05:55','2025-08-24 08:05:55',0),(42,3,'2025-08-11','07:43:00','17:30:00',105,'present','Dữ liệu mẫu','2025-08-24 08:05:55','2025-08-24 08:05:55',0),(43,3,'2025-08-12','09:04:00','18:29:00',100,'present','Dữ liệu mẫu','2025-08-24 08:05:55','2025-08-24 08:05:55',0),(44,3,'2025-08-14','07:05:00','18:29:00',125,'present','Dữ liệu mẫu','2025-08-24 08:05:55','2025-08-24 08:05:55',0),(45,3,'2025-08-15','07:12:00','18:49:00',125,'present','Dữ liệu mẫu','2025-08-24 08:05:55','2025-08-24 08:05:55',0),(46,3,'2025-08-19','07:48:00','18:43:00',115,'present','Dữ liệu mẫu','2025-08-24 08:05:55','2025-08-24 08:05:55',0),(47,3,'2025-08-20','08:14:00','19:58:00',125,'present','Dữ liệu mẫu','2025-08-24 08:05:55','2025-08-24 08:05:55',0),(48,3,'2025-08-21','08:36:00','19:13:00',115,'present','Dữ liệu mẫu','2025-08-24 08:05:55','2025-08-24 08:05:55',0),(49,4,'2025-07-25','09:19:00','18:51:00',100,'present','Dữ liệu mẫu','2025-08-24 08:05:55','2025-08-24 08:05:55',0),(50,4,'2025-07-28','07:24:00','18:58:00',125,'present','Dữ liệu mẫu','2025-08-24 08:05:55','2025-08-24 08:05:55',0),(51,4,'2025-07-29','07:32:00','17:07:00',105,'present','Dữ liệu mẫu','2025-08-24 08:05:55','2025-08-24 08:05:55',0),(52,4,'2025-07-30','08:37:00','19:07:00',115,'present','Dữ liệu mẫu','2025-08-24 08:05:55','2025-08-24 08:05:55',0),(53,4,'2025-07-31','09:57:00','19:33:00',100,'present','Dữ liệu mẫu','2025-08-24 08:05:55','2025-08-24 08:05:55',0),(54,4,'2025-08-01','08:17:00','19:48:00',125,'present','Dữ liệu mẫu','2025-08-24 08:05:55','2025-08-24 08:05:55',0),(55,4,'2025-08-05','08:11:00','17:13:00',105,'present','Dữ liệu mẫu','2025-08-24 08:05:55','2025-08-24 08:05:55',0),(56,4,'2025-08-06','08:19:00','19:42:00',125,'present','Dữ liệu mẫu','2025-08-24 08:05:55','2025-08-24 08:05:55',0),(57,4,'2025-08-07','08:24:00','17:04:00',95,'present','Dữ liệu mẫu','2025-08-24 08:05:55','2025-08-24 08:05:55',0),(58,4,'2025-08-12','07:51:00','17:41:00',105,'present','Dữ liệu mẫu','2025-08-24 08:05:55','2025-08-24 08:05:55',0),(59,4,'2025-08-13','09:45:00','18:20:00',90,'present','Dữ liệu mẫu','2025-08-24 08:05:55','2025-08-24 08:05:55',0),(60,4,'2025-08-14','07:47:00','19:50:00',135,'present','Dữ liệu mẫu','2025-08-24 08:05:55','2025-08-24 08:05:55',0),(61,4,'2025-08-15','08:59:00','19:24:00',115,'present','Dữ liệu mẫu','2025-08-24 08:05:55','2025-08-24 08:05:55',0),(62,4,'2025-08-18','08:49:00','19:02:00',115,'present','Dữ liệu mẫu','2025-08-24 08:05:55','2025-08-24 08:05:55',0),(63,4,'2025-08-19','09:32:00','19:05:00',100,'present','Dữ liệu mẫu','2025-08-24 08:05:55','2025-08-24 08:05:55',0),(64,4,'2025-08-21','07:10:00','19:53:00',135,'present','Dữ liệu mẫu','2025-08-24 08:05:55','2025-08-24 08:05:55',0),(65,4,'2025-08-22','09:37:00','18:35:00',90,'present','Dữ liệu mẫu','2025-08-24 08:05:55','2025-08-24 08:05:55',0),(66,5,'2025-07-28','09:07:00','17:18:00',90,'present','Dữ liệu mẫu','2025-08-24 08:05:55','2025-08-24 08:05:55',0),(67,5,'2025-07-29','09:15:00','17:47:00',90,'present','Dữ liệu mẫu','2025-08-24 08:05:55','2025-08-24 08:05:55',0),(68,5,'2025-07-30','08:40:00','18:23:00',105,'present','Dữ liệu mẫu','2025-08-24 08:05:55','2025-08-24 08:05:55',0),(69,5,'2025-07-31','07:03:00','19:17:00',135,'present','Dữ liệu mẫu','2025-08-24 08:05:55','2025-08-24 08:05:55',0),(70,5,'2025-08-01','08:46:00','19:11:00',115,'present','Dữ liệu mẫu','2025-08-24 08:05:55','2025-08-24 08:05:55',0),(71,5,'2025-08-04','08:23:00','18:54:00',115,'present','Dữ liệu mẫu','2025-08-24 08:05:55','2025-08-24 08:05:55',0),(72,5,'2025-08-06','07:36:00','18:38:00',125,'present','Dữ liệu mẫu','2025-08-24 08:05:55','2025-08-24 08:05:55',0),(73,5,'2025-08-07','09:23:00','19:21:00',100,'present','Dữ liệu mẫu','2025-08-24 08:05:55','2025-08-24 08:05:55',0),(74,5,'2025-08-08','08:36:00','17:50:00',105,'present','Dữ liệu mẫu','2025-08-24 08:05:55','2025-08-24 08:05:55',0),(75,5,'2025-08-11','08:56:00','18:17:00',105,'present','Dữ liệu mẫu','2025-08-24 08:05:55','2025-08-24 08:05:55',0),(76,5,'2025-08-12','08:34:00','19:09:00',115,'present','Dữ liệu mẫu','2025-08-24 08:05:55','2025-08-24 08:05:55',0),(77,5,'2025-08-13','08:15:00','17:55:00',105,'present','Dữ liệu mẫu','2025-08-24 08:05:55','2025-08-24 08:05:55',0),(78,5,'2025-08-14','08:47:00','19:21:00',115,'present','Dữ liệu mẫu','2025-08-24 08:05:55','2025-08-24 08:05:55',0),(79,5,'2025-08-15','08:04:00','17:32:00',105,'present','Dữ liệu mẫu','2025-08-24 08:05:55','2025-08-24 08:05:55',0),(80,5,'2025-08-19','07:40:00','17:33:00',105,'present','Dữ liệu mẫu','2025-08-24 08:05:55','2025-08-24 08:05:55',0),(81,5,'2025-08-20','07:02:00','19:25:00',135,'present','Dữ liệu mẫu','2025-08-24 08:05:55','2025-08-24 08:05:55',0),(82,5,'2025-08-22','07:43:00','17:52:00',115,'present','Dữ liệu mẫu','2025-08-24 08:05:55','2025-08-24 08:05:55',0),(83,6,'2025-07-25','07:02:00','18:22:00',125,'present','Dữ liệu mẫu','2025-08-24 08:05:55','2025-08-24 08:05:55',0),(84,6,'2025-07-28','07:28:00','17:03:00',105,'present','Dữ liệu mẫu','2025-08-24 08:05:55','2025-08-24 08:05:55',0),(85,6,'2025-07-29','09:32:00','18:51:00',100,'present','Dữ liệu mẫu','2025-08-24 08:05:55','2025-08-24 08:05:55',0),(86,6,'2025-07-31','07:50:00','17:02:00',105,'present','Dữ liệu mẫu','2025-08-24 08:05:55','2025-08-24 08:05:55',0),(87,6,'2025-08-01','09:05:00','18:57:00',100,'present','Dữ liệu mẫu','2025-08-24 08:05:55','2025-08-24 08:05:55',0),(88,6,'2025-08-06','09:47:00','19:01:00',100,'present','Dữ liệu mẫu','2025-08-24 08:05:55','2025-08-24 08:05:55',0),(89,6,'2025-08-07','08:29:00','19:16:00',115,'present','Dữ liệu mẫu','2025-08-24 08:05:55','2025-08-24 08:05:55',0),(90,6,'2025-08-08','07:52:00','18:36:00',115,'present','Dữ liệu mẫu','2025-08-24 08:05:55','2025-08-24 08:05:55',0),(91,6,'2025-08-11','09:40:00','18:51:00',100,'present','Dữ liệu mẫu','2025-08-24 08:05:55','2025-08-24 08:05:55',0),(92,6,'2025-08-12','09:56:00','18:28:00',90,'present','Dữ liệu mẫu','2025-08-24 08:05:55','2025-08-24 08:05:55',0),(93,6,'2025-08-13','09:27:00','18:14:00',90,'present','Dữ liệu mẫu','2025-08-24 08:05:55','2025-08-24 08:05:55',0),(94,6,'2025-08-14','08:05:00','19:46:00',125,'present','Dữ liệu mẫu','2025-08-24 08:05:55','2025-08-24 08:05:55',0),(95,6,'2025-08-15','07:25:00','19:24:00',125,'present','Dữ liệu mẫu','2025-08-24 08:05:55','2025-08-24 08:05:55',0),(96,6,'2025-08-18','09:18:00','19:07:00',100,'present','Dữ liệu mẫu','2025-08-24 08:05:55','2025-08-24 08:05:55',0),(97,6,'2025-08-19','09:29:00','17:27:00',75,'present','Dữ liệu mẫu','2025-08-24 08:05:55','2025-08-24 08:05:55',0),(98,6,'2025-08-20','07:14:00','19:25:00',135,'present','Dữ liệu mẫu','2025-08-24 08:05:55','2025-08-24 08:05:55',0),(99,6,'2025-08-21','07:28:00','17:13:00',105,'present','Dữ liệu mẫu','2025-08-24 08:05:55','2025-08-24 08:05:55',0),(100,6,'2025-08-22','08:22:00','18:38:00',115,'present','Dữ liệu mẫu','2025-08-24 08:05:55','2025-08-24 08:05:55',0),(101,7,'2025-07-25','07:13:00','19:10:00',125,'present','Dữ liệu mẫu','2025-08-24 08:05:55','2025-08-24 08:05:55',0),(102,7,'2025-07-28','07:09:00','18:54:00',125,'present','Dữ liệu mẫu','2025-08-24 08:05:55','2025-08-24 08:05:55',0),(103,7,'2025-07-29','07:33:00','17:08:00',105,'present','Dữ liệu mẫu','2025-08-24 08:05:55','2025-08-24 08:05:55',0),(104,7,'2025-07-30','09:33:00','19:15:00',100,'present','Dữ liệu mẫu','2025-08-24 08:05:55','2025-08-24 08:05:55',0),(105,7,'2025-07-31','09:12:00','18:08:00',90,'present','Dữ liệu mẫu','2025-08-24 08:05:55','2025-08-24 08:05:55',0),(106,7,'2025-08-01','07:42:00','19:51:00',135,'present','Dữ liệu mẫu','2025-08-24 08:05:55','2025-08-24 08:05:55',0),(107,7,'2025-08-05','09:55:00','18:01:00',90,'present','Dữ liệu mẫu','2025-08-24 08:05:55','2025-08-24 08:05:55',0),(108,7,'2025-08-06','09:48:00','17:44:00',75,'present','Dữ liệu mẫu','2025-08-24 08:05:55','2025-08-24 08:05:55',0),(109,7,'2025-08-08','07:31:00','17:18:00',105,'present','Dữ liệu mẫu','2025-08-24 08:05:55','2025-08-24 08:05:55',0),(110,7,'2025-08-11','07:19:00','17:54:00',115,'present','Dữ liệu mẫu','2025-08-24 08:05:55','2025-08-24 08:05:55',0),(111,7,'2025-08-12','08:31:00','17:01:00',95,'present','Dữ liệu mẫu','2025-08-24 08:05:55','2025-08-24 08:05:55',0),(112,7,'2025-08-13','09:53:00','18:00:00',90,'present','Dữ liệu mẫu','2025-08-24 08:05:55','2025-08-24 08:05:55',0),(113,7,'2025-08-15','07:57:00','17:55:00',105,'present','Dữ liệu mẫu','2025-08-24 08:05:55','2025-08-24 08:05:55',0),(114,7,'2025-08-18','07:22:00','17:25:00',115,'present','Dữ liệu mẫu','2025-08-24 08:05:55','2025-08-24 08:05:55',0),(115,7,'2025-08-20','09:50:00','18:41:00',90,'present','Dữ liệu mẫu','2025-08-24 08:05:55','2025-08-24 08:05:55',0),(116,7,'2025-08-21','08:55:00','19:02:00',115,'present','Dữ liệu mẫu','2025-08-24 08:05:55','2025-08-24 08:05:55',0),(117,7,'2025-08-22','07:32:00','18:51:00',125,'present','Dữ liệu mẫu','2025-08-24 08:05:55','2025-08-24 08:05:55',0),(118,8,'2025-08-24','18:44:26','18:44:26',100,'present',NULL,'2025-08-24 11:44:26','2025-08-24 11:44:26',1),(119,10,'2025-08-25','12:28:47','12:28:47',100,'present',NULL,'2025-08-25 05:28:47','2025-08-25 05:28:47',1);
/*!40000 ALTER TABLE `attendance` ENABLE KEYS */;
UNLOCK TABLES;

--
-- Table structure for table `authors`
--

DROP TABLE IF EXISTS `authors`;
/*!40101 SET @saved_cs_client     = @@character_set_client */;
/*!50503 SET character_set_client = utf8mb4 */;
CREATE TABLE `authors` (
  `id` bigint unsigned NOT NULL AUTO_INCREMENT,
  `name` varchar(255) COLLATE utf8mb4_unicode_ci NOT NULL,
  `email` varchar(255) COLLATE utf8mb4_unicode_ci NOT NULL,
  `bio` text COLLATE utf8mb4_unicode_ci,
  `avatar` varchar(255) COLLATE utf8mb4_unicode_ci DEFAULT NULL,
  `website` varchar(255) COLLATE utf8mb4_unicode_ci DEFAULT NULL,
  `created_at` timestamp NULL DEFAULT NULL,
  `updated_at` timestamp NULL DEFAULT NULL,
  PRIMARY KEY (`id`),
  UNIQUE KEY `authors_email_unique` (`email`)
) ENGINE=InnoDB AUTO_INCREMENT=7 DEFAULT CHARSET=utf8mb4 COLLATE=utf8mb4_unicode_ci;
/*!40101 SET character_set_client = @saved_cs_client */;

--
-- Dumping data for table `authors`
--

LOCK TABLES `authors` WRITE;
/*!40000 ALTER TABLE `authors` DISABLE KEYS */;
INSERT INTO `authors` VALUES (1,'Phạm Thị Hương','zoe.zboncak@example.com','Chuyên gia về trải nghiệm người dùng và thiết kế giao diện.','https://via.placeholder.com/200x200.png/0055bb?text=people+qui','https://strosin.com/minima-dolores-et-labore-quis-et-aut-possimus-nihil.html','2025-08-24 08:05:51','2025-08-24 08:05:51'),(2,'Lê Hoàng Nam','zemlak.michel@example.net','Chuyên gia về camera và công nghệ chụp ảnh trên điện thoại.','https://via.placeholder.com/200x200.png/00ff88?text=people+atque','https://www.kris.com/dolorum-incidunt-harum-dolore-molestiae-soluta-nam-architecto','2025-08-24 08:05:51','2025-08-24 08:05:51'),(3,'Hoàng Văn Tuấn','muller.zander@example.net','Chuyên gia về camera và công nghệ chụp ảnh trên điện thoại.','https://via.placeholder.com/200x200.png/006699?text=people+veritatis','http://www.feil.com/','2025-08-24 08:05:51','2025-08-24 08:05:51'),(4,'Lý Thị Nga','caden.braun@example.org','Chuyên gia đánh giá sản phẩm công nghệ với góc nhìn khách quan.','https://via.placeholder.com/200x200.png/0044bb?text=people+maiores','http://littel.com/voluptas-autem-quos-qui-dolores-placeat-unde-laborum-aliquam.html','2025-08-24 08:05:51','2025-08-24 08:05:51'),(5,'Đặng Văn Hùng','terry.boehm@example.com','Chuyên gia công nghệ với hơn 10 năm kinh nghiệm trong lĩnh vực điện thoại di động.','https://via.placeholder.com/200x200.png/005511?text=people+aut',NULL,'2025-08-24 08:05:51','2025-08-24 08:05:51'),(6,'Admin Winstar','admin@winstar.com','Chuyên gia công nghệ và đánh giá sản phẩm điện tử',NULL,'https://winstar.com','2025-08-24 08:29:16','2025-08-24 08:29:16');
/*!40000 ALTER TABLE `authors` ENABLE KEYS */;
UNLOCK TABLES;

--
-- Table structure for table `banners`
--

DROP TABLE IF EXISTS `banners`;
/*!40101 SET @saved_cs_client     = @@character_set_client */;
/*!50503 SET character_set_client = utf8mb4 */;
CREATE TABLE `banners` (
  `id` bigint unsigned NOT NULL AUTO_INCREMENT,
  `image_url` varchar(255) COLLATE utf8mb4_unicode_ci NOT NULL,
  `link` varchar(255) COLLATE utf8mb4_unicode_ci NOT NULL,
  `title` varchar(255) COLLATE utf8mb4_unicode_ci NOT NULL,
  `start_date` datetime NOT NULL,
  `end_date` datetime NOT NULL,
  `status` enum('1','0') COLLATE utf8mb4_unicode_ci NOT NULL DEFAULT '1',
  `created_at` timestamp NULL DEFAULT NULL,
  `updated_at` timestamp NULL DEFAULT NULL,
  `deleted_at` timestamp NULL DEFAULT NULL,
  PRIMARY KEY (`id`)
) ENGINE=InnoDB AUTO_INCREMENT=12 DEFAULT CHARSET=utf8mb4 COLLATE=utf8mb4_unicode_ci;
/*!40101 SET character_set_client = @saved_cs_client */;

--
-- Dumping data for table `banners`
--

LOCK TABLES `banners` WRITE;
/*!40000 ALTER TABLE `banners` DISABLE KEYS */;
INSERT INTO `banners` VALUES (1,'banners/banner-1-iphone.jpg','#','iPhone 15 Pro Max - Đẳng cấp mới','2025-08-24 16:54:24','2026-02-24 16:54:24','1','2025-08-24 08:05:54','2025-08-24 09:54:24',NULL),(2,'banners/banner-2-samsung.jpg','#','Samsung Galaxy S24 Ultra - Sáng tạo vô tận','2025-08-24 16:54:24','2026-02-24 16:54:24','1','2025-08-24 08:05:54','2025-08-24 09:54:24',NULL),(3,'banners/banner-3-xiaomi.jpg','#','Xiaomi 14 Ultra - Hiệu năng đỉnh cao','2025-08-24 16:54:24','2026-02-24 16:54:24','1','2025-08-24 08:05:54','2025-08-24 09:54:24',NULL),(4,'banners/banner-4-oppo.jpg','#','OPPO Find X7 Ultra - Nghệ thuật nhiếp ảnh','2025-08-24 16:54:24','2026-02-24 16:54:24','1','2025-08-24 08:05:54','2025-08-24 09:54:24',NULL),(5,'banners/NLIdI0CEZn3D8TDa0W1jTlRHLNq8kRubdsTfkXoc.jpg','#','Banner Quảng cáo 1','2025-08-24 16:54:24','2026-02-24 16:54:24','1','2025-08-24 09:54:24','2025-08-24 09:54:24',NULL),(6,'banners/YK9u0jW9jSkizaDr4N0WjaPVF8ofxactliD0sCfF.webp','#','Banner Quảng cáo 2','2025-08-24 16:54:24','2026-02-24 16:54:24','1','2025-08-24 09:54:24','2025-08-24 09:54:24',NULL),(7,'banners/HsL6HaaE9O2pEnGtPVSnLo0L7PtDHtzM4ir5V6L5.jpg','#','Banner Quảng cáo 3','2025-08-24 16:54:24','2026-02-24 16:54:24','1','2025-08-24 09:54:24','2025-08-24 09:54:24',NULL),(8,'banners/o0cRAlsOh78vT3tOASnRfyxfYjOUxs16Rucp8Txg.webp','#','Banner Quảng cáo 4','2025-08-24 16:54:24','2026-02-24 16:54:24','1','2025-08-24 09:54:24','2025-08-24 09:54:24',NULL),(9,'banners/GucsvFiGlj0CfDJA9Bfv7Wxv9Y24pINeyCHNGmd1.webp','#','Banner Quảng cáo 5','2025-08-24 16:54:24','2026-02-24 16:54:24','1','2025-08-24 09:54:24','2025-08-24 09:54:24',NULL),(10,'banners/2E5wO5Urz5yh1TWSoAVYwjp4YRr8JjHmNHCpOdt9.webp','#','Banner Quảng cáo 6','2025-08-24 16:54:24','2026-02-24 16:54:24','1','2025-08-24 09:54:24','2025-08-24 09:54:24',NULL),(11,'banners/kUEBHljBObcc5io1U3FIkAXdY4UDeit26FcHWO4b.webp','#','Banner Quảng cáo 7','2025-08-24 16:54:24','2026-02-24 16:54:24','1','2025-08-24 09:54:24','2025-08-24 09:54:24',NULL);
/*!40000 ALTER TABLE `banners` ENABLE KEYS */;
UNLOCK TABLES;

--
-- Table structure for table `cart_details`
--

DROP TABLE IF EXISTS `cart_details`;
/*!40101 SET @saved_cs_client     = @@character_set_client */;
/*!50503 SET character_set_client = utf8mb4 */;
CREATE TABLE `cart_details` (
  `id` bigint unsigned NOT NULL AUTO_INCREMENT,
  `cart_id` bigint unsigned NOT NULL,
  `product_id` bigint unsigned NOT NULL,
  `variant_id` bigint unsigned DEFAULT NULL,
  `quantity` int NOT NULL,
  `price` decimal(10,2) NOT NULL,
  `created_at` timestamp NULL DEFAULT NULL,
  `updated_at` timestamp NULL DEFAULT NULL,
  PRIMARY KEY (`id`),
  KEY `cart_details_cart_id_foreign` (`cart_id`),
  KEY `cart_details_product_id_foreign` (`product_id`),
  KEY `cart_details_variant_id_foreign` (`variant_id`),
  CONSTRAINT `cart_details_cart_id_foreign` FOREIGN KEY (`cart_id`) REFERENCES `carts` (`id`) ON DELETE CASCADE,
  CONSTRAINT `cart_details_product_id_foreign` FOREIGN KEY (`product_id`) REFERENCES `products` (`id`) ON DELETE CASCADE,
  CONSTRAINT `cart_details_variant_id_foreign` FOREIGN KEY (`variant_id`) REFERENCES `product_variants` (`id`) ON DELETE CASCADE
) ENGINE=InnoDB AUTO_INCREMENT=48 DEFAULT CHARSET=utf8mb4 COLLATE=utf8mb4_unicode_ci;
/*!40101 SET character_set_client = @saved_cs_client */;

--
-- Dumping data for table `cart_details`
--

LOCK TABLES `cart_details` WRITE;
/*!40000 ALTER TABLE `cart_details` DISABLE KEYS */;
INSERT INTO `cart_details` VALUES (11,8,10,64,2,23089000.00,'2025-08-24 13:25:14','2025-08-24 13:25:38'),(12,9,10,64,1,23089000.00,'2025-08-24 13:25:43','2025-08-24 13:25:43'),(13,8,20,119,1,22990000.00,'2025-08-24 14:13:20','2025-08-24 14:13:20'),(14,8,20,120,1,22990000.00,'2025-08-24 14:13:44','2025-08-24 14:13:44'),(44,34,20,118,1,22990000.00,'2025-08-25 06:50:13','2025-08-25 06:50:13'),(46,36,21,122,8,11990000.00,'2025-08-25 06:54:45','2025-08-25 06:54:45');
/*!40000 ALTER TABLE `cart_details` ENABLE KEYS */;
UNLOCK TABLES;

--
-- Table structure for table `carts`
--

DROP TABLE IF EXISTS `carts`;
/*!40101 SET @saved_cs_client     = @@character_set_client */;
/*!50503 SET character_set_client = utf8mb4 */;
CREATE TABLE `carts` (
  `id` bigint unsigned NOT NULL AUTO_INCREMENT,
  `user_id` bigint unsigned NOT NULL,
  `is_temp` tinyint(1) NOT NULL DEFAULT '0',
  `created_at` timestamp NULL DEFAULT NULL,
  `updated_at` timestamp NULL DEFAULT NULL,
  PRIMARY KEY (`id`),
  KEY `carts_user_id_foreign` (`user_id`),
  CONSTRAINT `carts_user_id_foreign` FOREIGN KEY (`user_id`) REFERENCES `users` (`id`) ON DELETE CASCADE
) ENGINE=InnoDB AUTO_INCREMENT=38 DEFAULT CHARSET=utf8mb4 COLLATE=utf8mb4_unicode_ci;
/*!40101 SET character_set_client = @saved_cs_client */;

--
-- Dumping data for table `carts`
--

LOCK TABLES `carts` WRITE;
/*!40000 ALTER TABLE `carts` DISABLE KEYS */;
INSERT INTO `carts` VALUES (8,9,0,'2025-08-24 13:25:14','2025-08-24 13:25:14'),(9,9,0,'2025-08-24 13:25:43','2025-08-24 13:25:43'),(34,10,0,'2025-08-25 06:50:13','2025-08-25 06:50:13'),(36,10,0,'2025-08-25 06:54:45','2025-08-25 06:54:45');
/*!40000 ALTER TABLE `carts` ENABLE KEYS */;
UNLOCK TABLES;

--
-- Table structure for table `categories`
--

DROP TABLE IF EXISTS `categories`;
/*!40101 SET @saved_cs_client     = @@character_set_client */;
/*!50503 SET character_set_client = utf8mb4 */;
CREATE TABLE `categories` (
  `id` bigint unsigned NOT NULL AUTO_INCREMENT,
  `name` varchar(255) COLLATE utf8mb4_unicode_ci NOT NULL,
  `parent_id` bigint unsigned DEFAULT NULL,
  `description` varchar(255) COLLATE utf8mb4_unicode_ci DEFAULT NULL,
  `created_at` timestamp NULL DEFAULT NULL,
  `updated_at` timestamp NULL DEFAULT NULL,
  `deleted_at` timestamp NULL DEFAULT NULL,
  PRIMARY KEY (`id`),
  KEY `categories_parent_id_foreign` (`parent_id`),
  CONSTRAINT `categories_parent_id_foreign` FOREIGN KEY (`parent_id`) REFERENCES `categories` (`id`) ON DELETE SET NULL
) ENGINE=InnoDB AUTO_INCREMENT=12 DEFAULT CHARSET=utf8mb4 COLLATE=utf8mb4_unicode_ci;
/*!40101 SET character_set_client = @saved_cs_client */;

--
-- Dumping data for table `categories`
--

LOCK TABLES `categories` WRITE;
/*!40000 ALTER TABLE `categories` DISABLE KEYS */;
INSERT INTO `categories` VALUES (1,'Apple',NULL,'Các sản phẩm điện thoại Apple iPhone','2025-08-24 08:05:51','2025-08-24 08:05:51',NULL),(2,'Samsung',NULL,'Các sản phẩm điện thoại Samsung','2025-08-24 08:05:51','2025-08-24 08:05:51',NULL),(3,'Xiaomi',NULL,'Các sản phẩm điện thoại Xiaomi','2025-08-24 08:05:51','2025-08-24 08:05:51',NULL),(4,'OPPO',NULL,'Các sản phẩm điện thoại OPPO','2025-08-24 08:05:51','2025-08-24 08:05:51',NULL),(5,'Vivo',NULL,'Các sản phẩm điện thoại Vivo','2025-08-24 08:05:51','2025-08-24 08:05:51',NULL),(6,'Realme',NULL,'Các sản phẩm điện thoại Realme','2025-08-24 08:05:51','2025-08-24 08:05:51',NULL),(7,'OnePlus',NULL,'Các sản phẩm điện thoại OnePlus','2025-08-24 08:05:51','2025-08-24 08:05:51',NULL),(8,'Huawei',NULL,'Các sản phẩm điện thoại Huawei','2025-08-24 08:05:51','2025-08-24 08:05:51',NULL),(9,'Nokia',NULL,'Các sản phẩm điện thoại Nokia','2025-08-24 08:05:51','2025-08-24 08:05:51',NULL),(10,'Motorola',NULL,'Các sản phẩm điện thoại Motorola','2025-08-24 08:05:51','2025-08-24 08:05:51',NULL),(11,'ASUS',NULL,'Các sản phẩm điện thoại ASUS','2025-08-24 08:05:51','2025-08-24 08:05:51',NULL);
/*!40000 ALTER TABLE `categories` ENABLE KEYS */;
UNLOCK TABLES;

--
-- Table structure for table `chat_messages`
--

DROP TABLE IF EXISTS `chat_messages`;
/*!40101 SET @saved_cs_client     = @@character_set_client */;
/*!50503 SET character_set_client = utf8mb4 */;
CREATE TABLE `chat_messages` (
  `id` bigint unsigned NOT NULL AUTO_INCREMENT,
  `user_id` bigint unsigned NOT NULL,
  `message` text COLLATE utf8mb4_unicode_ci NOT NULL,
  `sender` enum('user','bot') COLLATE utf8mb4_unicode_ci NOT NULL,
  `is_read` tinyint(1) NOT NULL DEFAULT '0',
  `created_at` timestamp NULL DEFAULT NULL,
  `updated_at` timestamp NULL DEFAULT NULL,
  PRIMARY KEY (`id`),
  KEY `chat_messages_user_id_created_at_index` (`user_id`,`created_at`),
  KEY `chat_messages_user_id_sender_is_read_index` (`user_id`,`sender`,`is_read`),
  CONSTRAINT `chat_messages_user_id_foreign` FOREIGN KEY (`user_id`) REFERENCES `users` (`id`) ON DELETE CASCADE
) ENGINE=InnoDB DEFAULT CHARSET=utf8mb4 COLLATE=utf8mb4_unicode_ci;
/*!40101 SET character_set_client = @saved_cs_client */;

--
-- Dumping data for table `chat_messages`
--

LOCK TABLES `chat_messages` WRITE;
/*!40000 ALTER TABLE `chat_messages` DISABLE KEYS */;
/*!40000 ALTER TABLE `chat_messages` ENABLE KEYS */;
UNLOCK TABLES;

--
-- Table structure for table `colors`
--

DROP TABLE IF EXISTS `colors`;
/*!40101 SET @saved_cs_client     = @@character_set_client */;
/*!50503 SET character_set_client = utf8mb4 */;
CREATE TABLE `colors` (
  `id` bigint unsigned NOT NULL AUTO_INCREMENT,
  `name` varchar(255) COLLATE utf8mb4_unicode_ci NOT NULL,
  `hex_code` varchar(7) COLLATE utf8mb4_unicode_ci DEFAULT NULL,
  `color_code` varchar(7) COLLATE utf8mb4_unicode_ci DEFAULT NULL COMMENT 'Mã màu hex (ví dụ: #FF0000)',
  `created_at` timestamp NULL DEFAULT NULL,
  `updated_at` timestamp NULL DEFAULT NULL,
  PRIMARY KEY (`id`)
) ENGINE=InnoDB AUTO_INCREMENT=45 DEFAULT CHARSET=utf8mb4 COLLATE=utf8mb4_unicode_ci;
/*!40101 SET character_set_client = @saved_cs_client */;

--
-- Dumping data for table `colors`
--

LOCK TABLES `colors` WRITE;
/*!40000 ALTER TABLE `colors` DISABLE KEYS */;
INSERT INTO `colors` VALUES (1,'Đen','#000000','#000000','2025-08-24 08:05:51','2025-08-24 08:05:51'),(2,'Trắng','#FFFFFF','#FFFFFF','2025-08-24 08:05:51','2025-08-24 08:05:51'),(3,'Xám','#808080','#808080','2025-08-24 08:05:51','2025-08-24 08:05:51'),(4,'Bạc','#C0C0C0','#C0C0C0','2025-08-24 08:05:51','2025-08-24 08:05:51'),(5,'Vàng','#FFD700','#FFD700','2025-08-24 08:05:51','2025-08-24 08:05:51'),(6,'Hồng','#FFC0CB','#FFC0CB','2025-08-24 08:05:51','2025-08-24 08:05:51'),(7,'Đỏ','#FF0000','#FF0000','2025-08-24 08:05:51','2025-08-24 08:05:51'),(8,'Xanh dương','#0000FF','#0000FF','2025-08-24 08:05:51','2025-08-24 08:05:51'),(9,'Xanh lá','#00FF00','#00FF00','2025-08-24 08:05:51','2025-08-24 08:05:51'),(10,'Tím','#800080','#800080','2025-08-24 08:05:51','2025-08-24 08:05:51'),(11,'Xám không gian','#2C2C2C','#2C2C2C','2025-08-24 08:05:51','2025-08-24 08:05:51'),(12,'Trắng ánh sao','#F5F2EB','#F5F2EB','2025-08-24 08:05:51','2025-08-24 08:05:51'),(13,'Đen bóng đêm','#1E1E2F','#1E1E2F','2025-08-24 08:05:51','2025-08-24 08:05:51'),(14,'Xanh biển','#4B9CD3','#4B9CD3','2025-08-24 08:05:51','2025-08-24 08:05:51'),(15,'Cam san hô','#FF6F61','#FF6F61','2025-08-24 08:05:51','2025-08-24 08:05:51'),(16,'Titan tự nhiên','#D6D6D6','#D6D6D6','2025-08-24 08:05:51','2025-08-24 08:05:51'),(17,'Titan trắng','#F8F8F8','#F8F8F8','2025-08-24 08:05:51','2025-08-24 08:05:51'),(18,'Titan đen','#1A1A1A','#1A1A1A','2025-08-24 08:05:51','2025-08-24 08:05:51'),(19,'Titan xanh','#4D6A78','#4D6A78','2025-08-24 08:05:51','2025-08-24 08:05:51'),(20,'Đỏ sản phẩm','#BE0032','#BE0032','2025-08-24 08:05:51','2025-08-24 08:05:51'),(21,'Xanh navy','#000080','#000080','2025-08-24 08:05:51','2025-08-24 08:05:51'),(22,'Xanh rêu','#4B5320','#4B5320','2025-08-24 08:05:51','2025-08-24 08:05:51'),(23,'Xanh ngọc','#40E0D0','#40E0D0','2025-08-24 08:05:51','2025-08-24 08:05:51'),(24,'Xanh mint','#98FF98','#98FF98','2025-08-24 08:05:51','2025-08-24 08:05:51'),(25,'Tím lavender','#E6E6FA','#E6E6FA','2025-08-24 08:05:51','2025-08-24 08:05:51'),(26,'Hồng rose','#FFE4E1','#FFE4E1','2025-08-24 08:05:51','2025-08-24 08:05:51'),(27,'Vàng gold','#FFD700','#FFD700','2025-08-24 08:05:51','2025-08-24 08:05:51'),(28,'Đen phantom','#1A1A1A','#1A1A1A','2025-08-24 08:05:51','2025-08-24 08:05:51'),(29,'Trắng cream','#FFFDD0','#FFFDD0','2025-08-24 08:05:51','2025-08-24 08:05:51'),(30,'Xanh ocean','#006994','#006994','2025-08-24 08:05:51','2025-08-24 08:05:51'),(31,'Đen carbon','#2C2C2C','#2C2C2C','2025-08-24 08:05:51','2025-08-24 08:05:51'),(32,'Trắng pearl','#F5F5F5','#F5F5F5','2025-08-24 08:05:51','2025-08-24 08:05:51'),(33,'Xanh forest','#228B22','#228B22','2025-08-24 08:05:51','2025-08-24 08:05:51'),(34,'Tím violet','#8A2BE2','#8A2BE2','2025-08-24 08:05:51','2025-08-24 08:05:51'),(35,'Xanh sky','#87CEEB','#87CEEB','2025-08-24 08:05:51','2025-08-24 08:05:51'),(36,'Đen midnight','#191970','#191970','2025-08-24 08:05:51','2025-08-24 08:05:51'),(37,'Trắng snow','#FFFAFA','#FFFAFA','2025-08-24 08:05:51','2025-08-24 08:05:51'),(38,'Xanh emerald','#50C878','#50C878','2025-08-24 08:05:51','2025-08-24 08:05:51'),(39,'Hồng sakura','#FFB7C5','#FFB7C5','2025-08-24 08:05:51','2025-08-24 08:05:51'),(40,'Xanh sapphire','#0F52BA','#0F52BA','2025-08-24 08:05:51','2025-08-24 08:05:51'),(41,'Đen obsidian','#1A1A1A','#1A1A1A','2025-08-24 08:05:51','2025-08-24 08:05:51'),(42,'Trắng crystal','#F8F8FF','#F8F8FF','2025-08-24 08:05:51','2025-08-24 08:05:51'),(43,'Xanh jade','#00A86B','#00A86B','2025-08-24 08:05:51','2025-08-24 08:05:51'),(44,'Tím amethyst','#9966CC','#9966CC','2025-08-24 08:05:51','2025-08-24 08:05:51');
/*!40000 ALTER TABLE `colors` ENABLE KEYS */;
UNLOCK TABLES;

--
-- Table structure for table `comments`
--

DROP TABLE IF EXISTS `comments`;
/*!40101 SET @saved_cs_client     = @@character_set_client */;
/*!50503 SET character_set_client = utf8mb4 */;
CREATE TABLE `comments` (
  `id` bigint unsigned NOT NULL AUTO_INCREMENT,
  `product_id` bigint unsigned NOT NULL,
  `user_id` bigint unsigned DEFAULT NULL,
  `guest_name` varchar(255) COLLATE utf8mb4_unicode_ci DEFAULT NULL,
  `content` text COLLATE utf8mb4_unicode_ci NOT NULL,
  `rating` int DEFAULT NULL COMMENT 'Rating from 1 to 5 stars',
  `status` tinyint(1) NOT NULL DEFAULT '1',
  `created_at` timestamp NULL DEFAULT NULL,
  `updated_at` timestamp NULL DEFAULT NULL,
  `post_id` bigint unsigned DEFAULT NULL,
  PRIMARY KEY (`id`),
  KEY `comments_product_id_foreign` (`product_id`),
  KEY `comments_user_id_foreign` (`user_id`),
  KEY `comments_post_id_foreign` (`post_id`),
  CONSTRAINT `comments_post_id_foreign` FOREIGN KEY (`post_id`) REFERENCES `posts` (`id`) ON DELETE CASCADE,
  CONSTRAINT `comments_product_id_foreign` FOREIGN KEY (`product_id`) REFERENCES `products` (`id`) ON DELETE CASCADE,
  CONSTRAINT `comments_user_id_foreign` FOREIGN KEY (`user_id`) REFERENCES `users` (`id`) ON DELETE SET NULL
) ENGINE=InnoDB AUTO_INCREMENT=282 DEFAULT CHARSET=utf8mb4 COLLATE=utf8mb4_unicode_ci;
/*!40101 SET character_set_client = @saved_cs_client */;

--
-- Dumping data for table `comments`
--

LOCK TABLES `comments` WRITE;
/*!40000 ALTER TABLE `comments` DISABLE KEYS */;
INSERT INTO `comments` VALUES (138,1,8,NULL,'Sản phẩm tốt, đóng gói cẩn thận, giao hàng nhanh.',4,1,'2025-08-07 09:41:03','2025-08-07 09:41:03',NULL),(139,1,2,NULL,'Chất lượng ổn, giá cả hợp lý, đáng mua.',4,1,'2025-08-19 07:17:03','2025-08-19 07:17:03',NULL),(140,1,3,NULL,'Tốt, đáp ứng được nhu cầu sử dụng.',4,1,'2025-07-29 08:47:03','2025-07-29 08:47:03',NULL),(141,1,1,NULL,'Đúng như mô tả, chất lượng cao, đáng tin cậy.',5,1,'2025-07-28 03:21:03','2025-07-28 03:21:03',NULL),(142,1,NULL,'Trần Thị Bình','Đúng như mô tả, chất lượng cao, đáng tin cậy.',5,1,'2025-08-25 09:56:03','2025-08-25 09:56:03',NULL),(143,1,3,NULL,'Tuyệt vời! Sản phẩm vượt quá mong đợi của tôi.',5,1,'2025-08-24 00:52:03','2025-08-24 00:52:03',NULL),(144,2,NULL,'Đặng Thị Thảo','Chất lượng sản phẩm hoàn hảo, giao hàng nhanh chóng.',5,1,'2025-08-04 13:36:03','2025-08-04 13:36:03',NULL),(145,2,NULL,'Đinh Thị Mai','Không hài lòng với sản phẩm này.',2,1,'2025-08-14 15:49:03','2025-08-14 15:49:03',NULL),(146,2,2,NULL,'Tốt, đáp ứng được nhu cầu sử dụng.',4,1,'2025-08-19 03:13:03','2025-08-19 03:13:03',NULL),(147,2,6,NULL,'Chất lượng tốt, thiết kế đẹp, sử dụng ổn định.',4,1,'2025-08-16 10:25:03','2025-08-16 10:25:03',NULL),(148,2,4,NULL,'Sản phẩm tốt, dịch vụ chăm sóc khách hàng tuyệt vời.',5,1,'2025-08-21 22:05:03','2025-08-21 22:05:03',NULL),(149,2,2,NULL,'Sản phẩm tốt, dịch vụ chăm sóc khách hàng tuyệt vời.',5,1,'2025-08-19 11:23:03','2025-08-19 11:23:03',NULL),(150,3,NULL,'Dương Văn Phúc','Rất hài lòng với trải nghiệm mua sắm tại đây!',5,1,'2025-08-05 00:17:03','2025-08-05 00:17:03',NULL),(151,3,4,NULL,'Sản phẩm tệ, không đáng với số tiền bỏ ra.',2,1,'2025-08-08 07:29:03','2025-08-08 07:29:03',NULL),(152,3,6,NULL,'Chất lượng tồi tệ, thiết kế xấu, hiệu năng yếu.',1,1,'2025-08-09 02:26:03','2025-08-09 02:26:03',NULL),(153,3,NULL,'Võ Hoàng Nam','Tuyệt vời! Sản phẩm vượt quá mong đợi của tôi.',5,1,'2025-08-18 08:09:03','2025-08-18 08:09:03',NULL),(154,3,2,NULL,'Tuyệt vời! Sản phẩm vượt quá mong đợi của tôi.',5,1,'2025-08-11 20:28:03','2025-08-11 20:28:03',NULL),(155,3,7,NULL,'Tốt, sẽ giới thiệu cho bạn bè mua.',4,1,'2025-08-11 05:22:03','2025-08-11 05:22:03',NULL),(156,4,5,NULL,'Sản phẩm tệ, không đáng với số tiền bỏ ra.',2,1,'2025-08-21 17:47:03','2025-08-21 17:47:03',NULL),(157,4,4,NULL,'Tốt, sẽ giới thiệu cho bạn bè mua.',4,1,'2025-08-11 11:46:03','2025-08-11 11:46:03',NULL),(158,4,2,NULL,'Tốt, sẽ giới thiệu cho bạn bè mua.',4,1,'2025-08-03 23:26:03','2025-08-03 23:26:03',NULL),(159,4,NULL,'Trần Văn Minh','Chất lượng sản phẩm hoàn hảo, giao hàng nhanh chóng.',5,1,'2025-08-18 00:15:03','2025-08-18 00:15:03',NULL),(160,4,5,NULL,'Tuyệt vời! Sẽ mua lại sản phẩm này trong tương lai.',5,1,'2025-08-12 22:47:03','2025-08-12 22:47:03',NULL),(161,4,6,NULL,'Sản phẩm tốt, chất lượng ổn định, giá cả phải chăng.',4,1,'2025-08-03 02:15:03','2025-08-03 02:15:03',NULL),(162,5,NULL,'Ngô Văn Inh','Sản phẩm tốt, dịch vụ chăm sóc khách hàng tuyệt vời.',5,1,'2025-08-18 19:25:03','2025-08-18 19:25:03',NULL),(163,5,2,NULL,'Tuyệt vời! Sẽ mua lại sản phẩm này trong tương lai.',5,1,'2025-08-03 12:48:03','2025-08-03 12:48:03',NULL),(164,5,NULL,'Lâm Văn Yến','Sản phẩm kém chất lượng, thiết kế không đẹp.',2,1,'2025-08-23 12:35:03','2025-08-23 12:35:03',NULL),(165,5,NULL,'Võ Văn Nam','Chất lượng ổn, giá cả hợp lý, đáng mua.',4,1,'2025-08-11 05:28:03','2025-08-11 05:28:03',NULL),(166,5,6,NULL,'Rất hài lòng với sản phẩm này, đáng mua!',5,1,'2025-08-08 17:40:03','2025-08-08 17:40:03',NULL),(167,5,NULL,'Đinh Văn Tuấn','Sản phẩm rất tốt, chất lượng cao, đóng gói cẩn thận!',5,1,'2025-08-21 07:05:03','2025-08-21 07:05:03',NULL),(168,6,8,NULL,'Chất lượng vượt trội, thiết kế đẹp, hiệu năng mạnh mẽ.',5,1,'2025-08-22 03:17:03','2025-08-22 03:17:03',NULL),(169,6,NULL,'Châu Thị Mai','Sản phẩm chính hãng, chất lượng đảm bảo, giá cả hợp lý.',5,1,'2025-08-19 09:35:03','2025-08-19 09:35:03',NULL),(170,6,3,NULL,'Sản phẩm bình thường, đáp ứng nhu cầu cơ bản.',3,1,'2025-07-29 05:11:04','2025-07-29 05:11:04',NULL),(171,6,NULL,'Nguyễn Thị Hà','Sản phẩm không đáng với số tiền bỏ ra.',1,1,'2025-08-18 20:19:04','2025-08-18 20:19:04',NULL),(172,6,4,NULL,'Sản phẩm chính hãng, chất lượng đảm bảo, giá cả hợp lý.',5,1,'2025-08-10 18:26:04','2025-08-10 18:26:04',NULL),(173,6,NULL,'Vũ Thị Phương','Sản phẩm tệ, không đáng tin cậy.',1,1,'2025-08-05 07:00:04','2025-08-05 07:00:04',NULL),(174,7,5,NULL,'Đúng như mô tả, chất lượng cao, đáng tin cậy.',5,1,'2025-08-21 06:15:04','2025-08-21 06:15:04',NULL),(175,7,6,NULL,'Chất lượng trung bình, đáp ứng nhu cầu cơ bản.',3,1,'2025-08-11 05:26:04','2025-08-11 05:26:04',NULL),(176,7,NULL,'Nguyễn Thị Hà','Sản phẩm tốt, dịch vụ chăm sóc khách hàng tuyệt vời.',5,1,'2025-08-04 19:50:04','2025-08-04 19:50:04',NULL),(177,7,2,NULL,'Tuyệt vời! Sẽ mua lại sản phẩm này trong tương lai.',5,1,'2025-08-21 11:24:04','2025-08-21 11:24:04',NULL),(178,7,5,NULL,'Tuyệt vời! Sẽ mua lại sản phẩm này trong tương lai.',5,1,'2025-07-30 05:50:04','2025-07-30 05:50:04',NULL),(179,7,6,NULL,'Sản phẩm tốt, đóng gói cẩn thận, giao hàng nhanh.',4,1,'2025-08-25 04:44:04','2025-08-25 04:44:04',NULL),(180,8,5,NULL,'Chất lượng sản phẩm hoàn hảo, giao hàng nhanh chóng.',5,1,'2025-08-10 13:32:04','2025-08-10 13:32:04',NULL),(181,8,NULL,'Dương Thị Nga','Sản phẩm không như mong đợi, chất lượng thấp.',2,1,'2025-08-22 02:00:04','2025-08-22 02:00:04',NULL),(182,8,7,NULL,'Chất lượng vượt trội, thiết kế đẹp, hiệu năng mạnh mẽ.',5,1,'2025-07-31 12:39:04','2025-07-31 12:39:04',NULL),(183,8,2,NULL,'Chất lượng ổn, giá cả hợp lý, đáng mua.',4,1,'2025-08-22 04:10:04','2025-08-22 04:10:04',NULL),(184,8,7,NULL,'Chất lượng tồi tệ, thiết kế xấu, hiệu năng yếu.',1,1,'2025-08-01 08:17:04','2025-08-01 08:17:04',NULL),(185,8,NULL,'Châu Thị Mai','Tuyệt vời! Sản phẩm vượt quá mong đợi của tôi.',5,1,'2025-08-08 07:29:04','2025-08-08 07:29:04',NULL),(186,9,6,NULL,'Chất lượng tốt, thiết kế đẹp, sử dụng ổn định.',4,1,'2025-08-23 11:40:04','2025-08-23 11:40:04',NULL),(187,9,6,NULL,'Tốt, đáp ứng được nhu cầu sử dụng.',4,1,'2025-08-22 21:23:04','2025-08-22 21:23:04',NULL),(188,9,NULL,'Hoàng Văn Em','Sản phẩm rất tốt, chất lượng cao, đóng gói cẩn thận!',5,1,'2025-08-02 05:08:04','2025-08-02 05:08:04',NULL),(189,9,2,NULL,'Tuyệt vời! Sẽ mua lại sản phẩm này trong tương lai.',5,1,'2025-08-15 15:54:04','2025-08-15 15:54:04',NULL),(190,9,3,NULL,'Chất lượng sản phẩm hoàn hảo, giao hàng nhanh chóng.',5,1,'2025-08-08 10:25:04','2025-08-08 10:25:04',NULL),(191,9,4,NULL,'Sản phẩm kém chất lượng, thiết kế không đẹp.',2,1,'2025-07-29 07:59:04','2025-07-29 07:59:04',NULL),(192,10,NULL,'Đinh Thị Mai','Sản phẩm tốt, đóng gói cẩn thận, giao hàng nhanh.',4,1,'2025-08-03 19:31:04','2025-08-03 19:31:04',NULL),(193,10,1,NULL,'Chất lượng trung bình, giá cả phù hợp.',3,1,'2025-08-21 11:26:04','2025-08-21 11:26:04',NULL),(194,10,NULL,'Võ Văn Nam','Đúng như mô tả, chất lượng cao, đáng tin cậy.',5,1,'2025-07-29 09:10:04','2025-07-29 09:10:04',NULL),(195,10,6,NULL,'Chất lượng tồi tệ, thiết kế xấu, không sử dụng được.',1,1,'2025-08-15 14:43:04','2025-08-15 14:43:04',NULL),(196,10,NULL,'Trần Văn Minh','Sản phẩm tốt, dịch vụ chăm sóc khách hàng tuyệt vời.',5,1,'2025-08-10 04:54:04','2025-08-10 04:54:04',NULL),(197,10,4,NULL,'Rất hài lòng với trải nghiệm mua sắm tại đây!',5,1,'2025-07-31 08:40:04','2025-07-31 08:40:04',NULL),(198,11,2,NULL,'Rất hài lòng với trải nghiệm mua sắm tại đây!',5,1,'2025-07-27 07:22:04','2025-07-27 07:22:04',NULL),(199,11,NULL,'Bùi Văn Dũng','Sản phẩm không như mong đợi, chất lượng thấp.',2,1,'2025-07-31 08:12:04','2025-07-31 08:12:04',NULL),(200,11,NULL,'Trần Văn Minh','Chất lượng sản phẩm hoàn hảo, giao hàng nhanh chóng.',5,1,'2025-07-28 06:11:04','2025-07-28 06:11:04',NULL),(201,11,NULL,'Lý Văn Sơn','Hài lòng với chất lượng và dịch vụ.',4,1,'2025-08-10 13:51:04','2025-08-10 13:51:04',NULL),(202,11,6,NULL,'Sản phẩm rất tốt, chất lượng cao, đóng gói cẩn thận!',5,1,'2025-08-21 17:26:04','2025-08-21 17:26:04',NULL),(203,11,NULL,'Dương Thị Nga','Chất lượng sản phẩm hoàn hảo, giao hàng nhanh chóng.',5,1,'2025-08-19 01:23:04','2025-08-19 01:23:04',NULL),(204,12,NULL,'Ngô Văn Inh','Sản phẩm tốt, dịch vụ chăm sóc khách hàng tuyệt vời.',5,1,'2025-08-09 05:27:04','2025-08-09 05:27:04',NULL),(205,12,NULL,'Bùi Văn Dũng','Sản phẩm chính hãng, chất lượng đảm bảo, giá cả hợp lý.',5,1,'2025-07-28 01:10:04','2025-07-28 01:10:04',NULL),(206,12,NULL,'Lý Thị Kim','Sản phẩm tốt, chất lượng ổn định, giá cả phải chăng.',4,1,'2025-07-25 13:24:04','2025-07-25 13:24:04',NULL),(207,12,2,NULL,'Sản phẩm đáp ứng nhu cầu, dịch vụ tốt.',4,1,'2025-07-29 09:52:04','2025-07-29 09:52:04',NULL),(208,12,4,NULL,'Rất hài lòng với trải nghiệm mua sắm tại đây!',5,1,'2025-08-03 11:38:04','2025-08-03 11:38:04',NULL),(209,12,NULL,'Lý Thị Kim','Sản phẩm chính hãng, chất lượng đảm bảo, giá cả hợp lý.',5,1,'2025-07-27 18:21:04','2025-07-27 18:21:04',NULL),(210,13,NULL,'Nguyễn Thị Hà','Chất lượng tốt, thiết kế đẹp, sử dụng ổn định.',4,1,'2025-08-21 09:15:04','2025-08-21 09:15:04',NULL),(211,13,4,NULL,'Sản phẩm không tốt, không đáng tin cậy.',2,1,'2025-08-01 05:56:04','2025-08-01 05:56:04',NULL),(212,13,2,NULL,'Sản phẩm tốt, chất lượng ổn định, giá cả phải chăng.',4,1,'2025-08-17 11:45:04','2025-08-17 11:45:04',NULL),(213,13,8,NULL,'Đúng như mô tả, chất lượng cao, đáng tin cậy.',5,1,'2025-08-13 16:51:04','2025-08-13 16:51:04',NULL),(214,13,6,NULL,'Sản phẩm ổn, chất lượng trung bình, giá cả hợp lý.',3,1,'2025-08-10 18:12:04','2025-08-10 18:12:04',NULL),(215,13,5,NULL,'Rất hài lòng với sản phẩm này, đáng mua!',5,1,'2025-08-22 17:53:04','2025-08-22 17:53:04',NULL),(216,14,NULL,'Mai Văn Long','Rất thất vọng với sản phẩm này.',1,1,'2025-08-21 07:41:04','2025-08-21 07:41:04',NULL),(217,14,7,NULL,'Sản phẩm tốt, dịch vụ chăm sóc khách hàng tuyệt vời.',5,1,'2025-07-27 23:36:04','2025-07-27 23:36:04',NULL),(218,14,8,NULL,'Tuyệt vời! Sản phẩm vượt quá mong đợi của tôi.',5,1,'2025-08-08 22:08:04','2025-08-08 22:08:04',NULL),(219,14,6,NULL,'Rất hài lòng với sản phẩm này, đáng mua!',5,1,'2025-07-31 11:00:04','2025-07-31 11:00:04',NULL),(220,14,NULL,'Châu Thị Mai','Sản phẩm chính hãng, chất lượng đảm bảo, giá cả hợp lý.',5,1,'2025-08-24 00:50:04','2025-08-24 00:50:04',NULL),(221,14,2,NULL,'Hài lòng với chất lượng và dịch vụ.',4,1,'2025-08-05 18:24:04','2025-08-05 18:24:04',NULL),(222,15,NULL,'Phạm Thị Dung','Sản phẩm rất tốt, chất lượng cao, đóng gói cẩn thận!',5,1,'2025-07-28 13:59:04','2025-07-28 13:59:04',NULL),(223,15,5,NULL,'Tuyệt vời! Sản phẩm vượt quá mong đợi của tôi.',5,1,'2025-07-27 10:07:04','2025-07-27 10:07:04',NULL),(224,15,5,NULL,'Chất lượng ổn, giá cả hợp lý, đáng mua.',4,1,'2025-08-25 05:47:04','2025-08-25 05:47:04',NULL),(225,15,8,NULL,'Tuyệt vời! Sản phẩm vượt quá mong đợi của tôi.',5,1,'2025-07-27 11:02:04','2025-07-27 11:02:04',NULL),(226,15,3,NULL,'Sản phẩm tệ, thiết kế xấu, sử dụng không ổn.',2,1,'2025-08-22 13:19:04','2025-08-22 13:19:04',NULL),(227,15,6,NULL,'Sản phẩm tốt, dịch vụ chăm sóc khách hàng tuyệt vời.',5,1,'2025-08-02 03:34:04','2025-08-02 03:34:04',NULL),(228,16,NULL,'Tô Văn Rạng','Khá tốt, thiết kế đơn giản, sử dụng ổn định.',3,1,'2025-08-24 07:44:04','2025-08-24 07:44:04',NULL),(229,16,7,NULL,'Rất hài lòng với sản phẩm này, đáng mua!',5,1,'2025-08-08 19:40:04','2025-08-08 19:40:04',NULL),(230,16,1,NULL,'Chất lượng cực kỳ thấp, không đáng tin cậy.',1,1,'2025-08-10 01:20:04','2025-08-10 01:20:04',NULL),(231,16,3,NULL,'Sản phẩm không đáng mua, chất lượng kém.',1,1,'2025-08-15 08:43:04','2025-08-15 08:43:04',NULL),(232,16,2,NULL,'Tốt, đáp ứng được nhu cầu sử dụng.',4,1,'2025-08-17 20:36:04','2025-08-17 20:36:04',NULL),(233,16,1,NULL,'Sản phẩm rất tốt, chất lượng cao, đóng gói cẩn thận!',5,1,'2025-08-16 19:04:04','2025-08-16 19:04:04',NULL),(234,17,8,NULL,'Rất hài lòng với sản phẩm này, đáng mua!',5,1,'2025-08-19 02:17:04','2025-08-19 02:17:04',NULL),(235,17,5,NULL,'Chất lượng sản phẩm hoàn hảo, giao hàng nhanh chóng.',5,1,'2025-08-18 16:15:04','2025-08-18 16:15:04',NULL),(236,17,8,NULL,'Chất lượng trung bình, phù hợp với giá tiền.',3,1,'2025-07-27 20:38:04','2025-07-27 20:38:04',NULL),(237,17,5,NULL,'Chất lượng vượt trội, thiết kế đẹp, hiệu năng mạnh mẽ.',5,1,'2025-08-15 00:08:04','2025-08-15 00:08:04',NULL),(238,17,NULL,'Mai Thị Hoa','Hài lòng với sản phẩm, giao hàng đúng hẹn.',4,1,'2025-08-21 06:07:04','2025-08-21 06:07:04',NULL),(239,17,NULL,'Phạm Thị Dung','Sản phẩm đẹp, chất lượng tốt, sử dụng ổn định.',4,1,'2025-08-01 22:57:04','2025-08-01 22:57:04',NULL),(240,18,NULL,'Ngô Văn Inh','Rất hài lòng với trải nghiệm mua sắm tại đây!',5,1,'2025-08-06 12:01:04','2025-08-06 12:01:04',NULL),(241,18,4,NULL,'Ổn, không có gì đặc biệt nhưng sử dụng được.',3,1,'2025-08-09 19:21:04','2025-08-09 19:21:04',NULL),(242,18,7,NULL,'Sản phẩm đáp ứng nhu cầu, dịch vụ tốt.',4,1,'2025-08-10 18:15:04','2025-08-10 18:15:04',NULL),(243,18,5,NULL,'Chất lượng sản phẩm hoàn hảo, giao hàng nhanh chóng.',5,1,'2025-07-26 14:47:04','2025-07-26 14:47:04',NULL),(244,18,NULL,'Phạm Thị Hương','Chất lượng tốt, thiết kế đẹp, sử dụng ổn định.',4,1,'2025-07-29 18:34:04','2025-07-29 18:34:04',NULL),(245,18,6,NULL,'Ổn, không có gì đặc biệt nhưng sử dụng được.',3,1,'2025-08-12 20:16:04','2025-08-12 20:16:04',NULL),(246,19,3,NULL,'Hài lòng với sản phẩm, giao hàng đúng hẹn.',4,1,'2025-08-11 07:19:04','2025-08-11 07:19:04',NULL),(247,19,7,NULL,'Chất lượng trung bình, giá cả phù hợp.',3,1,'2025-08-14 20:12:04','2025-08-14 20:12:04',NULL),(248,19,3,NULL,'Đúng như mô tả, chất lượng cao, đáng tin cậy.',5,1,'2025-08-07 13:31:04','2025-08-07 13:31:04',NULL),(249,19,NULL,'Bùi Thị Hoa','Chất lượng ổn, giá cả hợp lý, đáng mua.',4,1,'2025-08-20 12:10:04','2025-08-20 12:10:04',NULL),(250,19,6,NULL,'Khá tốt, thiết kế đơn giản, sử dụng ổn định.',3,1,'2025-08-20 07:05:04','2025-08-20 07:05:04',NULL),(251,19,5,NULL,'Rất hài lòng với trải nghiệm mua sắm tại đây!',5,1,'2025-08-20 09:13:04','2025-08-20 09:13:04',NULL),(252,20,NULL,'Tô Văn Rạng','Chất lượng ổn, giá cả hợp lý, đáng mua.',4,1,'2025-08-11 06:51:04','2025-08-11 06:51:04',NULL),(253,20,2,NULL,'Sản phẩm tốt, dịch vụ chăm sóc khách hàng tuyệt vời.',5,1,'2025-07-26 06:56:04','2025-07-26 06:56:04',NULL),(254,20,2,NULL,'Rất hài lòng với trải nghiệm mua sắm tại đây!',5,1,'2025-08-16 19:51:04','2025-08-16 19:51:04',NULL),(255,20,4,NULL,'Rất hài lòng với trải nghiệm mua sắm tại đây!',5,1,'2025-08-23 06:02:04','2025-08-23 06:02:04',NULL),(256,20,1,NULL,'Tốt, sẽ giới thiệu cho bạn bè mua.',4,1,'2025-08-19 20:11:04','2025-08-19 20:11:04',NULL),(257,20,6,NULL,'Chất lượng tồi tệ, thiết kế xấu, không sử dụng được.',1,1,'2025-07-31 05:35:04','2025-07-31 05:35:04',NULL),(258,21,NULL,'Trần Thị Bình','Chất lượng sản phẩm hoàn hảo, giao hàng nhanh chóng.',5,1,'2025-08-19 12:00:04','2025-08-19 12:00:04',NULL),(259,21,1,NULL,'Sản phẩm tốt, đóng gói cẩn thận, giao hàng nhanh.',4,1,'2025-08-14 20:17:04','2025-08-14 20:17:04',NULL),(260,21,5,NULL,'Tốt, sẽ giới thiệu cho bạn bè mua.',4,1,'2025-08-01 09:28:04','2025-08-01 09:28:04',NULL),(261,21,NULL,'Mai Văn Long','Tuyệt vời! Sẽ mua lại sản phẩm này trong tương lai.',5,1,'2025-08-09 23:54:04','2025-08-09 23:54:04',NULL),(262,21,4,NULL,'Tuyệt vời! Sản phẩm vượt quá mong đợi của tôi.',5,1,'2025-08-22 22:29:04','2025-08-22 22:29:04',NULL),(263,21,NULL,'Lưu Văn Bình','Rất hài lòng với sản phẩm này, đáng mua!',5,1,'2025-08-23 19:16:04','2025-08-23 19:16:04',NULL),(264,22,3,NULL,'Chất lượng khá, thiết kế đơn giản, sử dụng được.',3,1,'2025-08-11 19:58:04','2025-08-11 19:58:04',NULL),(265,22,NULL,'Hồ Văn Hùng','Rất hài lòng với trải nghiệm mua sắm tại đây!',5,1,'2025-08-04 01:02:04','2025-08-04 01:02:04',NULL),(266,22,5,NULL,'Rất hài lòng với trải nghiệm mua sắm tại đây!',5,1,'2025-08-04 22:08:04','2025-08-04 22:08:04',NULL),(267,22,1,NULL,'Chất lượng sản phẩm hoàn hảo, giao hàng nhanh chóng.',5,1,'2025-08-21 11:01:04','2025-08-21 11:01:04',NULL),(268,22,NULL,'Huỳnh Văn Tâm','Chất lượng khá, thiết kế đơn giản, sử dụng được.',3,1,'2025-08-08 02:22:04','2025-08-08 02:22:04',NULL),(269,22,8,NULL,'Đúng như mô tả, chất lượng cao, đáng tin cậy.',5,1,'2025-08-21 13:50:04','2025-08-21 13:50:04',NULL),(270,23,NULL,'Trịnh Văn Việt','Chất lượng sản phẩm hoàn hảo, giao hàng nhanh chóng.',5,1,'2025-07-30 22:51:04','2025-07-30 22:51:04',NULL),(271,23,6,NULL,'Sản phẩm tệ, thiết kế xấu, sử dụng không ổn.',2,1,'2025-08-03 14:17:04','2025-08-03 14:17:04',NULL),(272,23,7,NULL,'Sản phẩm tốt, dịch vụ chăm sóc khách hàng tuyệt vời.',5,1,'2025-08-24 22:00:04','2025-08-24 22:00:04',NULL),(273,23,8,NULL,'Sản phẩm không đáng mua, chất lượng kém.',1,1,'2025-07-26 22:13:04','2025-07-26 22:13:04',NULL),(274,23,8,NULL,'Sản phẩm đáp ứng nhu cầu, dịch vụ tốt.',4,1,'2025-08-22 08:28:04','2025-08-22 08:28:04',NULL),(275,23,4,NULL,'Sản phẩm tốt, đóng gói cẩn thận, giao hàng nhanh.',4,1,'2025-08-03 20:14:04','2025-08-03 20:14:04',NULL),(276,24,6,NULL,'Sản phẩm rất tệ, chất lượng cực kỳ thấp.',1,1,'2025-07-30 12:34:04','2025-07-30 12:34:04',NULL),(277,24,4,NULL,'Đúng như mô tả, chất lượng cao, đáng tin cậy.',5,1,'2025-08-20 05:48:04','2025-08-20 05:48:04',NULL),(278,24,5,NULL,'Chất lượng sản phẩm hoàn hảo, giao hàng nhanh chóng.',5,1,'2025-08-01 07:09:04','2025-08-01 07:09:04',NULL),(279,24,2,NULL,'Đúng như mô tả, chất lượng cao, đáng tin cậy.',5,1,'2025-07-26 01:04:04','2025-07-26 01:04:04',NULL),(280,24,5,NULL,'Sản phẩm tốt, chất lượng ổn định, giá cả phải chăng.',4,1,'2025-08-21 14:58:04','2025-08-21 14:58:04',NULL),(281,24,8,NULL,'Sản phẩm đẹp, chất lượng tốt, sử dụng ổn định.',4,1,'2025-08-01 20:30:04','2025-08-01 20:30:04',NULL);
/*!40000 ALTER TABLE `comments` ENABLE KEYS */;
UNLOCK TABLES;

--
-- Table structure for table `contacts`
--

DROP TABLE IF EXISTS `contacts`;
/*!40101 SET @saved_cs_client     = @@character_set_client */;
/*!50503 SET character_set_client = utf8mb4 */;
CREATE TABLE `contacts` (
  `id` bigint unsigned NOT NULL AUTO_INCREMENT,
  `user_id` bigint unsigned DEFAULT NULL,
  `subject` varchar(255) COLLATE utf8mb4_unicode_ci NOT NULL,
  `message` text COLLATE utf8mb4_unicode_ci NOT NULL,
  `reply` text COLLATE utf8mb4_unicode_ci,
  `status` enum('pending','resolved') COLLATE utf8mb4_unicode_ci NOT NULL DEFAULT 'pending',
  `created_at` timestamp NULL DEFAULT NULL,
  `updated_at` timestamp NULL DEFAULT NULL,
  `deleted_at` timestamp NULL DEFAULT NULL,
  PRIMARY KEY (`id`),
  KEY `contacts_user_id_foreign` (`user_id`),
  CONSTRAINT `contacts_user_id_foreign` FOREIGN KEY (`user_id`) REFERENCES `users` (`id`) ON DELETE CASCADE
) ENGINE=InnoDB DEFAULT CHARSET=utf8mb4 COLLATE=utf8mb4_unicode_ci;
/*!40101 SET character_set_client = @saved_cs_client */;

--
-- Dumping data for table `contacts`
--

LOCK TABLES `contacts` WRITE;
/*!40000 ALTER TABLE `contacts` DISABLE KEYS */;
/*!40000 ALTER TABLE `contacts` ENABLE KEYS */;
UNLOCK TABLES;

--
-- Table structure for table `coupon_users`
--

DROP TABLE IF EXISTS `coupon_users`;
/*!40101 SET @saved_cs_client     = @@character_set_client */;
/*!50503 SET character_set_client = utf8mb4 */;
CREATE TABLE `coupon_users` (
  `id` bigint unsigned NOT NULL AUTO_INCREMENT,
  `user_id` bigint unsigned NOT NULL,
  `coupon_id` bigint unsigned NOT NULL,
  `created_at` timestamp NULL DEFAULT NULL,
  `updated_at` timestamp NULL DEFAULT NULL,
  `order_id` bigint unsigned DEFAULT NULL,
  `used_at` timestamp NULL DEFAULT NULL,
  PRIMARY KEY (`id`),
  KEY `coupon_users_user_id_foreign` (`user_id`),
  KEY `coupon_users_coupon_id_foreign` (`coupon_id`),
  KEY `coupon_users_order_id_foreign` (`order_id`),
  CONSTRAINT `coupon_users_coupon_id_foreign` FOREIGN KEY (`coupon_id`) REFERENCES `coupons` (`id`) ON DELETE CASCADE,
  CONSTRAINT `coupon_users_order_id_foreign` FOREIGN KEY (`order_id`) REFERENCES `orders` (`id`) ON DELETE CASCADE,
  CONSTRAINT `coupon_users_user_id_foreign` FOREIGN KEY (`user_id`) REFERENCES `users` (`id`) ON DELETE CASCADE
) ENGINE=InnoDB AUTO_INCREMENT=47 DEFAULT CHARSET=utf8mb4 COLLATE=utf8mb4_unicode_ci;
/*!40101 SET character_set_client = @saved_cs_client */;

--
-- Dumping data for table `coupon_users`
--

LOCK TABLES `coupon_users` WRITE;
/*!40000 ALTER TABLE `coupon_users` DISABLE KEYS */;
INSERT INTO `coupon_users` VALUES (1,1,1,'2025-07-26 08:05:54','2025-08-25 03:54:47',NULL,'2025-08-25 03:54:47'),(3,1,2,'2025-08-04 08:05:54','2025-08-25 03:59:49',NULL,'2025-08-25 03:59:49'),(4,1,2,'2025-08-02 08:05:54','2025-08-02 08:05:54',NULL,NULL),(5,1,3,'2025-08-10 08:05:54','2025-08-14 08:05:54',NULL,NULL),(6,1,3,'2025-08-05 08:05:54','2025-08-01 08:05:54',NULL,NULL),(7,2,1,'2025-08-05 08:05:54','2025-08-18 08:05:54',NULL,NULL),(8,2,2,'2025-07-28 08:05:54','2025-08-13 08:05:54',NULL,NULL),(9,2,3,'2025-07-25 08:05:54','2025-07-30 08:05:54',NULL,NULL),(10,3,1,'2025-08-02 08:05:54','2025-07-31 08:05:54',NULL,NULL),(11,3,1,'2025-08-06 08:05:54','2025-08-19 08:05:54',NULL,NULL),(12,3,2,'2025-08-04 08:05:54','2025-08-16 08:05:54',NULL,NULL),(13,3,3,'2025-07-28 08:05:54','2025-08-13 08:05:54',NULL,NULL),(14,3,3,'2025-08-05 08:05:54','2025-08-21 08:05:54',NULL,NULL),(15,4,1,'2025-08-14 08:05:54','2025-08-21 08:05:54',NULL,NULL),(16,4,2,'2025-07-28 08:05:54','2025-08-15 08:05:54',NULL,NULL),(17,4,3,'2025-08-19 08:05:54','2025-08-10 08:05:54',NULL,NULL),(18,4,3,'2025-08-13 08:05:54','2025-08-09 08:05:54',NULL,NULL),(19,5,1,'2025-08-20 08:05:54','2025-08-03 08:05:54',NULL,NULL),(20,5,2,'2025-07-31 08:05:54','2025-07-29 08:05:54',NULL,NULL),(21,5,3,'2025-08-15 08:05:54','2025-08-18 08:05:54',NULL,NULL),(22,8,14,'2025-08-24 12:12:26','2025-08-24 12:12:26',222,'2025-08-24 12:12:26'),(23,9,14,'2025-08-24 14:14:40','2025-08-24 14:14:40',225,'2025-08-24 14:14:40'),(24,8,18,'2025-08-25 03:26:37','2025-08-25 03:26:37',233,'2025-08-25 03:26:37'),(25,8,9,'2025-08-25 03:31:19','2025-08-25 03:31:19',NULL,NULL),(26,8,10,'2025-08-25 03:31:58','2025-08-25 03:50:05',235,'2025-08-25 03:50:05'),(27,8,10,'2025-08-25 03:44:40','2025-08-25 03:44:40',234,'2025-08-25 03:44:40'),(29,8,10,'2025-08-25 03:57:50','2025-08-25 04:01:41',236,'2025-08-25 04:01:41'),(30,8,10,'2025-08-25 04:02:36','2025-08-25 04:54:35',241,'2025-08-25 04:54:35'),(32,1,18,'2025-08-25 04:15:24','2025-08-25 04:15:24',NULL,'2025-08-25 04:15:24'),(33,8,11,'2025-08-25 04:27:58','2025-08-25 04:27:58',237,'2025-08-25 04:27:58'),(34,8,11,'2025-08-25 04:28:55','2025-08-25 04:28:55',238,'2025-08-25 04:28:55'),(35,8,14,'2025-08-25 04:32:48','2025-08-25 04:32:48',239,'2025-08-25 04:32:48'),(36,8,11,'2025-08-25 04:37:49','2025-08-25 04:37:49',240,'2025-08-25 04:37:49'),(42,10,14,'2025-08-25 05:50:50','2025-08-25 05:50:50',247,'2025-08-25 05:50:50'),(43,10,18,'2025-08-25 05:56:51','2025-08-25 05:56:51',248,'2025-08-25 05:56:51'),(44,10,14,'2025-08-25 06:14:02','2025-08-25 06:14:02',249,'2025-08-25 06:14:02'),(45,10,14,'2025-08-25 06:19:24','2025-08-25 06:19:24',251,'2025-08-25 06:19:24'),(46,10,10,'2025-08-25 06:38:54','2025-08-25 06:50:56',252,'2025-08-25 06:50:56');
/*!40000 ALTER TABLE `coupon_users` ENABLE KEYS */;
UNLOCK TABLES;

--
-- Table structure for table `coupons`
--

DROP TABLE IF EXISTS `coupons`;
/*!40101 SET @saved_cs_client     = @@character_set_client */;
/*!50503 SET character_set_client = utf8mb4 */;
CREATE TABLE `coupons` (
  `id` bigint unsigned NOT NULL AUTO_INCREMENT,
  `code` varchar(255) COLLATE utf8mb4_unicode_ci NOT NULL,
  `name` varchar(255) COLLATE utf8mb4_unicode_ci DEFAULT NULL,
  `description` text COLLATE utf8mb4_unicode_ci,
  `discount_type` enum('percentage','fixed') COLLATE utf8mb4_unicode_ci NOT NULL,
  `min_order_value` decimal(10,2) DEFAULT NULL,
  `discount_value` decimal(10,2) NOT NULL,
  `max_discount_value` decimal(10,2) DEFAULT NULL,
  `max_discount` decimal(10,2) DEFAULT NULL,
  `start_date` date NOT NULL,
  `end_date` date NOT NULL,
  `usage_limit` int DEFAULT NULL,
  `usage_limit_per_user` int DEFAULT NULL,
  `used_count` int NOT NULL DEFAULT '0',
  `status` tinyint NOT NULL DEFAULT '1',
  `exchange_points` int NOT NULL DEFAULT '0',
  `vip_level` varchar(255) COLLATE utf8mb4_unicode_ci DEFAULT NULL,
  `validity_days` int NOT NULL DEFAULT '30',
  `created_at` timestamp NULL DEFAULT NULL,
  `updated_at` timestamp NULL DEFAULT NULL,
  `deleted_at` timestamp NULL DEFAULT NULL,
  PRIMARY KEY (`id`),
  UNIQUE KEY `coupons_code_unique` (`code`)
) ENGINE=InnoDB AUTO_INCREMENT=19 DEFAULT CHARSET=utf8mb4 COLLATE=utf8mb4_unicode_ci;
/*!40101 SET character_set_client = @saved_cs_client */;

--
-- Dumping data for table `coupons`
--

LOCK TABLES `coupons` WRITE;
/*!40000 ALTER TABLE `coupons` DISABLE KEYS */;
INSERT INTO `coupons` VALUES (1,'BRONZE1','Mã Giảm Giá Bronze - 1%','Giảm giá 1% cho khách hàng Bronze','percentage',5000000.00,1.00,NULL,100000.00,'2025-08-24','2026-02-24',1000,NULL,0,1,50000,'Bronze',30,'2025-08-24 08:05:54','2025-08-24 08:05:54',NULL),(2,'BRONZE2','Mã Giảm Giá Bronze - 2%','Giảm giá 2% cho khách hàng Bronze','percentage',10000000.00,2.00,NULL,200000.00,'2025-08-24','2026-02-24',800,NULL,0,1,100000,'Bronze',30,'2025-08-24 08:05:54','2025-08-24 08:05:54',NULL),(3,'SILVER2','Mã Giảm Giá Silver - 2%','Giảm giá 2% cho khách hàng Silver','percentage',5000000.00,2.00,NULL,200000.00,'2025-08-24','2026-02-24',600,NULL,0,1,80000,'Silver',30,'2025-08-24 08:05:54','2025-08-24 08:05:54',NULL),(4,'SILVER3','Mã Giảm Giá Silver - 3%','Giảm giá 3% cho khách hàng Silver','percentage',10000000.00,3.00,NULL,300000.00,'2025-08-24','2026-02-24',500,NULL,0,1,150000,'Silver',30,'2025-08-24 08:05:54','2025-08-24 08:05:54',NULL),(5,'GOLD3','Mã Giảm Giá Gold - 3%','Giảm giá 3% cho khách hàng Gold','percentage',5000000.00,3.00,NULL,300000.00,'2025-08-24','2026-02-24',400,NULL,0,1,120000,'Gold',30,'2025-08-24 08:05:54','2025-08-24 08:05:54',NULL),(6,'GOLD4','Mã Giảm Giá Gold - 4%','Giảm giá 4% cho khách hàng Gold','percentage',10000000.00,4.00,NULL,400000.00,'2025-08-24','2026-02-24',300,NULL,0,1,200000,'Gold',30,'2025-08-24 08:05:54','2025-08-24 08:05:54',NULL),(7,'PLATINUM4','Mã Giảm Giá Platinum - 4%','Giảm giá 4% cho khách hàng Platinum','percentage',5000000.00,4.00,NULL,400000.00,'2025-08-24','2026-02-24',250,NULL,0,1,160000,'Platinum',30,'2025-08-24 08:05:54','2025-08-24 08:05:54',NULL),(8,'PLATINUM5','Mã Giảm Giá Platinum - 5%','Giảm giá 5% cho khách hàng Platinum','percentage',10000000.00,5.00,NULL,500000.00,'2025-08-24','2026-02-24',200,NULL,0,1,300000,'Platinum',30,'2025-08-24 08:05:54','2025-08-24 08:05:54',NULL),(9,'DIAMOND5','Mã Giảm Giá Diamond - 5%','Giảm giá 5% cho khách hàng Diamond','percentage',5000000.00,5.00,NULL,500000.00,'2025-08-24','2026-02-24',150,NULL,0,1,200000,'Diamond',30,'2025-08-24 08:05:54','2025-08-24 08:05:54',NULL),(10,'DIAMOND6','Mã Giảm Giá Diamond - 6%','Giảm giá 6% cho khách hàng Diamond','percentage',10000000.00,6.00,NULL,600000.00,'2025-08-24','2026-02-24',100,NULL,5,1,400000,'Diamond',30,'2025-08-24 08:05:54','2025-08-25 06:50:56',NULL),(11,'FREESHIP30K','Miễn phí ship',NULL,'fixed',NULL,30000.00,30000.00,NULL,'2025-08-23','2025-09-24',NULL,NULL,3,1,0,NULL,30,'2025-08-24 12:02:44','2025-08-25 04:37:49',NULL),(12,'TEST001','Test Coupon 1',NULL,'percentage',NULL,10.00,NULL,NULL,'2025-08-24','2025-09-23',NULL,NULL,0,1,0,NULL,30,'2025-08-24 12:10:10','2025-08-24 12:10:10','2025-08-24 12:10:10'),(13,'TEST003','Test Coupon 3',NULL,'percentage',NULL,20.00,NULL,NULL,'2025-08-24','2025-09-23',NULL,NULL,0,1,0,NULL,30,'2025-08-24 12:10:10','2025-08-24 12:10:10','2025-08-24 12:10:10'),(14,'AYKBSR3D','Nguyễn Văn Cường',NULL,'fixed',NULL,200000.00,200000.00,NULL,'2025-08-24','2025-09-24',NULL,NULL,7,1,0,NULL,30,'2025-08-24 12:10:35','2025-08-25 06:19:24',NULL),(16,'TEST002','Test Coupon 2',NULL,'percentage',NULL,15.00,NULL,NULL,'2025-08-24','2025-09-23',NULL,NULL,0,1,0,NULL,30,'2025-08-24 12:11:09','2025-08-24 12:11:09','2025-08-24 12:11:09'),(18,'C15NEO45',NULL,NULL,'fixed',NULL,100000.00,100000.00,NULL,'2025-08-19','2025-09-25',NULL,1,6,1,0,NULL,30,'2025-08-25 03:26:19','2025-08-25 05:56:51',NULL);
/*!40000 ALTER TABLE `coupons` ENABLE KEYS */;
UNLOCK TABLES;

--
-- Table structure for table `failed_jobs`
--

DROP TABLE IF EXISTS `failed_jobs`;
/*!40101 SET @saved_cs_client     = @@character_set_client */;
/*!50503 SET character_set_client = utf8mb4 */;
CREATE TABLE `failed_jobs` (
  `id` bigint unsigned NOT NULL AUTO_INCREMENT,
  `uuid` varchar(255) COLLATE utf8mb4_unicode_ci NOT NULL,
  `connection` text COLLATE utf8mb4_unicode_ci NOT NULL,
  `queue` text COLLATE utf8mb4_unicode_ci NOT NULL,
  `payload` longtext COLLATE utf8mb4_unicode_ci NOT NULL,
  `exception` longtext COLLATE utf8mb4_unicode_ci NOT NULL,
  `failed_at` timestamp NOT NULL DEFAULT CURRENT_TIMESTAMP,
  PRIMARY KEY (`id`),
  UNIQUE KEY `failed_jobs_uuid_unique` (`uuid`)
) ENGINE=InnoDB DEFAULT CHARSET=utf8mb4 COLLATE=utf8mb4_unicode_ci;
/*!40101 SET character_set_client = @saved_cs_client */;

--
-- Dumping data for table `failed_jobs`
--

LOCK TABLES `failed_jobs` WRITE;
/*!40000 ALTER TABLE `failed_jobs` DISABLE KEYS */;
/*!40000 ALTER TABLE `failed_jobs` ENABLE KEYS */;
UNLOCK TABLES;

--
-- Table structure for table `favorites`
--

DROP TABLE IF EXISTS `favorites`;
/*!40101 SET @saved_cs_client     = @@character_set_client */;
/*!50503 SET character_set_client = utf8mb4 */;
CREATE TABLE `favorites` (
  `id` bigint unsigned NOT NULL AUTO_INCREMENT,
  `user_id` bigint unsigned NOT NULL,
  `product_id` bigint unsigned NOT NULL,
  `deleted_at` timestamp NULL DEFAULT NULL,
  `created_at` timestamp NULL DEFAULT NULL,
  `updated_at` timestamp NULL DEFAULT NULL,
  PRIMARY KEY (`id`),
  KEY `favorites_user_id_foreign` (`user_id`),
  KEY `favorites_product_id_foreign` (`product_id`),
  CONSTRAINT `favorites_product_id_foreign` FOREIGN KEY (`product_id`) REFERENCES `products` (`id`) ON DELETE CASCADE,
  CONSTRAINT `favorites_user_id_foreign` FOREIGN KEY (`user_id`) REFERENCES `users` (`id`) ON DELETE CASCADE
) ENGINE=InnoDB DEFAULT CHARSET=utf8mb4 COLLATE=utf8mb4_unicode_ci;
/*!40101 SET character_set_client = @saved_cs_client */;

--
-- Dumping data for table `favorites`
--

LOCK TABLES `favorites` WRITE;
/*!40000 ALTER TABLE `favorites` DISABLE KEYS */;
/*!40000 ALTER TABLE `favorites` ENABLE KEYS */;
UNLOCK TABLES;

--
-- Table structure for table `feature_items`
--

DROP TABLE IF EXISTS `feature_items`;
/*!40101 SET @saved_cs_client     = @@character_set_client */;
/*!50503 SET character_set_client = utf8mb4 */;
CREATE TABLE `feature_items` (
  `id` bigint unsigned NOT NULL AUTO_INCREMENT,
  `feature_id` bigint unsigned NOT NULL,
  `icon` varchar(100) COLLATE utf8mb4_unicode_ci NOT NULL,
  `title` varchar(255) COLLATE utf8mb4_unicode_ci NOT NULL,
  `description` text COLLATE utf8mb4_unicode_ci NOT NULL,
  `created_at` timestamp NULL DEFAULT NULL,
  `updated_at` timestamp NULL DEFAULT NULL,
  PRIMARY KEY (`id`),
  KEY `feature_items_feature_id_foreign` (`feature_id`),
  CONSTRAINT `feature_items_feature_id_foreign` FOREIGN KEY (`feature_id`) REFERENCES `features` (`id`) ON DELETE CASCADE
) ENGINE=InnoDB AUTO_INCREMENT=9 DEFAULT CHARSET=utf8mb4 COLLATE=utf8mb4_unicode_ci;
/*!40101 SET character_set_client = @saved_cs_client */;

--
-- Dumping data for table `feature_items`
--

LOCK TABLES `feature_items` WRITE;
/*!40000 ALTER TABLE `feature_items` DISABLE KEYS */;
INSERT INTO `feature_items` VALUES (5,1,'icon-strategy','Chất lượng cao','Sản phẩm được tuyển chọn kỹ lưỡng với chất lượng đảm bảo và giá cả hợp lý.','2025-08-24 10:00:16','2025-08-24 10:00:16'),(6,1,'icon-tools-2','Giao hàng nhanh','Giao hàng toàn quốc với thời gian nhanh chóng và an toàn.','2025-08-24 10:00:16','2025-08-24 10:00:16'),(7,1,'icon-mobile','Thanh toán đa dạng','Hỗ trợ nhiều hình thức thanh toán tiện lợi và bảo mật.','2025-08-24 10:00:16','2025-08-24 10:00:16'),(8,1,'icon-lifesaver','Hỗ trợ 24/7','Đội ngũ chăm sóc khách hàng tận tình, hỗ trợ 24/7.','2025-08-24 10:00:16','2025-08-24 10:00:16');
/*!40000 ALTER TABLE `feature_items` ENABLE KEYS */;
UNLOCK TABLES;

--
-- Table structure for table `features`
--

DROP TABLE IF EXISTS `features`;
/*!40101 SET @saved_cs_client     = @@character_set_client */;
/*!50503 SET character_set_client = utf8mb4 */;
CREATE TABLE `features` (
  `id` bigint unsigned NOT NULL AUTO_INCREMENT,
  `title` varchar(255) COLLATE utf8mb4_unicode_ci NOT NULL,
  `subtitle` varchar(255) COLLATE utf8mb4_unicode_ci DEFAULT NULL,
  `image` varchar(255) COLLATE utf8mb4_unicode_ci DEFAULT NULL,
  `status` varchar(10) COLLATE utf8mb4_unicode_ci NOT NULL DEFAULT 'active',
  `created_at` timestamp NULL DEFAULT NULL,
  `updated_at` timestamp NULL DEFAULT NULL,
  PRIMARY KEY (`id`)
) ENGINE=InnoDB AUTO_INCREMENT=2 DEFAULT CHARSET=utf8mb4 COLLATE=utf8mb4_unicode_ci;
/*!40101 SET character_set_client = @saved_cs_client */;

--
-- Dumping data for table `features`
--

LOCK TABLES `features` WRITE;
/*!40000 ALTER TABLE `features` DISABLE KEYS */;
INSERT INTO `features` VALUES (1,'Tại sao chọn chúng tôi','Cam kết mang đến trải nghiệm mua sắm tốt nhất cho khách hàng','features/afg8Ng1r1gBX9gcAXquoxFphbbz4N6qnWDKC3X0t.webp','active','2025-08-24 08:05:54','2025-08-24 10:00:16');
/*!40000 ALTER TABLE `features` ENABLE KEYS */;
UNLOCK TABLES;

--
-- Table structure for table `jobs`
--

DROP TABLE IF EXISTS `jobs`;
/*!40101 SET @saved_cs_client     = @@character_set_client */;
/*!50503 SET character_set_client = utf8mb4 */;
CREATE TABLE `jobs` (
  `id` bigint unsigned NOT NULL AUTO_INCREMENT,
  `queue` varchar(255) COLLATE utf8mb4_unicode_ci NOT NULL,
  `payload` longtext COLLATE utf8mb4_unicode_ci NOT NULL,
  `attempts` tinyint unsigned NOT NULL,
  `reserved_at` int unsigned DEFAULT NULL,
  `available_at` int unsigned NOT NULL,
  `created_at` int unsigned NOT NULL,
  PRIMARY KEY (`id`),
  KEY `jobs_queue_index` (`queue`)
) ENGINE=InnoDB DEFAULT CHARSET=utf8mb4 COLLATE=utf8mb4_unicode_ci;
/*!40101 SET character_set_client = @saved_cs_client */;

--
-- Dumping data for table `jobs`
--

LOCK TABLES `jobs` WRITE;
/*!40000 ALTER TABLE `jobs` DISABLE KEYS */;
/*!40000 ALTER TABLE `jobs` ENABLE KEYS */;
UNLOCK TABLES;

--
-- Table structure for table `messages`
--

DROP TABLE IF EXISTS `messages`;
/*!40101 SET @saved_cs_client     = @@character_set_client */;
/*!50503 SET character_set_client = utf8mb4 */;
CREATE TABLE `messages` (
  `id` bigint unsigned NOT NULL AUTO_INCREMENT,
  `sender_id` bigint unsigned NOT NULL,
  `receiver_id` bigint unsigned NOT NULL,
  `content` text COLLATE utf8mb4_unicode_ci NOT NULL,
  `is_read` tinyint(1) NOT NULL DEFAULT '0',
  `message_type` enum('text','image','file') COLLATE utf8mb4_unicode_ci NOT NULL DEFAULT 'text',
  `created_at` timestamp NULL DEFAULT NULL,
  `updated_at` timestamp NULL DEFAULT NULL,
  PRIMARY KEY (`id`),
  KEY `messages_sender_id_foreign` (`sender_id`),
  KEY `messages_receiver_id_foreign` (`receiver_id`),
  CONSTRAINT `messages_receiver_id_foreign` FOREIGN KEY (`receiver_id`) REFERENCES `users` (`id`) ON DELETE CASCADE,
  CONSTRAINT `messages_sender_id_foreign` FOREIGN KEY (`sender_id`) REFERENCES `users` (`id`) ON DELETE CASCADE
) ENGINE=InnoDB DEFAULT CHARSET=utf8mb4 COLLATE=utf8mb4_unicode_ci;
/*!40101 SET character_set_client = @saved_cs_client */;

--
-- Dumping data for table `messages`
--

LOCK TABLES `messages` WRITE;
/*!40000 ALTER TABLE `messages` DISABLE KEYS */;
/*!40000 ALTER TABLE `messages` ENABLE KEYS */;
UNLOCK TABLES;

--
-- Table structure for table `migrations`
--

DROP TABLE IF EXISTS `migrations`;
/*!40101 SET @saved_cs_client     = @@character_set_client */;
/*!50503 SET character_set_client = utf8mb4 */;
CREATE TABLE `migrations` (
  `id` int unsigned NOT NULL AUTO_INCREMENT,
  `migration` varchar(255) COLLATE utf8mb4_unicode_ci NOT NULL,
  `batch` int NOT NULL,
  PRIMARY KEY (`id`)
) ENGINE=InnoDB AUTO_INCREMENT=87 DEFAULT CHARSET=utf8mb4 COLLATE=utf8mb4_unicode_ci;
/*!40101 SET character_set_client = @saved_cs_client */;

--
-- Dumping data for table `migrations`
--

LOCK TABLES `migrations` WRITE;
/*!40000 ALTER TABLE `migrations` DISABLE KEYS */;
INSERT INTO `migrations` VALUES (1,'0000_00_00_000000_create_websockets_statistics_entries_table',1),(2,'2019_12_14_000001_create_personal_access_tokens_table',1),(3,'2024_06_25_000001_create_about_page_table',1),(4,'2024_06_25_000002_create_videos_table',1),(5,'2025_06_24_223420_create_users_table',1),(6,'2025_06_24_223421_create_points_table',1),(7,'2025_06_24_223422_create_point_transactions_table',1),(8,'2025_06_24_223423_create_point_vouchers_table',1),(9,'2025_06_24_223500_create_roles_table',1),(10,'2025_06_24_223507_create_permissions_table',1),(11,'2025_06_24_223516_create_user_roles_table',1),(12,'2025_06_24_223532_create_role_permissions_table',1),(13,'2025_06_24_223539_create_categories_table',1),(14,'2025_06_24_223545_create_colors_table',1),(15,'2025_06_24_223552_create_storages_table',1),(16,'2025_06_24_223558_create_products_table',1),(17,'2025_06_24_223559_add_compare_price_to_products_table',1),(18,'2025_06_24_223603_create_product_variants_table',1),(19,'2025_06_24_223608_create_carts_table',1),(20,'2025_06_24_223614_create_cart_details_table',1),(21,'2025_06_24_223617_create_coupons_table',1),(22,'2025_06_24_223618_create_orders_table',1),(23,'2025_06_24_223619_create_user_point_vouchers_table',1),(24,'2025_06_24_223620_add_points_to_orders_table',1),(25,'2025_06_24_223623_create_order_details_table',1),(26,'2025_06_24_223654_create_favorites_table',1),(27,'2025_06_24_223706_create_messages_table',1),(28,'2025_06_24_223716_create_contacts_table',1),(29,'2025_06_24_223720_create_authors_table',1),(30,'2025_06_24_223727_create_coupon_users_table',1),(31,'2025_06_24_223733_create_posts_table',1),(32,'2025_06_24_223738_create_banners_table',1),(33,'2025_06_24_223800_create_vnpay_transactions_table',1),(34,'2025_06_25_170541_create_comments_table',1),(35,'2025_06_25_223847_add_color_code_to_colors_table',1),(36,'2025_07_01_000001_add_post_id_to_comments_table',1),(37,'2025_07_02_151756_create_reviews_table',1),(38,'2025_07_07_182132_create_jobs_table',1),(39,'2025_07_07_190000_create_features_table',1),(40,'2025_07_07_190100_create_feature_items_table',1),(41,'2025_07_18_145022_create_failed_jobs_table',1),(42,'2025_07_18_151531_create_notifications_table',1),(43,'2025_07_31_235337_add_discount_amount_to_orders_table',1),(44,'2025_08_01_082426_add_order_id_and_used_at_to_coupon_users_table',1),(45,'2025_08_01_171125_update_variant_storage_id',1),(46,'2025_08_01_173749_add_hex_code_to_colors_table',1),(47,'2025_08_01_201031_add_vip_level_to_points_table',1),(48,'2025_08_02_184622_update_coupons_max_discount_value_column',1),(49,'2025_08_02_230118_add_exchange_points_to_coupons_table',1),(50,'2025_08_02_235612_add_exchange_fields_to_coupons_table',1),(51,'2025_08_03_051624_create_services_table',1),(52,'2025_08_03_055216_add_is_received_to_orders_table',1),(53,'2025_08_03_195650_add_rating_to_comments_table',1),(54,'2025_08_03_212835_add_detailed_address_fields_to_users_table',1),(55,'2025_08_03_214707_add_avatar_to_users_table',1),(56,'2025_08_04_113649_add_email_verification_code_to_users_table',1),(57,'2025_08_04_234720_add_received_status_to_orders_table',1),(58,'2025_08_05_021659_add_is_temp_to_carts_table',1),(59,'2025_08_05_093602_create_attendance_table',1),(60,'2025_08_05_101632_add_points_claimed_to_attendance_table',1),(61,'2025_08_05_122126_add_soft_deletes_to_services_table',1),(62,'2025_08_06_115647_add_stock_validation_to_products_and_variants',1),(63,'2025_08_06_120000_remove_stock_validation_constraints',1),(64,'2025_08_16_015200_add_cancellation_reason_to_orders_table',1),(65,'2025_08_16_030417_remove_variant_name_from_product_variants_table',1),(66,'2025_08_16_031324_add_additional_fields_to_products_table',1),(67,'2025_08_16_052911_add_return_exchange_fields_to_orders_table',1),(68,'2025_08_16_054826_add_media_fields_to_orders_table',1),(69,'2025_08_16_182400_add_delivered_status_to_orders_table',1),(70,'2025_08_17_183855_add_order_id_to_reviews_table',1),(71,'2025_08_17_185203_add_points_value_to_orders_table',1),(72,'2025_08_17_190729_update_vip_levels_for_phone_sales',1),(73,'2025_08_17_191505_update_vip_levels_reduced_points',1),(74,'2025_08_18_121116_update_vip_levels_300m_threshold',1),(75,'2025_08_18_121929_fix_attendance_time_format',1),(76,'2025_08_18_122009_fix_attendance_time_format',1),(77,'2025_08_18_204228_create_chat_messages_table',1),(78,'2025_08_23_162156_add_variant_info_to_order_details_table',1),(79,'2025_08_24_140844_fix_attendance_time_format_errors',1),(80,'2025_12_31_000000_add_stock_reserved_to_orders_table',1),(81,'2025_12_31_235959_create_stat_views',1),(82,'2025_08_24_174432_ensure_reviews_table_structure',2),(83,'2025_08_24_190428_fix_exchange_points_null_constraint',3),(84,'2025_08_24_192235_change_points_columns_to_bigint',4),(85,'2025_01_27_000000_add_return_fields_to_order_details_table',5),(86,'2025_08_25_114837_remove_received_status_from_orders_table',6);
/*!40000 ALTER TABLE `migrations` ENABLE KEYS */;
UNLOCK TABLES;

--
-- Table structure for table `notifications`
--

DROP TABLE IF EXISTS `notifications`;
/*!40101 SET @saved_cs_client     = @@character_set_client */;
/*!50503 SET character_set_client = utf8mb4 */;
CREATE TABLE `notifications` (
  `id` char(36) COLLATE utf8mb4_unicode_ci NOT NULL,
  `type` varchar(255) COLLATE utf8mb4_unicode_ci NOT NULL,
  `notifiable_type` varchar(255) COLLATE utf8mb4_unicode_ci NOT NULL,
  `notifiable_id` bigint unsigned NOT NULL,
  `data` text COLLATE utf8mb4_unicode_ci NOT NULL,
  `read_at` timestamp NULL DEFAULT NULL,
  `created_at` timestamp NULL DEFAULT NULL,
  `updated_at` timestamp NULL DEFAULT NULL,
  PRIMARY KEY (`id`),
  KEY `notifications_notifiable_type_notifiable_id_index` (`notifiable_type`,`notifiable_id`)
) ENGINE=InnoDB DEFAULT CHARSET=utf8mb4 COLLATE=utf8mb4_unicode_ci;
/*!40101 SET character_set_client = @saved_cs_client */;

--
-- Dumping data for table `notifications`
--

LOCK TABLES `notifications` WRITE;
/*!40000 ALTER TABLE `notifications` DISABLE KEYS */;
/*!40000 ALTER TABLE `notifications` ENABLE KEYS */;
UNLOCK TABLES;

--
-- Table structure for table `order_details`
--

DROP TABLE IF EXISTS `order_details`;
/*!40101 SET @saved_cs_client     = @@character_set_client */;
/*!50503 SET character_set_client = utf8mb4 */;
CREATE TABLE `order_details` (
  `id` bigint unsigned NOT NULL AUTO_INCREMENT,
  `order_id` bigint unsigned NOT NULL,
  `product_id` bigint unsigned NOT NULL,
  `variant_id` bigint unsigned DEFAULT NULL,
  `quantity` int NOT NULL,
  `price` decimal(15,2) NOT NULL,
  `total` decimal(15,2) NOT NULL,
  `status` varchar(255) COLLATE utf8mb4_unicode_ci NOT NULL DEFAULT 'pending',
  `product_name` varchar(255) COLLATE utf8mb4_unicode_ci DEFAULT NULL,
  `is_returned` tinyint(1) NOT NULL DEFAULT '0',
  `return_quantity` int NOT NULL DEFAULT '0',
  `return_reason` text COLLATE utf8mb4_unicode_ci,
  `return_amount` decimal(15,2) DEFAULT NULL,
  `returned_at` timestamp NULL DEFAULT NULL,
  `original_variant_name` varchar(255) COLLATE utf8mb4_unicode_ci DEFAULT NULL,
  `original_color_name` varchar(255) COLLATE utf8mb4_unicode_ci DEFAULT NULL,
  `original_storage_name` varchar(255) COLLATE utf8mb4_unicode_ci DEFAULT NULL,
  `original_storage_capacity` varchar(255) COLLATE utf8mb4_unicode_ci DEFAULT NULL,
  `created_at` timestamp NULL DEFAULT NULL,
  `updated_at` timestamp NULL DEFAULT NULL,
  `deleted_at` timestamp NULL DEFAULT NULL,
  PRIMARY KEY (`id`),
  KEY `order_details_order_id_foreign` (`order_id`),
  KEY `order_details_product_id_foreign` (`product_id`),
  KEY `order_details_variant_id_foreign` (`variant_id`),
  CONSTRAINT `order_details_order_id_foreign` FOREIGN KEY (`order_id`) REFERENCES `orders` (`id`) ON DELETE CASCADE,
  CONSTRAINT `order_details_product_id_foreign` FOREIGN KEY (`product_id`) REFERENCES `products` (`id`) ON DELETE CASCADE,
  CONSTRAINT `order_details_variant_id_foreign` FOREIGN KEY (`variant_id`) REFERENCES `product_variants` (`id`) ON DELETE CASCADE
) ENGINE=InnoDB AUTO_INCREMENT=540 DEFAULT CHARSET=utf8mb4 COLLATE=utf8mb4_unicode_ci;
/*!40101 SET character_set_client = @saved_cs_client */;

--
-- Dumping data for table `order_details`
--

LOCK TABLES `order_details` WRITE;
/*!40000 ALTER TABLE `order_details` DISABLE KEYS */;
INSERT INTO `order_details` VALUES (1,1,14,NULL,3,17990000.00,53970000.00,'cancelled','Vivo X100',0,0,NULL,NULL,NULL,NULL,NULL,NULL,NULL,'2025-08-21 17:00:00','2025-08-21 17:00:00',NULL),(2,2,1,NULL,2,34990000.00,69980000.00,'pending','iPhone 15 Pro Max',0,0,NULL,NULL,NULL,NULL,NULL,NULL,NULL,'2025-08-23 17:00:00','2025-08-23 17:00:00',NULL),(3,2,6,NULL,2,12990000.00,25980000.00,'pending','Samsung Galaxy A55',0,0,NULL,NULL,NULL,NULL,NULL,NULL,NULL,'2025-08-23 17:00:00','2025-08-23 17:00:00',NULL),(4,2,7,NULL,1,24990000.00,24990000.00,'pending','Xiaomi 14 Ultra',0,0,NULL,NULL,NULL,NULL,NULL,NULL,NULL,'2025-08-23 17:00:00','2025-08-23 17:00:00',NULL),(5,3,5,NULL,4,26990000.00,107960000.00,'completed','Samsung Galaxy S24+',0,0,NULL,NULL,NULL,NULL,NULL,NULL,NULL,'2025-08-18 17:00:00','2025-08-18 17:00:00',NULL),(6,3,7,NULL,4,24990000.00,99960000.00,'completed','Xiaomi 14 Ultra',0,0,NULL,NULL,NULL,NULL,NULL,NULL,NULL,'2025-08-18 17:00:00','2025-08-18 17:00:00',NULL),(7,3,24,NULL,3,22990000.00,68970000.00,'completed','ASUS ROG Phone 8',0,0,NULL,NULL,NULL,NULL,NULL,NULL,NULL,'2025-08-18 17:00:00','2025-08-18 17:00:00',NULL),(8,4,8,NULL,3,19990000.00,59970000.00,'completed','Xiaomi 14',0,0,NULL,NULL,NULL,NULL,NULL,NULL,NULL,'2025-08-17 17:00:00','2025-08-17 17:00:00',NULL),(9,4,14,NULL,1,17990000.00,17990000.00,'completed','Vivo X100',0,0,NULL,NULL,NULL,NULL,NULL,NULL,NULL,'2025-08-17 17:00:00','2025-08-17 17:00:00',NULL),(10,4,16,NULL,2,8990000.00,17980000.00,'completed','Realme GT Neo 5 SE',0,0,NULL,NULL,NULL,NULL,NULL,NULL,NULL,'2025-08-17 17:00:00','2025-08-17 17:00:00',NULL),(11,4,23,NULL,4,9990000.00,39960000.00,'completed','Motorola Edge 40',0,0,NULL,NULL,NULL,NULL,NULL,NULL,NULL,'2025-08-17 17:00:00','2025-08-17 17:00:00',NULL),(12,5,15,NULL,3,12990000.00,38970000.00,'completed','Vivo V29',0,0,NULL,NULL,NULL,NULL,NULL,NULL,NULL,'2025-08-19 17:00:00','2025-08-19 17:00:00',NULL),(13,5,22,NULL,4,5990000.00,23960000.00,'completed','Nokia G60',0,0,NULL,NULL,NULL,NULL,NULL,NULL,NULL,'2025-08-19 17:00:00','2025-08-19 17:00:00',NULL),(14,6,2,NULL,3,29990000.00,89970000.00,'completed','iPhone 15 Pro',0,0,NULL,NULL,NULL,NULL,NULL,NULL,NULL,'2025-08-19 17:00:00','2025-08-19 17:00:00',NULL),(15,6,21,NULL,2,12990000.00,25980000.00,'completed','Huawei Nova 12',0,0,NULL,NULL,NULL,NULL,NULL,NULL,NULL,'2025-08-19 17:00:00','2025-08-19 17:00:00',NULL),(16,7,1,NULL,1,34990000.00,34990000.00,'completed','iPhone 15 Pro Max',0,0,NULL,NULL,NULL,NULL,NULL,NULL,NULL,'2025-08-19 17:00:00','2025-08-19 17:00:00',NULL),(17,8,6,NULL,2,12990000.00,25980000.00,'completed','Samsung Galaxy A55',0,0,NULL,NULL,NULL,NULL,NULL,NULL,NULL,'2025-08-19 17:00:00','2025-08-19 17:00:00',NULL),(18,8,22,NULL,4,5990000.00,23960000.00,'completed','Nokia G60',0,0,NULL,NULL,NULL,NULL,NULL,NULL,NULL,'2025-08-19 17:00:00','2025-08-19 17:00:00',NULL),(19,9,1,NULL,3,34990000.00,104970000.00,'completed','iPhone 15 Pro Max',0,0,NULL,NULL,NULL,NULL,NULL,NULL,NULL,'2025-08-19 17:00:00','2025-08-19 17:00:00',NULL),(20,9,2,NULL,3,29990000.00,89970000.00,'completed','iPhone 15 Pro',0,0,NULL,NULL,NULL,NULL,NULL,NULL,NULL,'2025-08-19 17:00:00','2025-08-19 17:00:00',NULL),(21,9,5,NULL,2,26990000.00,53980000.00,'completed','Samsung Galaxy S24+',0,0,NULL,NULL,NULL,NULL,NULL,NULL,NULL,'2025-08-19 17:00:00','2025-08-19 17:00:00',NULL),(22,10,20,NULL,2,24990000.00,49980000.00,'completed','Huawei Pura 70 Ultra',0,0,NULL,NULL,NULL,NULL,NULL,NULL,NULL,'2025-08-19 17:00:00','2025-08-19 17:00:00',NULL),(23,11,17,NULL,1,12990000.00,12990000.00,'cancelled','Realme 11 Pro+',0,0,NULL,NULL,NULL,NULL,NULL,NULL,NULL,'2025-08-21 17:00:00','2025-08-21 17:00:00',NULL),(24,12,3,NULL,1,24990000.00,24990000.00,'completed','iPhone 15',0,0,NULL,NULL,NULL,NULL,NULL,NULL,NULL,'2025-08-14 17:00:00','2025-08-14 17:00:00',NULL),(25,12,10,NULL,1,22990000.00,22990000.00,'completed','OPPO Find X7 Ultra',0,0,NULL,NULL,NULL,NULL,NULL,NULL,NULL,'2025-08-14 17:00:00','2025-08-14 17:00:00',NULL),(26,12,14,NULL,3,17990000.00,53970000.00,'completed','Vivo X100',0,0,NULL,NULL,NULL,NULL,NULL,NULL,NULL,'2025-08-14 17:00:00','2025-08-14 17:00:00',NULL),(27,13,2,NULL,2,29990000.00,59980000.00,'completed','iPhone 15 Pro',0,0,NULL,NULL,NULL,NULL,NULL,NULL,NULL,'2025-08-15 17:00:00','2025-08-15 17:00:00',NULL),(28,13,4,NULL,3,31990000.00,95970000.00,'completed','Samsung Galaxy S24 Ultra',0,0,NULL,NULL,NULL,NULL,NULL,NULL,NULL,'2025-08-15 17:00:00','2025-08-15 17:00:00',NULL),(29,13,9,NULL,2,8990000.00,17980000.00,'completed','Xiaomi Redmi Note 13 Pro+',0,0,NULL,NULL,NULL,NULL,NULL,NULL,NULL,'2025-08-15 17:00:00','2025-08-15 17:00:00',NULL),(30,13,24,NULL,3,22990000.00,68970000.00,'completed','ASUS ROG Phone 8',0,0,NULL,NULL,NULL,NULL,NULL,NULL,NULL,'2025-08-15 17:00:00','2025-08-15 17:00:00',NULL),(31,14,11,NULL,4,18990000.00,75960000.00,'completed','OPPO Find X7',0,0,NULL,NULL,NULL,NULL,NULL,NULL,NULL,'2025-08-18 17:00:00','2025-08-18 17:00:00',NULL),(32,14,14,NULL,2,17990000.00,35980000.00,'completed','Vivo X100',0,0,NULL,NULL,NULL,NULL,NULL,NULL,NULL,'2025-08-18 17:00:00','2025-08-18 17:00:00',NULL),(33,14,16,NULL,2,8990000.00,17980000.00,'completed','Realme GT Neo 5 SE',0,0,NULL,NULL,NULL,NULL,NULL,NULL,NULL,'2025-08-18 17:00:00','2025-08-18 17:00:00',NULL),(34,14,22,NULL,2,5990000.00,11980000.00,'completed','Nokia G60',0,0,NULL,NULL,NULL,NULL,NULL,NULL,NULL,'2025-08-18 17:00:00','2025-08-18 17:00:00',NULL),(35,15,5,NULL,3,26990000.00,80970000.00,'cancelled','Samsung Galaxy S24+',0,0,NULL,NULL,NULL,NULL,NULL,NULL,NULL,'2025-08-22 17:00:00','2025-08-22 17:00:00',NULL),(36,15,12,NULL,3,9990000.00,29970000.00,'cancelled','OPPO Reno 11',0,0,NULL,NULL,NULL,NULL,NULL,NULL,NULL,'2025-08-22 17:00:00','2025-08-22 17:00:00',NULL),(37,15,22,NULL,4,5990000.00,23960000.00,'cancelled','Nokia G60',0,0,NULL,NULL,NULL,NULL,NULL,NULL,NULL,'2025-08-22 17:00:00','2025-08-22 17:00:00',NULL),(38,16,6,NULL,4,12990000.00,51960000.00,'completed','Samsung Galaxy A55',0,0,NULL,NULL,NULL,NULL,NULL,NULL,NULL,'2025-08-19 17:00:00','2025-08-19 17:00:00',NULL),(39,16,14,NULL,3,17990000.00,53970000.00,'completed','Vivo X100',0,0,NULL,NULL,NULL,NULL,NULL,NULL,NULL,'2025-08-19 17:00:00','2025-08-19 17:00:00',NULL),(40,16,20,NULL,2,24990000.00,49980000.00,'completed','Huawei Pura 70 Ultra',0,0,NULL,NULL,NULL,NULL,NULL,NULL,NULL,'2025-08-19 17:00:00','2025-08-19 17:00:00',NULL),(41,16,21,NULL,4,12990000.00,51960000.00,'completed','Huawei Nova 12',0,0,NULL,NULL,NULL,NULL,NULL,NULL,NULL,'2025-08-19 17:00:00','2025-08-19 17:00:00',NULL),(42,17,4,NULL,2,31990000.00,63980000.00,'completed','Samsung Galaxy S24 Ultra',0,0,NULL,NULL,NULL,NULL,NULL,NULL,NULL,'2025-08-21 17:00:00','2025-08-21 17:00:00',NULL),(43,18,7,NULL,3,24990000.00,74970000.00,'completed','Xiaomi 14 Ultra',0,0,NULL,NULL,NULL,NULL,NULL,NULL,NULL,'2025-08-20 17:00:00','2025-08-20 17:00:00',NULL),(44,18,21,NULL,3,12990000.00,38970000.00,'completed','Huawei Nova 12',0,0,NULL,NULL,NULL,NULL,NULL,NULL,NULL,'2025-08-20 17:00:00','2025-08-20 17:00:00',NULL),(45,19,3,NULL,3,24990000.00,74970000.00,'pending','iPhone 15',0,0,NULL,NULL,NULL,NULL,NULL,NULL,NULL,'2025-08-20 17:00:00','2025-08-20 17:00:00',NULL),(46,19,7,NULL,4,24990000.00,99960000.00,'pending','Xiaomi 14 Ultra',0,0,NULL,NULL,NULL,NULL,NULL,NULL,NULL,'2025-08-20 17:00:00','2025-08-20 17:00:00',NULL),(47,19,9,NULL,1,8990000.00,8990000.00,'pending','Xiaomi Redmi Note 13 Pro+',0,0,NULL,NULL,NULL,NULL,NULL,NULL,NULL,'2025-08-20 17:00:00','2025-08-20 17:00:00',NULL),(48,19,13,NULL,2,21990000.00,43980000.00,'pending','Vivo X100 Pro',0,0,NULL,NULL,NULL,NULL,NULL,NULL,NULL,'2025-08-20 17:00:00','2025-08-20 17:00:00',NULL),(49,20,4,NULL,3,31990000.00,95970000.00,'completed','Samsung Galaxy S24 Ultra',0,0,NULL,NULL,NULL,NULL,NULL,NULL,NULL,'2025-08-19 17:00:00','2025-08-19 17:00:00',NULL),(50,20,20,NULL,2,24990000.00,49980000.00,'completed','Huawei Pura 70 Ultra',0,0,NULL,NULL,NULL,NULL,NULL,NULL,NULL,'2025-08-19 17:00:00','2025-08-19 17:00:00',NULL),(51,20,22,NULL,1,5990000.00,5990000.00,'completed','Nokia G60',0,0,NULL,NULL,NULL,NULL,NULL,NULL,NULL,'2025-08-19 17:00:00','2025-08-19 17:00:00',NULL),(52,20,23,NULL,1,9990000.00,9990000.00,'completed','Motorola Edge 40',0,0,NULL,NULL,NULL,NULL,NULL,NULL,NULL,'2025-08-19 17:00:00','2025-08-19 17:00:00',NULL),(53,21,10,NULL,4,22990000.00,91960000.00,'completed','OPPO Find X7 Ultra',0,0,NULL,NULL,NULL,NULL,NULL,NULL,NULL,'2025-08-18 17:00:00','2025-08-18 17:00:00',NULL),(54,21,18,NULL,3,19990000.00,59970000.00,'completed','OnePlus 12',0,0,NULL,NULL,NULL,NULL,NULL,NULL,NULL,'2025-08-18 17:00:00','2025-08-18 17:00:00',NULL),(55,22,8,NULL,2,19990000.00,39980000.00,'shipping','Xiaomi 14',0,0,NULL,NULL,NULL,NULL,NULL,NULL,NULL,'2025-08-21 17:00:00','2025-08-21 17:00:00',NULL),(56,22,14,NULL,2,17990000.00,35980000.00,'shipping','Vivo X100',0,0,NULL,NULL,NULL,NULL,NULL,NULL,NULL,'2025-08-21 17:00:00','2025-08-21 17:00:00',NULL),(57,22,21,NULL,3,12990000.00,38970000.00,'shipping','Huawei Nova 12',0,0,NULL,NULL,NULL,NULL,NULL,NULL,NULL,'2025-08-21 17:00:00','2025-08-21 17:00:00',NULL),(58,23,10,NULL,2,22990000.00,45980000.00,'completed','OPPO Find X7 Ultra',0,0,NULL,NULL,NULL,NULL,NULL,NULL,NULL,'2025-08-14 17:00:00','2025-08-14 17:00:00',NULL),(59,24,21,NULL,1,12990000.00,12990000.00,'processing','Huawei Nova 12',0,0,NULL,NULL,NULL,NULL,NULL,NULL,NULL,'2025-08-20 17:00:00','2025-08-20 17:00:00',NULL),(60,25,8,NULL,3,19990000.00,59970000.00,'completed','Xiaomi 14',0,0,NULL,NULL,NULL,NULL,NULL,NULL,NULL,'2025-08-19 17:00:00','2025-08-19 17:00:00',NULL),(61,25,13,NULL,4,21990000.00,87960000.00,'completed','Vivo X100 Pro',0,0,NULL,NULL,NULL,NULL,NULL,NULL,NULL,'2025-08-19 17:00:00','2025-08-19 17:00:00',NULL),(62,25,15,NULL,4,12990000.00,51960000.00,'completed','Vivo V29',0,0,NULL,NULL,NULL,NULL,NULL,NULL,NULL,'2025-08-19 17:00:00','2025-08-19 17:00:00',NULL),(63,26,14,NULL,4,17990000.00,71960000.00,'completed','Vivo X100',0,0,NULL,NULL,NULL,NULL,NULL,NULL,NULL,'2025-08-19 17:00:00','2025-08-19 17:00:00',NULL),(64,26,19,NULL,4,15990000.00,63960000.00,'completed','OnePlus 12R',0,0,NULL,NULL,NULL,NULL,NULL,NULL,NULL,'2025-08-19 17:00:00','2025-08-19 17:00:00',NULL),(65,27,2,NULL,2,29990000.00,59980000.00,'completed','iPhone 15 Pro',0,0,NULL,NULL,NULL,NULL,NULL,NULL,NULL,'2025-08-18 17:00:00','2025-08-18 17:00:00',NULL),(66,27,17,NULL,4,12990000.00,51960000.00,'completed','Realme 11 Pro+',0,0,NULL,NULL,NULL,NULL,NULL,NULL,NULL,'2025-08-18 17:00:00','2025-08-18 17:00:00',NULL),(67,27,18,NULL,1,19990000.00,19990000.00,'completed','OnePlus 12',0,0,NULL,NULL,NULL,NULL,NULL,NULL,NULL,'2025-08-18 17:00:00','2025-08-18 17:00:00',NULL),(68,27,20,NULL,1,24990000.00,24990000.00,'completed','Huawei Pura 70 Ultra',0,0,NULL,NULL,NULL,NULL,NULL,NULL,NULL,'2025-08-18 17:00:00','2025-08-18 17:00:00',NULL),(69,28,9,NULL,3,8990000.00,26970000.00,'completed','Xiaomi Redmi Note 13 Pro+',0,0,NULL,NULL,NULL,NULL,NULL,NULL,NULL,'2025-08-22 17:00:00','2025-08-22 17:00:00',NULL),(70,29,8,NULL,4,19990000.00,79960000.00,'completed','Xiaomi 14',0,0,NULL,NULL,NULL,NULL,NULL,NULL,NULL,'2025-08-14 17:00:00','2025-08-14 17:00:00',NULL),(71,29,24,NULL,1,22990000.00,22990000.00,'completed','ASUS ROG Phone 8',0,0,NULL,NULL,NULL,NULL,NULL,NULL,NULL,'2025-08-14 17:00:00','2025-08-14 17:00:00',NULL),(72,30,20,NULL,4,24990000.00,99960000.00,'completed','Huawei Pura 70 Ultra',0,0,NULL,NULL,NULL,NULL,NULL,NULL,NULL,'2025-08-19 17:00:00','2025-08-19 17:00:00',NULL),(73,30,22,NULL,1,5990000.00,5990000.00,'completed','Nokia G60',0,0,NULL,NULL,NULL,NULL,NULL,NULL,NULL,'2025-08-19 17:00:00','2025-08-19 17:00:00',NULL),(74,31,19,NULL,4,15990000.00,63960000.00,'processing','OnePlus 12R',0,0,NULL,NULL,NULL,NULL,NULL,NULL,NULL,'2025-08-20 17:00:00','2025-08-20 17:00:00',NULL),(75,31,22,NULL,2,5990000.00,11980000.00,'processing','Nokia G60',0,0,NULL,NULL,NULL,NULL,NULL,NULL,NULL,'2025-08-20 17:00:00','2025-08-20 17:00:00',NULL),(76,32,4,NULL,1,31990000.00,31990000.00,'completed','Samsung Galaxy S24 Ultra',0,0,NULL,NULL,NULL,NULL,NULL,NULL,NULL,'2025-08-19 17:00:00','2025-08-19 17:00:00',NULL),(77,32,15,NULL,1,12990000.00,12990000.00,'completed','Vivo V29',0,0,NULL,NULL,NULL,NULL,NULL,NULL,NULL,'2025-08-19 17:00:00','2025-08-19 17:00:00',NULL),(78,32,17,NULL,3,12990000.00,38970000.00,'completed','Realme 11 Pro+',0,0,NULL,NULL,NULL,NULL,NULL,NULL,NULL,'2025-08-19 17:00:00','2025-08-19 17:00:00',NULL),(79,32,19,NULL,1,15990000.00,15990000.00,'completed','OnePlus 12R',0,0,NULL,NULL,NULL,NULL,NULL,NULL,NULL,'2025-08-19 17:00:00','2025-08-19 17:00:00',NULL),(80,33,7,NULL,4,24990000.00,99960000.00,'pending','Xiaomi 14 Ultra',0,0,NULL,NULL,NULL,NULL,NULL,NULL,NULL,'2025-08-22 17:00:00','2025-08-22 17:00:00',NULL),(81,33,18,NULL,3,19990000.00,59970000.00,'pending','OnePlus 12',0,0,NULL,NULL,NULL,NULL,NULL,NULL,NULL,'2025-08-22 17:00:00','2025-08-22 17:00:00',NULL),(82,33,19,NULL,3,15990000.00,47970000.00,'pending','OnePlus 12R',0,0,NULL,NULL,NULL,NULL,NULL,NULL,NULL,'2025-08-22 17:00:00','2025-08-22 17:00:00',NULL),(83,33,20,NULL,4,24990000.00,99960000.00,'pending','Huawei Pura 70 Ultra',0,0,NULL,NULL,NULL,NULL,NULL,NULL,NULL,'2025-08-22 17:00:00','2025-08-22 17:00:00',NULL),(84,34,10,NULL,4,22990000.00,91960000.00,'completed','OPPO Find X7 Ultra',0,0,NULL,NULL,NULL,NULL,NULL,NULL,NULL,'2025-08-18 17:00:00','2025-08-18 17:00:00',NULL),(85,35,12,NULL,2,9990000.00,19980000.00,'completed','OPPO Reno 11',0,0,NULL,NULL,NULL,NULL,NULL,NULL,NULL,'2025-08-19 17:00:00','2025-08-19 17:00:00',NULL),(86,35,13,NULL,1,21990000.00,21990000.00,'completed','Vivo X100 Pro',0,0,NULL,NULL,NULL,NULL,NULL,NULL,NULL,'2025-08-19 17:00:00','2025-08-19 17:00:00',NULL),(87,35,20,NULL,2,24990000.00,49980000.00,'completed','Huawei Pura 70 Ultra',0,0,NULL,NULL,NULL,NULL,NULL,NULL,NULL,'2025-08-19 17:00:00','2025-08-19 17:00:00',NULL),(88,35,22,NULL,2,5990000.00,11980000.00,'completed','Nokia G60',0,0,NULL,NULL,NULL,NULL,NULL,NULL,NULL,'2025-08-19 17:00:00','2025-08-19 17:00:00',NULL),(89,36,1,NULL,1,34990000.00,34990000.00,'completed','iPhone 15 Pro Max',0,0,NULL,NULL,NULL,NULL,NULL,NULL,NULL,'2025-08-18 17:00:00','2025-08-18 17:00:00',NULL),(90,36,15,NULL,3,12990000.00,38970000.00,'completed','Vivo V29',0,0,NULL,NULL,NULL,NULL,NULL,NULL,NULL,'2025-08-18 17:00:00','2025-08-18 17:00:00',NULL),(91,37,10,NULL,1,22990000.00,22990000.00,'completed','OPPO Find X7 Ultra',0,0,NULL,NULL,NULL,NULL,NULL,NULL,NULL,'2025-08-17 17:00:00','2025-08-17 17:00:00',NULL),(92,37,15,NULL,4,12990000.00,51960000.00,'completed','Vivo V29',0,0,NULL,NULL,NULL,NULL,NULL,NULL,NULL,'2025-08-17 17:00:00','2025-08-17 17:00:00',NULL),(93,37,23,NULL,4,9990000.00,39960000.00,'completed','Motorola Edge 40',0,0,NULL,NULL,NULL,NULL,NULL,NULL,NULL,'2025-08-17 17:00:00','2025-08-17 17:00:00',NULL),(94,38,3,NULL,2,24990000.00,49980000.00,'pending','iPhone 15',0,0,NULL,NULL,NULL,NULL,NULL,NULL,NULL,'2025-08-20 17:00:00','2025-08-20 17:00:00',NULL),(95,39,6,NULL,3,12990000.00,38970000.00,'completed','Samsung Galaxy A55',0,0,NULL,NULL,NULL,NULL,NULL,NULL,NULL,'2025-08-14 17:00:00','2025-08-14 17:00:00',NULL),(96,39,19,NULL,3,15990000.00,47970000.00,'completed','OnePlus 12R',0,0,NULL,NULL,NULL,NULL,NULL,NULL,NULL,'2025-08-14 17:00:00','2025-08-14 17:00:00',NULL),(97,39,20,NULL,1,24990000.00,24990000.00,'completed','Huawei Pura 70 Ultra',0,0,NULL,NULL,NULL,NULL,NULL,NULL,NULL,'2025-08-14 17:00:00','2025-08-14 17:00:00',NULL),(98,39,23,NULL,3,9990000.00,29970000.00,'completed','Motorola Edge 40',0,0,NULL,NULL,NULL,NULL,NULL,NULL,NULL,'2025-08-14 17:00:00','2025-08-14 17:00:00',NULL),(99,40,1,NULL,3,34990000.00,104970000.00,'completed','iPhone 15 Pro Max',0,0,NULL,NULL,NULL,NULL,NULL,NULL,NULL,'2025-08-19 17:00:00','2025-08-19 17:00:00',NULL),(100,40,6,NULL,2,12990000.00,25980000.00,'completed','Samsung Galaxy A55',0,0,NULL,NULL,NULL,NULL,NULL,NULL,NULL,'2025-08-19 17:00:00','2025-08-19 17:00:00',NULL),(101,40,16,NULL,3,8990000.00,26970000.00,'completed','Realme GT Neo 5 SE',0,0,NULL,NULL,NULL,NULL,NULL,NULL,NULL,'2025-08-19 17:00:00','2025-08-19 17:00:00',NULL),(102,40,17,NULL,1,12990000.00,12990000.00,'completed','Realme 11 Pro+',0,0,NULL,NULL,NULL,NULL,NULL,NULL,NULL,'2025-08-19 17:00:00','2025-08-19 17:00:00',NULL),(103,41,24,NULL,4,22990000.00,91960000.00,'completed','ASUS ROG Phone 8',0,0,NULL,NULL,NULL,NULL,NULL,NULL,NULL,'2025-08-17 17:00:00','2025-08-17 17:00:00',NULL),(104,42,1,NULL,4,34990000.00,139960000.00,'completed','iPhone 15 Pro Max',0,0,NULL,NULL,NULL,NULL,NULL,NULL,NULL,'2025-08-18 17:00:00','2025-08-18 17:00:00',NULL),(105,42,24,NULL,2,22990000.00,45980000.00,'completed','ASUS ROG Phone 8',0,0,NULL,NULL,NULL,NULL,NULL,NULL,NULL,'2025-08-18 17:00:00','2025-08-18 17:00:00',NULL),(106,43,17,NULL,1,12990000.00,12990000.00,'processing','Realme 11 Pro+',0,0,NULL,NULL,NULL,NULL,NULL,NULL,NULL,'2025-08-22 17:00:00','2025-08-22 17:00:00',NULL),(107,43,20,NULL,2,24990000.00,49980000.00,'processing','Huawei Pura 70 Ultra',0,0,NULL,NULL,NULL,NULL,NULL,NULL,NULL,'2025-08-22 17:00:00','2025-08-22 17:00:00',NULL),(108,44,14,NULL,2,17990000.00,35980000.00,'completed','Vivo X100',0,0,NULL,NULL,NULL,NULL,NULL,NULL,NULL,'2025-08-20 17:00:00','2025-08-20 17:00:00',NULL),(109,44,18,NULL,3,19990000.00,59970000.00,'completed','OnePlus 12',0,0,NULL,NULL,NULL,NULL,NULL,NULL,NULL,'2025-08-20 17:00:00','2025-08-20 17:00:00',NULL),(110,44,20,NULL,4,24990000.00,99960000.00,'completed','Huawei Pura 70 Ultra',0,0,NULL,NULL,NULL,NULL,NULL,NULL,NULL,'2025-08-20 17:00:00','2025-08-20 17:00:00',NULL),(111,45,14,NULL,3,17990000.00,53970000.00,'completed','Vivo X100',0,0,NULL,NULL,NULL,NULL,NULL,NULL,NULL,'2025-08-22 17:00:00','2025-08-22 17:00:00',NULL),(112,45,20,NULL,2,24990000.00,49980000.00,'completed','Huawei Pura 70 Ultra',0,0,NULL,NULL,NULL,NULL,NULL,NULL,NULL,'2025-08-22 17:00:00','2025-08-22 17:00:00',NULL),(113,46,5,NULL,1,26990000.00,26990000.00,'completed','Samsung Galaxy S24+',0,0,NULL,NULL,NULL,NULL,NULL,NULL,NULL,'2025-08-18 17:00:00','2025-08-18 17:00:00',NULL),(114,46,13,NULL,4,21990000.00,87960000.00,'completed','Vivo X100 Pro',0,0,NULL,NULL,NULL,NULL,NULL,NULL,NULL,'2025-08-18 17:00:00','2025-08-18 17:00:00',NULL),(115,46,24,NULL,3,22990000.00,68970000.00,'completed','ASUS ROG Phone 8',0,0,NULL,NULL,NULL,NULL,NULL,NULL,NULL,'2025-08-18 17:00:00','2025-08-18 17:00:00',NULL),(116,47,1,NULL,1,34990000.00,34990000.00,'shipping','iPhone 15 Pro Max',0,0,NULL,NULL,NULL,NULL,NULL,NULL,NULL,'2025-08-23 17:00:00','2025-08-23 17:00:00',NULL),(117,47,21,NULL,2,12990000.00,25980000.00,'shipping','Huawei Nova 12',0,0,NULL,NULL,NULL,NULL,NULL,NULL,NULL,'2025-08-23 17:00:00','2025-08-23 17:00:00',NULL),(118,47,22,NULL,3,5990000.00,17970000.00,'shipping','Nokia G60',0,0,NULL,NULL,NULL,NULL,NULL,NULL,NULL,'2025-08-23 17:00:00','2025-08-23 17:00:00',NULL),(119,47,23,NULL,4,9990000.00,39960000.00,'shipping','Motorola Edge 40',0,0,NULL,NULL,NULL,NULL,NULL,NULL,NULL,'2025-08-23 17:00:00','2025-08-23 17:00:00',NULL),(120,48,3,NULL,1,24990000.00,24990000.00,'completed','iPhone 15',0,0,NULL,NULL,NULL,NULL,NULL,NULL,NULL,'2025-08-15 17:00:00','2025-08-15 17:00:00',NULL),(121,48,10,NULL,4,22990000.00,91960000.00,'completed','OPPO Find X7 Ultra',0,0,NULL,NULL,NULL,NULL,NULL,NULL,NULL,'2025-08-15 17:00:00','2025-08-15 17:00:00',NULL),(122,48,21,NULL,3,12990000.00,38970000.00,'completed','Huawei Nova 12',0,0,NULL,NULL,NULL,NULL,NULL,NULL,NULL,'2025-08-15 17:00:00','2025-08-15 17:00:00',NULL),(123,49,21,NULL,4,12990000.00,51960000.00,'cancelled','Huawei Nova 12',0,0,NULL,NULL,NULL,NULL,NULL,NULL,NULL,'2025-08-21 17:00:00','2025-08-21 17:00:00',NULL),(124,50,7,NULL,4,24990000.00,99960000.00,'completed','Xiaomi 14 Ultra',0,0,NULL,NULL,NULL,NULL,NULL,NULL,NULL,'2025-08-18 17:00:00','2025-08-18 17:00:00',NULL),(125,50,12,NULL,1,9990000.00,9990000.00,'completed','OPPO Reno 11',0,0,NULL,NULL,NULL,NULL,NULL,NULL,NULL,'2025-08-18 17:00:00','2025-08-18 17:00:00',NULL),(126,51,2,NULL,3,29990000.00,89970000.00,'completed','iPhone 15 Pro',0,0,NULL,NULL,NULL,NULL,NULL,NULL,NULL,'2025-08-15 17:00:00','2025-08-15 17:00:00',NULL),(127,51,17,NULL,1,12990000.00,12990000.00,'completed','Realme 11 Pro+',0,0,NULL,NULL,NULL,NULL,NULL,NULL,NULL,'2025-08-15 17:00:00','2025-08-15 17:00:00',NULL),(128,51,18,NULL,2,19990000.00,39980000.00,'completed','OnePlus 12',0,0,NULL,NULL,NULL,NULL,NULL,NULL,NULL,'2025-08-15 17:00:00','2025-08-15 17:00:00',NULL),(129,51,21,NULL,1,12990000.00,12990000.00,'completed','Huawei Nova 12',0,0,NULL,NULL,NULL,NULL,NULL,NULL,NULL,'2025-08-15 17:00:00','2025-08-15 17:00:00',NULL),(130,52,11,NULL,3,18990000.00,56970000.00,'cancelled','OPPO Find X7',0,0,NULL,NULL,NULL,NULL,NULL,NULL,NULL,'2025-08-22 17:00:00','2025-08-22 17:00:00',NULL),(131,52,16,NULL,4,8990000.00,35960000.00,'cancelled','Realme GT Neo 5 SE',0,0,NULL,NULL,NULL,NULL,NULL,NULL,NULL,'2025-08-22 17:00:00','2025-08-22 17:00:00',NULL),(132,52,18,NULL,2,19990000.00,39980000.00,'cancelled','OnePlus 12',0,0,NULL,NULL,NULL,NULL,NULL,NULL,NULL,'2025-08-22 17:00:00','2025-08-22 17:00:00',NULL),(133,52,20,NULL,1,24990000.00,24990000.00,'cancelled','Huawei Pura 70 Ultra',0,0,NULL,NULL,NULL,NULL,NULL,NULL,NULL,'2025-08-22 17:00:00','2025-08-22 17:00:00',NULL),(134,53,12,NULL,2,9990000.00,19980000.00,'completed','OPPO Reno 11',0,0,NULL,NULL,NULL,NULL,NULL,NULL,NULL,'2025-08-17 17:00:00','2025-08-17 17:00:00',NULL),(135,53,18,NULL,1,19990000.00,19990000.00,'completed','OnePlus 12',0,0,NULL,NULL,NULL,NULL,NULL,NULL,NULL,'2025-08-17 17:00:00','2025-08-17 17:00:00',NULL),(136,53,20,NULL,4,24990000.00,99960000.00,'completed','Huawei Pura 70 Ultra',0,0,NULL,NULL,NULL,NULL,NULL,NULL,NULL,'2025-08-17 17:00:00','2025-08-17 17:00:00',NULL),(137,54,1,NULL,1,34990000.00,34990000.00,'processing','iPhone 15 Pro Max',0,0,NULL,NULL,NULL,NULL,NULL,NULL,NULL,'2025-08-20 17:00:00','2025-08-20 17:00:00',NULL),(138,54,4,NULL,2,31990000.00,63980000.00,'processing','Samsung Galaxy S24 Ultra',0,0,NULL,NULL,NULL,NULL,NULL,NULL,NULL,'2025-08-20 17:00:00','2025-08-20 17:00:00',NULL),(139,54,7,NULL,3,24990000.00,74970000.00,'processing','Xiaomi 14 Ultra',0,0,NULL,NULL,NULL,NULL,NULL,NULL,NULL,'2025-08-20 17:00:00','2025-08-20 17:00:00',NULL),(140,55,3,NULL,2,24990000.00,49980000.00,'completed','iPhone 15',0,0,NULL,NULL,NULL,NULL,NULL,NULL,NULL,'2025-08-16 17:00:00','2025-08-16 17:00:00',NULL),(141,55,4,NULL,1,31990000.00,31990000.00,'completed','Samsung Galaxy S24 Ultra',0,0,NULL,NULL,NULL,NULL,NULL,NULL,NULL,'2025-08-16 17:00:00','2025-08-16 17:00:00',NULL),(142,55,22,NULL,2,5990000.00,11980000.00,'completed','Nokia G60',0,0,NULL,NULL,NULL,NULL,NULL,NULL,NULL,'2025-08-16 17:00:00','2025-08-16 17:00:00',NULL),(143,56,13,NULL,4,21990000.00,87960000.00,'completed','Vivo X100 Pro',0,0,NULL,NULL,NULL,NULL,NULL,NULL,NULL,'2025-08-14 17:00:00','2025-08-14 17:00:00',NULL),(144,56,19,NULL,3,15990000.00,47970000.00,'completed','OnePlus 12R',0,0,NULL,NULL,NULL,NULL,NULL,NULL,NULL,'2025-08-14 17:00:00','2025-08-14 17:00:00',NULL),(145,57,1,NULL,4,34990000.00,139960000.00,'shipping','iPhone 15 Pro Max',0,0,NULL,NULL,NULL,NULL,NULL,NULL,NULL,'2025-08-20 17:00:00','2025-08-20 17:00:00',NULL),(146,57,6,NULL,3,12990000.00,38970000.00,'shipping','Samsung Galaxy A55',0,0,NULL,NULL,NULL,NULL,NULL,NULL,NULL,'2025-08-20 17:00:00','2025-08-20 17:00:00',NULL),(147,58,3,NULL,2,24990000.00,49980000.00,'completed','iPhone 15',0,0,NULL,NULL,NULL,NULL,NULL,NULL,NULL,'2025-08-17 17:00:00','2025-08-17 17:00:00',NULL),(148,58,4,NULL,3,31990000.00,95970000.00,'completed','Samsung Galaxy S24 Ultra',0,0,NULL,NULL,NULL,NULL,NULL,NULL,NULL,'2025-08-17 17:00:00','2025-08-17 17:00:00',NULL),(149,58,6,NULL,3,12990000.00,38970000.00,'completed','Samsung Galaxy A55',0,0,NULL,NULL,NULL,NULL,NULL,NULL,NULL,'2025-08-17 17:00:00','2025-08-17 17:00:00',NULL),(150,58,14,NULL,4,17990000.00,71960000.00,'completed','Vivo X100',0,0,NULL,NULL,NULL,NULL,NULL,NULL,NULL,'2025-08-17 17:00:00','2025-08-17 17:00:00',NULL),(151,59,3,NULL,3,24990000.00,74970000.00,'completed','iPhone 15',0,0,NULL,NULL,NULL,NULL,NULL,NULL,NULL,'2025-08-16 17:00:00','2025-08-16 17:00:00',NULL),(152,59,10,NULL,1,22990000.00,22990000.00,'completed','OPPO Find X7 Ultra',0,0,NULL,NULL,NULL,NULL,NULL,NULL,NULL,'2025-08-16 17:00:00','2025-08-16 17:00:00',NULL),(153,60,5,NULL,1,26990000.00,26990000.00,'completed','Samsung Galaxy S24+',0,0,NULL,NULL,NULL,NULL,NULL,NULL,NULL,'2025-08-18 17:00:00','2025-08-18 17:00:00',NULL),(154,60,9,NULL,4,8990000.00,35960000.00,'completed','Xiaomi Redmi Note 13 Pro+',0,0,NULL,NULL,NULL,NULL,NULL,NULL,NULL,'2025-08-18 17:00:00','2025-08-18 17:00:00',NULL),(155,60,19,NULL,1,15990000.00,15990000.00,'completed','OnePlus 12R',0,0,NULL,NULL,NULL,NULL,NULL,NULL,NULL,'2025-08-18 17:00:00','2025-08-18 17:00:00',NULL),(156,60,21,NULL,3,12990000.00,38970000.00,'completed','Huawei Nova 12',0,0,NULL,NULL,NULL,NULL,NULL,NULL,NULL,'2025-08-18 17:00:00','2025-08-18 17:00:00',NULL),(157,61,2,NULL,3,29990000.00,89970000.00,'shipping','iPhone 15 Pro',0,0,NULL,NULL,NULL,NULL,NULL,NULL,NULL,'2025-08-21 17:00:00','2025-08-21 17:00:00',NULL),(158,62,19,NULL,2,15990000.00,31980000.00,'completed','OnePlus 12R',0,0,NULL,NULL,NULL,NULL,NULL,NULL,NULL,'2025-08-17 17:00:00','2025-08-17 17:00:00',NULL),(159,63,10,NULL,2,22990000.00,45980000.00,'completed','OPPO Find X7 Ultra',0,0,NULL,NULL,NULL,NULL,NULL,NULL,NULL,'2025-08-22 17:00:00','2025-08-22 17:00:00',NULL),(160,64,1,NULL,1,34990000.00,34990000.00,'completed','iPhone 15 Pro Max',0,0,NULL,NULL,NULL,NULL,NULL,NULL,NULL,'2025-08-15 17:00:00','2025-08-15 17:00:00',NULL),(161,64,15,NULL,4,12990000.00,51960000.00,'completed','Vivo V29',0,0,NULL,NULL,NULL,NULL,NULL,NULL,NULL,'2025-08-15 17:00:00','2025-08-15 17:00:00',NULL),(162,65,12,NULL,4,9990000.00,39960000.00,'processing','OPPO Reno 11',0,0,NULL,NULL,NULL,NULL,NULL,NULL,NULL,'2025-08-20 17:00:00','2025-08-20 17:00:00',NULL),(163,65,19,NULL,1,15990000.00,15990000.00,'processing','OnePlus 12R',0,0,NULL,NULL,NULL,NULL,NULL,NULL,NULL,'2025-08-20 17:00:00','2025-08-20 17:00:00',NULL),(164,65,21,NULL,1,12990000.00,12990000.00,'processing','Huawei Nova 12',0,0,NULL,NULL,NULL,NULL,NULL,NULL,NULL,'2025-08-20 17:00:00','2025-08-20 17:00:00',NULL),(165,66,5,NULL,1,26990000.00,26990000.00,'completed','Samsung Galaxy S24+',0,0,NULL,NULL,NULL,NULL,NULL,NULL,NULL,'2025-08-18 17:00:00','2025-08-18 17:00:00',NULL),(166,66,8,NULL,1,19990000.00,19990000.00,'completed','Xiaomi 14',0,0,NULL,NULL,NULL,NULL,NULL,NULL,NULL,'2025-08-18 17:00:00','2025-08-18 17:00:00',NULL),(167,66,14,NULL,2,17990000.00,35980000.00,'completed','Vivo X100',0,0,NULL,NULL,NULL,NULL,NULL,NULL,NULL,'2025-08-18 17:00:00','2025-08-18 17:00:00',NULL),(168,67,1,NULL,3,34990000.00,104970000.00,'shipping','iPhone 15 Pro Max',0,0,NULL,NULL,NULL,NULL,NULL,NULL,NULL,'2025-08-20 17:00:00','2025-08-20 17:00:00',NULL),(169,67,9,NULL,3,8990000.00,26970000.00,'shipping','Xiaomi Redmi Note 13 Pro+',0,0,NULL,NULL,NULL,NULL,NULL,NULL,NULL,'2025-08-20 17:00:00','2025-08-20 17:00:00',NULL),(170,67,11,NULL,1,18990000.00,18990000.00,'shipping','OPPO Find X7',0,0,NULL,NULL,NULL,NULL,NULL,NULL,NULL,'2025-08-20 17:00:00','2025-08-20 17:00:00',NULL),(171,68,2,NULL,3,29990000.00,89970000.00,'cancelled','iPhone 15 Pro',0,0,NULL,NULL,NULL,NULL,NULL,NULL,NULL,'2025-08-22 17:00:00','2025-08-22 17:00:00',NULL),(172,68,6,NULL,4,12990000.00,51960000.00,'cancelled','Samsung Galaxy A55',0,0,NULL,NULL,NULL,NULL,NULL,NULL,NULL,'2025-08-22 17:00:00','2025-08-22 17:00:00',NULL),(173,68,13,NULL,3,21990000.00,65970000.00,'cancelled','Vivo X100 Pro',0,0,NULL,NULL,NULL,NULL,NULL,NULL,NULL,'2025-08-22 17:00:00','2025-08-22 17:00:00',NULL),(174,68,19,NULL,3,15990000.00,47970000.00,'cancelled','OnePlus 12R',0,0,NULL,NULL,NULL,NULL,NULL,NULL,NULL,'2025-08-22 17:00:00','2025-08-22 17:00:00',NULL),(175,69,10,NULL,4,22990000.00,91960000.00,'completed','OPPO Find X7 Ultra',0,0,NULL,NULL,NULL,NULL,NULL,NULL,NULL,'2025-08-15 17:00:00','2025-08-15 17:00:00',NULL),(176,69,11,NULL,2,18990000.00,37980000.00,'completed','OPPO Find X7',0,0,NULL,NULL,NULL,NULL,NULL,NULL,NULL,'2025-08-15 17:00:00','2025-08-15 17:00:00',NULL),(177,70,2,NULL,2,29990000.00,59980000.00,'completed','iPhone 15 Pro',0,0,NULL,NULL,NULL,NULL,NULL,NULL,NULL,'2025-08-21 17:00:00','2025-08-21 17:00:00',NULL),(178,70,6,NULL,1,12990000.00,12990000.00,'completed','Samsung Galaxy A55',0,0,NULL,NULL,NULL,NULL,NULL,NULL,NULL,'2025-08-21 17:00:00','2025-08-21 17:00:00',NULL),(179,70,10,NULL,4,22990000.00,91960000.00,'completed','OPPO Find X7 Ultra',0,0,NULL,NULL,NULL,NULL,NULL,NULL,NULL,'2025-08-21 17:00:00','2025-08-21 17:00:00',NULL),(180,70,11,NULL,2,18990000.00,37980000.00,'completed','OPPO Find X7',0,0,NULL,NULL,NULL,NULL,NULL,NULL,NULL,'2025-08-21 17:00:00','2025-08-21 17:00:00',NULL),(181,71,6,NULL,1,12990000.00,12990000.00,'completed','Samsung Galaxy A55',0,0,NULL,NULL,NULL,NULL,NULL,NULL,NULL,'2025-08-19 17:00:00','2025-08-19 17:00:00',NULL),(182,71,21,NULL,2,12990000.00,25980000.00,'completed','Huawei Nova 12',0,0,NULL,NULL,NULL,NULL,NULL,NULL,NULL,'2025-08-19 17:00:00','2025-08-19 17:00:00',NULL),(183,72,19,NULL,4,15990000.00,63960000.00,'completed','OnePlus 12R',0,0,NULL,NULL,NULL,NULL,NULL,NULL,NULL,'2025-08-19 17:00:00','2025-08-19 17:00:00',NULL),(184,73,4,NULL,2,31990000.00,63980000.00,'completed','Samsung Galaxy S24 Ultra',0,0,NULL,NULL,NULL,NULL,NULL,NULL,NULL,'2025-08-19 17:00:00','2025-08-19 17:00:00',NULL),(185,73,10,NULL,2,22990000.00,45980000.00,'completed','OPPO Find X7 Ultra',0,0,NULL,NULL,NULL,NULL,NULL,NULL,NULL,'2025-08-19 17:00:00','2025-08-19 17:00:00',NULL),(186,73,20,NULL,4,24990000.00,99960000.00,'completed','Huawei Pura 70 Ultra',0,0,NULL,NULL,NULL,NULL,NULL,NULL,NULL,'2025-08-19 17:00:00','2025-08-19 17:00:00',NULL),(187,74,3,NULL,2,24990000.00,49980000.00,'completed','iPhone 15',0,0,NULL,NULL,NULL,NULL,NULL,NULL,NULL,'2025-08-16 17:00:00','2025-08-16 17:00:00',NULL),(188,75,2,NULL,1,29990000.00,29990000.00,'completed','iPhone 15 Pro',0,0,NULL,NULL,NULL,NULL,NULL,NULL,NULL,'2025-08-14 17:00:00','2025-08-14 17:00:00',NULL),(189,75,3,NULL,1,24990000.00,24990000.00,'completed','iPhone 15',0,0,NULL,NULL,NULL,NULL,NULL,NULL,NULL,'2025-08-14 17:00:00','2025-08-14 17:00:00',NULL),(190,75,11,NULL,1,18990000.00,18990000.00,'completed','OPPO Find X7',0,0,NULL,NULL,NULL,NULL,NULL,NULL,NULL,'2025-08-14 17:00:00','2025-08-14 17:00:00',NULL),(191,75,14,NULL,3,17990000.00,53970000.00,'completed','Vivo X100',0,0,NULL,NULL,NULL,NULL,NULL,NULL,NULL,'2025-08-14 17:00:00','2025-08-14 17:00:00',NULL),(192,76,7,NULL,2,24990000.00,49980000.00,'completed','Xiaomi 14 Ultra',0,0,NULL,NULL,NULL,NULL,NULL,NULL,NULL,'2025-08-23 17:00:00','2025-08-23 17:00:00',NULL),(193,76,8,NULL,3,19990000.00,59970000.00,'completed','Xiaomi 14',0,0,NULL,NULL,NULL,NULL,NULL,NULL,NULL,'2025-08-23 17:00:00','2025-08-23 17:00:00',NULL),(194,77,8,NULL,1,19990000.00,19990000.00,'processing','Xiaomi 14',0,0,NULL,NULL,NULL,NULL,NULL,NULL,NULL,'2025-08-21 17:00:00','2025-08-21 17:00:00',NULL),(195,77,10,NULL,2,22990000.00,45980000.00,'processing','OPPO Find X7 Ultra',0,0,NULL,NULL,NULL,NULL,NULL,NULL,NULL,'2025-08-21 17:00:00','2025-08-21 17:00:00',NULL),(196,77,12,NULL,3,9990000.00,29970000.00,'processing','OPPO Reno 11',0,0,NULL,NULL,NULL,NULL,NULL,NULL,NULL,'2025-08-21 17:00:00','2025-08-21 17:00:00',NULL),(197,77,14,NULL,2,17990000.00,35980000.00,'processing','Vivo X100',0,0,NULL,NULL,NULL,NULL,NULL,NULL,NULL,'2025-08-21 17:00:00','2025-08-21 17:00:00',NULL),(198,78,24,NULL,2,22990000.00,45980000.00,'completed','ASUS ROG Phone 8',0,0,NULL,NULL,NULL,NULL,NULL,NULL,NULL,'2025-08-17 17:00:00','2025-08-17 17:00:00',NULL),(199,79,3,NULL,2,24990000.00,49980000.00,'pending','iPhone 15',0,0,NULL,NULL,NULL,NULL,NULL,NULL,NULL,'2025-08-22 17:00:00','2025-08-22 17:00:00',NULL),(200,79,11,NULL,3,18990000.00,56970000.00,'pending','OPPO Find X7',0,0,NULL,NULL,NULL,NULL,NULL,NULL,NULL,'2025-08-22 17:00:00','2025-08-22 17:00:00',NULL),(201,79,16,NULL,1,8990000.00,8990000.00,'pending','Realme GT Neo 5 SE',0,0,NULL,NULL,NULL,NULL,NULL,NULL,NULL,'2025-08-22 17:00:00','2025-08-22 17:00:00',NULL),(202,79,21,NULL,3,12990000.00,38970000.00,'pending','Huawei Nova 12',0,0,NULL,NULL,NULL,NULL,NULL,NULL,NULL,'2025-08-22 17:00:00','2025-08-22 17:00:00',NULL),(203,80,2,NULL,3,29990000.00,89970000.00,'completed','iPhone 15 Pro',0,0,NULL,NULL,NULL,NULL,NULL,NULL,NULL,'2025-08-16 17:00:00','2025-08-16 17:00:00',NULL),(204,80,14,NULL,1,17990000.00,17990000.00,'completed','Vivo X100',0,0,NULL,NULL,NULL,NULL,NULL,NULL,NULL,'2025-08-16 17:00:00','2025-08-16 17:00:00',NULL),(205,80,16,NULL,4,8990000.00,35960000.00,'completed','Realme GT Neo 5 SE',0,0,NULL,NULL,NULL,NULL,NULL,NULL,NULL,'2025-08-16 17:00:00','2025-08-16 17:00:00',NULL),(206,80,22,NULL,4,5990000.00,23960000.00,'completed','Nokia G60',0,0,NULL,NULL,NULL,NULL,NULL,NULL,NULL,'2025-08-16 17:00:00','2025-08-16 17:00:00',NULL),(207,81,1,NULL,1,34990000.00,34990000.00,'shipping','iPhone 15 Pro Max',0,0,NULL,NULL,NULL,NULL,NULL,NULL,NULL,'2025-08-21 17:00:00','2025-08-21 17:00:00',NULL),(208,81,9,NULL,2,8990000.00,17980000.00,'shipping','Xiaomi Redmi Note 13 Pro+',0,0,NULL,NULL,NULL,NULL,NULL,NULL,NULL,'2025-08-21 17:00:00','2025-08-21 17:00:00',NULL),(209,82,21,NULL,1,12990000.00,12990000.00,'completed','Huawei Nova 12',0,0,NULL,NULL,NULL,NULL,NULL,NULL,NULL,'2025-08-18 17:00:00','2025-08-18 17:00:00',NULL),(210,83,3,NULL,3,24990000.00,74970000.00,'completed','iPhone 15',0,0,NULL,NULL,NULL,NULL,NULL,NULL,NULL,'2025-08-16 17:00:00','2025-08-16 17:00:00',NULL),(211,83,24,NULL,1,22990000.00,22990000.00,'completed','ASUS ROG Phone 8',0,0,NULL,NULL,NULL,NULL,NULL,NULL,NULL,'2025-08-16 17:00:00','2025-08-16 17:00:00',NULL),(212,84,9,NULL,4,8990000.00,35960000.00,'processing','Xiaomi Redmi Note 13 Pro+',0,0,NULL,NULL,NULL,NULL,NULL,NULL,NULL,'2025-08-21 17:00:00','2025-08-21 17:00:00',NULL),(213,85,5,NULL,3,26990000.00,80970000.00,'completed','Samsung Galaxy S24+',0,0,NULL,NULL,NULL,NULL,NULL,NULL,NULL,'2025-08-19 17:00:00','2025-08-19 17:00:00',NULL),(214,86,20,NULL,4,24990000.00,99960000.00,'completed','Huawei Pura 70 Ultra',0,0,NULL,NULL,NULL,NULL,NULL,NULL,NULL,'2025-08-20 17:00:00','2025-08-20 17:00:00',NULL),(215,86,21,NULL,3,12990000.00,38970000.00,'completed','Huawei Nova 12',0,0,NULL,NULL,NULL,NULL,NULL,NULL,NULL,'2025-08-20 17:00:00','2025-08-20 17:00:00',NULL),(216,87,10,NULL,4,22990000.00,91960000.00,'completed','OPPO Find X7 Ultra',0,0,NULL,NULL,NULL,NULL,NULL,NULL,NULL,'2025-08-18 17:00:00','2025-08-18 17:00:00',NULL),(217,88,6,NULL,3,12990000.00,38970000.00,'completed','Samsung Galaxy A55',0,0,NULL,NULL,NULL,NULL,NULL,NULL,NULL,'2025-08-18 17:00:00','2025-08-18 17:00:00',NULL),(218,88,15,NULL,3,12990000.00,38970000.00,'completed','Vivo V29',0,0,NULL,NULL,NULL,NULL,NULL,NULL,NULL,'2025-08-18 17:00:00','2025-08-18 17:00:00',NULL),(219,88,18,NULL,3,19990000.00,59970000.00,'completed','OnePlus 12',0,0,NULL,NULL,NULL,NULL,NULL,NULL,NULL,'2025-08-18 17:00:00','2025-08-18 17:00:00',NULL),(220,89,9,NULL,1,8990000.00,8990000.00,'completed','Xiaomi Redmi Note 13 Pro+',0,0,NULL,NULL,NULL,NULL,NULL,NULL,NULL,'2025-08-17 17:00:00','2025-08-17 17:00:00',NULL),(221,89,15,NULL,3,12990000.00,38970000.00,'completed','Vivo V29',0,0,NULL,NULL,NULL,NULL,NULL,NULL,NULL,'2025-08-17 17:00:00','2025-08-17 17:00:00',NULL),(222,89,24,NULL,4,22990000.00,91960000.00,'completed','ASUS ROG Phone 8',0,0,NULL,NULL,NULL,NULL,NULL,NULL,NULL,'2025-08-17 17:00:00','2025-08-17 17:00:00',NULL),(223,90,4,NULL,1,31990000.00,31990000.00,'pending','Samsung Galaxy S24 Ultra',0,0,NULL,NULL,NULL,NULL,NULL,NULL,NULL,'2025-08-21 17:00:00','2025-08-21 17:00:00',NULL),(224,91,1,NULL,1,34990000.00,34990000.00,'completed','iPhone 15 Pro Max',0,0,NULL,NULL,NULL,NULL,NULL,NULL,NULL,'2025-08-18 17:00:00','2025-08-18 17:00:00',NULL),(225,92,9,NULL,3,8990000.00,26970000.00,'completed','Xiaomi Redmi Note 13 Pro+',0,0,NULL,NULL,NULL,NULL,NULL,NULL,NULL,'2025-08-17 17:00:00','2025-08-17 17:00:00',NULL),(226,92,15,NULL,1,12990000.00,12990000.00,'completed','Vivo V29',0,0,NULL,NULL,NULL,NULL,NULL,NULL,NULL,'2025-08-17 17:00:00','2025-08-17 17:00:00',NULL),(227,92,23,NULL,1,9990000.00,9990000.00,'completed','Motorola Edge 40',0,0,NULL,NULL,NULL,NULL,NULL,NULL,NULL,'2025-08-17 17:00:00','2025-08-17 17:00:00',NULL),(228,93,11,NULL,4,18990000.00,75960000.00,'completed','OPPO Find X7',0,0,NULL,NULL,NULL,NULL,NULL,NULL,NULL,'2025-08-14 17:00:00','2025-08-14 17:00:00',NULL),(229,93,16,NULL,2,8990000.00,17980000.00,'completed','Realme GT Neo 5 SE',0,0,NULL,NULL,NULL,NULL,NULL,NULL,NULL,'2025-08-14 17:00:00','2025-08-14 17:00:00',NULL),(230,93,19,NULL,4,15990000.00,63960000.00,'completed','OnePlus 12R',0,0,NULL,NULL,NULL,NULL,NULL,NULL,NULL,'2025-08-14 17:00:00','2025-08-14 17:00:00',NULL),(231,93,22,NULL,2,5990000.00,11980000.00,'completed','Nokia G60',0,0,NULL,NULL,NULL,NULL,NULL,NULL,NULL,'2025-08-14 17:00:00','2025-08-14 17:00:00',NULL),(232,94,12,NULL,4,9990000.00,39960000.00,'completed','OPPO Reno 11',0,0,NULL,NULL,NULL,NULL,NULL,NULL,NULL,'2025-08-22 17:00:00','2025-08-22 17:00:00',NULL),(233,94,18,NULL,1,19990000.00,19990000.00,'completed','OnePlus 12',0,0,NULL,NULL,NULL,NULL,NULL,NULL,NULL,'2025-08-22 17:00:00','2025-08-22 17:00:00',NULL),(234,94,19,NULL,1,15990000.00,15990000.00,'completed','OnePlus 12R',0,0,NULL,NULL,NULL,NULL,NULL,NULL,NULL,'2025-08-22 17:00:00','2025-08-22 17:00:00',NULL),(235,94,22,NULL,1,5990000.00,5990000.00,'completed','Nokia G60',0,0,NULL,NULL,NULL,NULL,NULL,NULL,NULL,'2025-08-22 17:00:00','2025-08-22 17:00:00',NULL),(236,95,16,NULL,3,8990000.00,26970000.00,'processing','Realme GT Neo 5 SE',0,0,NULL,NULL,NULL,NULL,NULL,NULL,NULL,'2025-08-22 17:00:00','2025-08-22 17:00:00',NULL),(237,96,7,NULL,1,24990000.00,24990000.00,'completed','Xiaomi 14 Ultra',0,0,NULL,NULL,NULL,NULL,NULL,NULL,NULL,'2025-08-14 17:00:00','2025-08-14 17:00:00',NULL),(238,96,13,NULL,2,21990000.00,43980000.00,'completed','Vivo X100 Pro',0,0,NULL,NULL,NULL,NULL,NULL,NULL,NULL,'2025-08-14 17:00:00','2025-08-14 17:00:00',NULL),(239,96,21,NULL,4,12990000.00,51960000.00,'completed','Huawei Nova 12',0,0,NULL,NULL,NULL,NULL,NULL,NULL,NULL,'2025-08-14 17:00:00','2025-08-14 17:00:00',NULL),(240,97,16,NULL,2,8990000.00,17980000.00,'completed','Realme GT Neo 5 SE',0,0,NULL,NULL,NULL,NULL,NULL,NULL,NULL,'2025-08-15 17:00:00','2025-08-15 17:00:00',NULL),(241,98,13,NULL,3,21990000.00,65970000.00,'cancelled','Vivo X100 Pro',0,0,NULL,NULL,NULL,NULL,NULL,NULL,NULL,'2025-08-21 17:00:00','2025-08-21 17:00:00',NULL),(242,98,14,NULL,2,17990000.00,35980000.00,'cancelled','Vivo X100',0,0,NULL,NULL,NULL,NULL,NULL,NULL,NULL,'2025-08-21 17:00:00','2025-08-21 17:00:00',NULL),(243,98,16,NULL,2,8990000.00,17980000.00,'cancelled','Realme GT Neo 5 SE',0,0,NULL,NULL,NULL,NULL,NULL,NULL,NULL,'2025-08-21 17:00:00','2025-08-21 17:00:00',NULL),(244,98,21,NULL,2,12990000.00,25980000.00,'cancelled','Huawei Nova 12',0,0,NULL,NULL,NULL,NULL,NULL,NULL,NULL,'2025-08-21 17:00:00','2025-08-21 17:00:00',NULL),(245,99,6,NULL,3,12990000.00,38970000.00,'processing','Samsung Galaxy A55',0,0,NULL,NULL,NULL,NULL,NULL,NULL,NULL,'2025-08-20 17:00:00','2025-08-20 17:00:00',NULL),(246,99,18,NULL,1,19990000.00,19990000.00,'processing','OnePlus 12',0,0,NULL,NULL,NULL,NULL,NULL,NULL,NULL,'2025-08-20 17:00:00','2025-08-20 17:00:00',NULL),(247,99,20,NULL,3,24990000.00,74970000.00,'processing','Huawei Pura 70 Ultra',0,0,NULL,NULL,NULL,NULL,NULL,NULL,NULL,'2025-08-20 17:00:00','2025-08-20 17:00:00',NULL),(248,99,23,NULL,2,9990000.00,19980000.00,'processing','Motorola Edge 40',0,0,NULL,NULL,NULL,NULL,NULL,NULL,NULL,'2025-08-20 17:00:00','2025-08-20 17:00:00',NULL),(249,100,6,NULL,3,12990000.00,38970000.00,'completed','Samsung Galaxy A55',0,0,NULL,NULL,NULL,NULL,NULL,NULL,NULL,'2025-08-17 17:00:00','2025-08-17 17:00:00',NULL),(250,100,15,NULL,1,12990000.00,12990000.00,'completed','Vivo V29',0,0,NULL,NULL,NULL,NULL,NULL,NULL,NULL,'2025-08-17 17:00:00','2025-08-17 17:00:00',NULL),(251,101,1,NULL,1,34990000.00,34990000.00,'completed','iPhone 15 Pro Max',0,0,NULL,NULL,NULL,NULL,NULL,NULL,NULL,'2025-08-18 17:00:00','2025-08-18 17:00:00',NULL),(252,101,14,NULL,2,17990000.00,35980000.00,'completed','Vivo X100',0,0,NULL,NULL,NULL,NULL,NULL,NULL,NULL,'2025-08-18 17:00:00','2025-08-18 17:00:00',NULL),(253,101,24,NULL,1,22990000.00,22990000.00,'completed','ASUS ROG Phone 8',0,0,NULL,NULL,NULL,NULL,NULL,NULL,NULL,'2025-08-18 17:00:00','2025-08-18 17:00:00',NULL),(254,102,2,NULL,3,29990000.00,89970000.00,'completed','iPhone 15 Pro',0,0,NULL,NULL,NULL,NULL,NULL,NULL,NULL,'2025-08-18 17:00:00','2025-08-18 17:00:00',NULL),(255,102,16,NULL,1,8990000.00,8990000.00,'completed','Realme GT Neo 5 SE',0,0,NULL,NULL,NULL,NULL,NULL,NULL,NULL,'2025-08-18 17:00:00','2025-08-18 17:00:00',NULL),(256,102,22,NULL,2,5990000.00,11980000.00,'completed','Nokia G60',0,0,NULL,NULL,NULL,NULL,NULL,NULL,NULL,'2025-08-18 17:00:00','2025-08-18 17:00:00',NULL),(257,103,2,NULL,1,29990000.00,29990000.00,'shipping','iPhone 15 Pro',0,0,NULL,NULL,NULL,NULL,NULL,NULL,NULL,'2025-08-20 17:00:00','2025-08-20 17:00:00',NULL),(258,103,6,NULL,3,12990000.00,38970000.00,'shipping','Samsung Galaxy A55',0,0,NULL,NULL,NULL,NULL,NULL,NULL,NULL,'2025-08-20 17:00:00','2025-08-20 17:00:00',NULL),(259,103,19,NULL,3,15990000.00,47970000.00,'shipping','OnePlus 12R',0,0,NULL,NULL,NULL,NULL,NULL,NULL,NULL,'2025-08-20 17:00:00','2025-08-20 17:00:00',NULL),(260,104,2,NULL,1,29990000.00,29990000.00,'completed','iPhone 15 Pro',0,0,NULL,NULL,NULL,NULL,NULL,NULL,NULL,'2025-08-19 17:00:00','2025-08-19 17:00:00',NULL),(261,104,21,NULL,2,12990000.00,25980000.00,'completed','Huawei Nova 12',0,0,NULL,NULL,NULL,NULL,NULL,NULL,NULL,'2025-08-19 17:00:00','2025-08-19 17:00:00',NULL),(262,105,7,NULL,2,24990000.00,49980000.00,'cancelled','Xiaomi 14 Ultra',0,0,NULL,NULL,NULL,NULL,NULL,NULL,NULL,'2025-08-20 17:00:00','2025-08-20 17:00:00',NULL),(263,105,13,NULL,4,21990000.00,87960000.00,'cancelled','Vivo X100 Pro',0,0,NULL,NULL,NULL,NULL,NULL,NULL,NULL,'2025-08-20 17:00:00','2025-08-20 17:00:00',NULL),(264,105,16,NULL,2,8990000.00,17980000.00,'cancelled','Realme GT Neo 5 SE',0,0,NULL,NULL,NULL,NULL,NULL,NULL,NULL,'2025-08-20 17:00:00','2025-08-20 17:00:00',NULL),(265,105,20,NULL,1,24990000.00,24990000.00,'cancelled','Huawei Pura 70 Ultra',0,0,NULL,NULL,NULL,NULL,NULL,NULL,NULL,'2025-08-20 17:00:00','2025-08-20 17:00:00',NULL),(266,106,19,NULL,3,15990000.00,47970000.00,'pending','OnePlus 12R',0,0,NULL,NULL,NULL,NULL,NULL,NULL,NULL,'2025-08-20 17:00:00','2025-08-20 17:00:00',NULL),(267,106,24,NULL,3,22990000.00,68970000.00,'pending','ASUS ROG Phone 8',0,0,NULL,NULL,NULL,NULL,NULL,NULL,NULL,'2025-08-20 17:00:00','2025-08-20 17:00:00',NULL),(268,107,3,NULL,4,24990000.00,99960000.00,'completed','iPhone 15',0,0,NULL,NULL,NULL,NULL,NULL,NULL,NULL,'2025-08-21 17:00:00','2025-08-21 17:00:00',NULL),(269,107,13,NULL,3,21990000.00,65970000.00,'completed','Vivo X100 Pro',0,0,NULL,NULL,NULL,NULL,NULL,NULL,NULL,'2025-08-21 17:00:00','2025-08-21 17:00:00',NULL),(270,107,16,NULL,2,8990000.00,17980000.00,'completed','Realme GT Neo 5 SE',0,0,NULL,NULL,NULL,NULL,NULL,NULL,NULL,'2025-08-21 17:00:00','2025-08-21 17:00:00',NULL),(271,107,24,NULL,1,22990000.00,22990000.00,'completed','ASUS ROG Phone 8',0,0,NULL,NULL,NULL,NULL,NULL,NULL,NULL,'2025-08-21 17:00:00','2025-08-21 17:00:00',NULL),(272,108,16,NULL,4,8990000.00,35960000.00,'completed','Realme GT Neo 5 SE',0,0,NULL,NULL,NULL,NULL,NULL,NULL,NULL,'2025-08-16 17:00:00','2025-08-16 17:00:00',NULL),(273,109,1,NULL,1,34990000.00,34990000.00,'completed','iPhone 15 Pro Max',0,0,NULL,NULL,NULL,NULL,NULL,NULL,NULL,'2025-08-20 17:00:00','2025-08-20 17:00:00',NULL),(274,109,9,NULL,1,8990000.00,8990000.00,'completed','Xiaomi Redmi Note 13 Pro+',0,0,NULL,NULL,NULL,NULL,NULL,NULL,NULL,'2025-08-20 17:00:00','2025-08-20 17:00:00',NULL),(275,109,18,NULL,4,19990000.00,79960000.00,'completed','OnePlus 12',0,0,NULL,NULL,NULL,NULL,NULL,NULL,NULL,'2025-08-20 17:00:00','2025-08-20 17:00:00',NULL),(276,109,21,NULL,3,12990000.00,38970000.00,'completed','Huawei Nova 12',0,0,NULL,NULL,NULL,NULL,NULL,NULL,NULL,'2025-08-20 17:00:00','2025-08-20 17:00:00',NULL),(277,110,13,NULL,1,21990000.00,21990000.00,'completed','Vivo X100 Pro',0,0,NULL,NULL,NULL,NULL,NULL,NULL,NULL,'2025-08-15 17:00:00','2025-08-15 17:00:00',NULL),(278,111,6,NULL,4,12990000.00,51960000.00,'completed','Samsung Galaxy A55',0,0,NULL,NULL,NULL,NULL,NULL,NULL,NULL,'2025-08-15 17:00:00','2025-08-15 17:00:00',NULL),(279,111,17,NULL,1,12990000.00,12990000.00,'completed','Realme 11 Pro+',0,0,NULL,NULL,NULL,NULL,NULL,NULL,NULL,'2025-08-15 17:00:00','2025-08-15 17:00:00',NULL),(280,112,17,NULL,1,12990000.00,12990000.00,'cancelled','Realme 11 Pro+',0,0,NULL,NULL,NULL,NULL,NULL,NULL,NULL,'2025-08-20 17:00:00','2025-08-20 17:00:00',NULL),(281,112,22,NULL,3,5990000.00,17970000.00,'cancelled','Nokia G60',0,0,NULL,NULL,NULL,NULL,NULL,NULL,NULL,'2025-08-20 17:00:00','2025-08-20 17:00:00',NULL),(282,113,15,NULL,2,12990000.00,25980000.00,'processing','Vivo V29',0,0,NULL,NULL,NULL,NULL,NULL,NULL,NULL,'2025-08-22 17:00:00','2025-08-22 17:00:00',NULL),(283,113,19,NULL,3,15990000.00,47970000.00,'processing','OnePlus 12R',0,0,NULL,NULL,NULL,NULL,NULL,NULL,NULL,'2025-08-22 17:00:00','2025-08-22 17:00:00',NULL),(284,114,2,NULL,3,29990000.00,89970000.00,'completed','iPhone 15 Pro',0,0,NULL,NULL,NULL,NULL,NULL,NULL,NULL,'2025-08-17 17:00:00','2025-08-17 17:00:00',NULL),(285,115,7,NULL,2,24990000.00,49980000.00,'completed','Xiaomi 14 Ultra',0,0,NULL,NULL,NULL,NULL,NULL,NULL,NULL,'2025-08-17 17:00:00','2025-08-17 17:00:00',NULL),(286,115,22,NULL,3,5990000.00,17970000.00,'completed','Nokia G60',0,0,NULL,NULL,NULL,NULL,NULL,NULL,NULL,'2025-08-17 17:00:00','2025-08-17 17:00:00',NULL),(287,116,7,NULL,2,24990000.00,49980000.00,'pending','Xiaomi 14 Ultra',0,0,NULL,NULL,NULL,NULL,NULL,NULL,NULL,'2025-08-22 17:00:00','2025-08-22 17:00:00',NULL),(288,116,10,NULL,2,22990000.00,45980000.00,'pending','OPPO Find X7 Ultra',0,0,NULL,NULL,NULL,NULL,NULL,NULL,NULL,'2025-08-22 17:00:00','2025-08-22 17:00:00',NULL),(289,116,18,NULL,3,19990000.00,59970000.00,'pending','OnePlus 12',0,0,NULL,NULL,NULL,NULL,NULL,NULL,NULL,'2025-08-22 17:00:00','2025-08-22 17:00:00',NULL),(290,116,22,NULL,2,5990000.00,11980000.00,'pending','Nokia G60',0,0,NULL,NULL,NULL,NULL,NULL,NULL,NULL,'2025-08-22 17:00:00','2025-08-22 17:00:00',NULL),(291,117,3,NULL,4,24990000.00,99960000.00,'shipping','iPhone 15',0,0,NULL,NULL,NULL,NULL,NULL,NULL,NULL,'2025-08-21 17:00:00','2025-08-21 17:00:00',NULL),(292,118,10,NULL,2,22990000.00,45980000.00,'completed','OPPO Find X7 Ultra',0,0,NULL,NULL,NULL,NULL,NULL,NULL,NULL,'2025-08-20 17:00:00','2025-08-20 17:00:00',NULL),(293,118,13,NULL,3,21990000.00,65970000.00,'completed','Vivo X100 Pro',0,0,NULL,NULL,NULL,NULL,NULL,NULL,NULL,'2025-08-20 17:00:00','2025-08-20 17:00:00',NULL),(294,118,17,NULL,1,12990000.00,12990000.00,'completed','Realme 11 Pro+',0,0,NULL,NULL,NULL,NULL,NULL,NULL,NULL,'2025-08-20 17:00:00','2025-08-20 17:00:00',NULL),(295,119,7,NULL,4,24990000.00,99960000.00,'completed','Xiaomi 14 Ultra',0,0,NULL,NULL,NULL,NULL,NULL,NULL,NULL,'2025-08-16 17:00:00','2025-08-16 17:00:00',NULL),(296,120,12,NULL,3,9990000.00,29970000.00,'pending','OPPO Reno 11',0,0,NULL,NULL,NULL,NULL,NULL,NULL,NULL,'2025-08-21 17:00:00','2025-08-21 17:00:00',NULL),(297,120,14,NULL,4,17990000.00,71960000.00,'pending','Vivo X100',0,0,NULL,NULL,NULL,NULL,NULL,NULL,NULL,'2025-08-21 17:00:00','2025-08-21 17:00:00',NULL),(298,120,19,NULL,4,15990000.00,63960000.00,'pending','OnePlus 12R',0,0,NULL,NULL,NULL,NULL,NULL,NULL,NULL,'2025-08-21 17:00:00','2025-08-21 17:00:00',NULL),(299,121,3,NULL,3,24990000.00,74970000.00,'completed','iPhone 15',0,0,NULL,NULL,NULL,NULL,NULL,NULL,NULL,'2025-08-18 17:00:00','2025-08-18 17:00:00',NULL),(300,122,4,NULL,1,31990000.00,31990000.00,'cancelled','Samsung Galaxy S24 Ultra',0,0,NULL,NULL,NULL,NULL,NULL,NULL,NULL,'2025-08-21 17:00:00','2025-08-21 17:00:00',NULL),(301,122,7,NULL,1,24990000.00,24990000.00,'cancelled','Xiaomi 14 Ultra',0,0,NULL,NULL,NULL,NULL,NULL,NULL,NULL,'2025-08-21 17:00:00','2025-08-21 17:00:00',NULL),(302,122,16,NULL,1,8990000.00,8990000.00,'cancelled','Realme GT Neo 5 SE',0,0,NULL,NULL,NULL,NULL,NULL,NULL,NULL,'2025-08-21 17:00:00','2025-08-21 17:00:00',NULL),(303,122,18,NULL,1,19990000.00,19990000.00,'cancelled','OnePlus 12',0,0,NULL,NULL,NULL,NULL,NULL,NULL,NULL,'2025-08-21 17:00:00','2025-08-21 17:00:00',NULL),(304,123,6,NULL,4,12990000.00,51960000.00,'completed','Samsung Galaxy A55',0,0,NULL,NULL,NULL,NULL,NULL,NULL,NULL,'2025-08-18 17:00:00','2025-08-18 17:00:00',NULL),(305,123,12,NULL,4,9990000.00,39960000.00,'completed','OPPO Reno 11',0,0,NULL,NULL,NULL,NULL,NULL,NULL,NULL,'2025-08-18 17:00:00','2025-08-18 17:00:00',NULL),(306,123,13,NULL,2,21990000.00,43980000.00,'completed','Vivo X100 Pro',0,0,NULL,NULL,NULL,NULL,NULL,NULL,NULL,'2025-08-18 17:00:00','2025-08-18 17:00:00',NULL),(307,123,22,NULL,1,5990000.00,5990000.00,'completed','Nokia G60',0,0,NULL,NULL,NULL,NULL,NULL,NULL,NULL,'2025-08-18 17:00:00','2025-08-18 17:00:00',NULL),(308,124,6,NULL,4,12990000.00,51960000.00,'cancelled','Samsung Galaxy A55',0,0,NULL,NULL,NULL,NULL,NULL,NULL,NULL,'2025-08-22 17:00:00','2025-08-22 17:00:00',NULL),(309,124,8,NULL,4,19990000.00,79960000.00,'cancelled','Xiaomi 14',0,0,NULL,NULL,NULL,NULL,NULL,NULL,NULL,'2025-08-22 17:00:00','2025-08-22 17:00:00',NULL),(310,124,12,NULL,2,9990000.00,19980000.00,'cancelled','OPPO Reno 11',0,0,NULL,NULL,NULL,NULL,NULL,NULL,NULL,'2025-08-22 17:00:00','2025-08-22 17:00:00',NULL),(311,125,13,NULL,1,21990000.00,21990000.00,'completed','Vivo X100 Pro',0,0,NULL,NULL,NULL,NULL,NULL,NULL,NULL,'2025-08-14 17:00:00','2025-08-14 17:00:00',NULL),(312,125,17,NULL,2,12990000.00,25980000.00,'completed','Realme 11 Pro+',0,0,NULL,NULL,NULL,NULL,NULL,NULL,NULL,'2025-08-14 17:00:00','2025-08-14 17:00:00',NULL),(313,125,24,NULL,2,22990000.00,45980000.00,'completed','ASUS ROG Phone 8',0,0,NULL,NULL,NULL,NULL,NULL,NULL,NULL,'2025-08-14 17:00:00','2025-08-14 17:00:00',NULL),(314,126,4,NULL,2,31990000.00,63980000.00,'cancelled','Samsung Galaxy S24 Ultra',0,0,NULL,NULL,NULL,NULL,NULL,NULL,NULL,'2025-08-22 17:00:00','2025-08-22 17:00:00',NULL),(315,126,13,NULL,4,21990000.00,87960000.00,'cancelled','Vivo X100 Pro',0,0,NULL,NULL,NULL,NULL,NULL,NULL,NULL,'2025-08-22 17:00:00','2025-08-22 17:00:00',NULL),(316,126,14,NULL,4,17990000.00,71960000.00,'cancelled','Vivo X100',0,0,NULL,NULL,NULL,NULL,NULL,NULL,NULL,'2025-08-22 17:00:00','2025-08-22 17:00:00',NULL),(317,127,1,NULL,3,34990000.00,104970000.00,'completed','iPhone 15 Pro Max',0,0,NULL,NULL,NULL,NULL,NULL,NULL,NULL,'2025-08-19 17:00:00','2025-08-19 17:00:00',NULL),(318,127,4,NULL,3,31990000.00,95970000.00,'completed','Samsung Galaxy S24 Ultra',0,0,NULL,NULL,NULL,NULL,NULL,NULL,NULL,'2025-08-19 17:00:00','2025-08-19 17:00:00',NULL),(319,127,7,NULL,3,24990000.00,74970000.00,'completed','Xiaomi 14 Ultra',0,0,NULL,NULL,NULL,NULL,NULL,NULL,NULL,'2025-08-19 17:00:00','2025-08-19 17:00:00',NULL),(320,128,2,NULL,4,29990000.00,119960000.00,'completed','iPhone 15 Pro',0,0,NULL,NULL,NULL,NULL,NULL,NULL,NULL,'2025-08-15 17:00:00','2025-08-15 17:00:00',NULL),(321,128,24,NULL,1,22990000.00,22990000.00,'completed','ASUS ROG Phone 8',0,0,NULL,NULL,NULL,NULL,NULL,NULL,NULL,'2025-08-15 17:00:00','2025-08-15 17:00:00',NULL),(322,129,7,NULL,2,24990000.00,49980000.00,'completed','Xiaomi 14 Ultra',0,0,NULL,NULL,NULL,NULL,NULL,NULL,NULL,'2025-08-21 17:00:00','2025-08-21 17:00:00',NULL),(323,129,14,NULL,4,17990000.00,71960000.00,'completed','Vivo X100',0,0,NULL,NULL,NULL,NULL,NULL,NULL,NULL,'2025-08-21 17:00:00','2025-08-21 17:00:00',NULL),(324,129,19,NULL,3,15990000.00,47970000.00,'completed','OnePlus 12R',0,0,NULL,NULL,NULL,NULL,NULL,NULL,NULL,'2025-08-21 17:00:00','2025-08-21 17:00:00',NULL),(325,130,2,NULL,3,29990000.00,89970000.00,'completed','iPhone 15 Pro',0,0,NULL,NULL,NULL,NULL,NULL,NULL,NULL,'2025-08-18 17:00:00','2025-08-18 17:00:00',NULL),(326,130,8,NULL,3,19990000.00,59970000.00,'completed','Xiaomi 14',0,0,NULL,NULL,NULL,NULL,NULL,NULL,NULL,'2025-08-18 17:00:00','2025-08-18 17:00:00',NULL),(327,130,10,NULL,3,22990000.00,68970000.00,'completed','OPPO Find X7 Ultra',0,0,NULL,NULL,NULL,NULL,NULL,NULL,NULL,'2025-08-18 17:00:00','2025-08-18 17:00:00',NULL),(328,131,6,NULL,4,12990000.00,51960000.00,'completed','Samsung Galaxy A55',0,0,NULL,NULL,NULL,NULL,NULL,NULL,NULL,'2025-08-15 17:00:00','2025-08-15 17:00:00',NULL),(329,131,7,NULL,1,24990000.00,24990000.00,'completed','Xiaomi 14 Ultra',0,0,NULL,NULL,NULL,NULL,NULL,NULL,NULL,'2025-08-15 17:00:00','2025-08-15 17:00:00',NULL),(330,131,23,NULL,4,9990000.00,39960000.00,'completed','Motorola Edge 40',0,0,NULL,NULL,NULL,NULL,NULL,NULL,NULL,'2025-08-15 17:00:00','2025-08-15 17:00:00',NULL),(331,132,20,NULL,2,24990000.00,49980000.00,'completed','Huawei Pura 70 Ultra',0,0,NULL,NULL,NULL,NULL,NULL,NULL,NULL,'2025-08-22 17:00:00','2025-08-22 17:00:00',NULL),(332,132,21,NULL,3,12990000.00,38970000.00,'completed','Huawei Nova 12',0,0,NULL,NULL,NULL,NULL,NULL,NULL,NULL,'2025-08-22 17:00:00','2025-08-22 17:00:00',NULL),(333,132,23,NULL,3,9990000.00,29970000.00,'completed','Motorola Edge 40',0,0,NULL,NULL,NULL,NULL,NULL,NULL,NULL,'2025-08-22 17:00:00','2025-08-22 17:00:00',NULL),(334,133,12,NULL,3,9990000.00,29970000.00,'shipping','OPPO Reno 11',0,0,NULL,NULL,NULL,NULL,NULL,NULL,NULL,'2025-08-20 17:00:00','2025-08-20 17:00:00',NULL),(335,133,20,NULL,1,24990000.00,24990000.00,'shipping','Huawei Pura 70 Ultra',0,0,NULL,NULL,NULL,NULL,NULL,NULL,NULL,'2025-08-20 17:00:00','2025-08-20 17:00:00',NULL),(336,134,5,NULL,3,26990000.00,80970000.00,'pending','Samsung Galaxy S24+',0,0,NULL,NULL,NULL,NULL,NULL,NULL,NULL,'2025-08-23 17:00:00','2025-08-23 17:00:00',NULL),(337,134,6,NULL,1,12990000.00,12990000.00,'pending','Samsung Galaxy A55',0,0,NULL,NULL,NULL,NULL,NULL,NULL,NULL,'2025-08-23 17:00:00','2025-08-23 17:00:00',NULL),(338,134,8,NULL,3,19990000.00,59970000.00,'pending','Xiaomi 14',0,0,NULL,NULL,NULL,NULL,NULL,NULL,NULL,'2025-08-23 17:00:00','2025-08-23 17:00:00',NULL),(339,135,1,NULL,2,34990000.00,69980000.00,'pending','iPhone 15 Pro Max',0,0,NULL,NULL,NULL,NULL,NULL,NULL,NULL,'2025-08-23 17:00:00','2025-08-23 17:00:00',NULL),(340,135,6,NULL,3,12990000.00,38970000.00,'pending','Samsung Galaxy A55',0,0,NULL,NULL,NULL,NULL,NULL,NULL,NULL,'2025-08-23 17:00:00','2025-08-23 17:00:00',NULL),(341,135,9,NULL,2,8990000.00,17980000.00,'pending','Xiaomi Redmi Note 13 Pro+',0,0,NULL,NULL,NULL,NULL,NULL,NULL,NULL,'2025-08-23 17:00:00','2025-08-23 17:00:00',NULL),(342,136,1,NULL,3,34990000.00,104970000.00,'shipping','iPhone 15 Pro Max',0,0,NULL,NULL,NULL,NULL,NULL,NULL,NULL,'2025-08-21 17:00:00','2025-08-21 17:00:00',NULL),(343,136,9,NULL,4,8990000.00,35960000.00,'shipping','Xiaomi Redmi Note 13 Pro+',0,0,NULL,NULL,NULL,NULL,NULL,NULL,NULL,'2025-08-21 17:00:00','2025-08-21 17:00:00',NULL),(344,136,16,NULL,2,8990000.00,17980000.00,'shipping','Realme GT Neo 5 SE',0,0,NULL,NULL,NULL,NULL,NULL,NULL,NULL,'2025-08-21 17:00:00','2025-08-21 17:00:00',NULL),(345,137,5,NULL,2,26990000.00,53980000.00,'pending','Samsung Galaxy S24+',0,0,NULL,NULL,NULL,NULL,NULL,NULL,NULL,'2025-08-21 17:00:00','2025-08-21 17:00:00',NULL),(346,137,13,NULL,4,21990000.00,87960000.00,'pending','Vivo X100 Pro',0,0,NULL,NULL,NULL,NULL,NULL,NULL,NULL,'2025-08-21 17:00:00','2025-08-21 17:00:00',NULL),(347,137,14,NULL,4,17990000.00,71960000.00,'pending','Vivo X100',0,0,NULL,NULL,NULL,NULL,NULL,NULL,NULL,'2025-08-21 17:00:00','2025-08-21 17:00:00',NULL),(348,137,19,NULL,4,15990000.00,63960000.00,'pending','OnePlus 12R',0,0,NULL,NULL,NULL,NULL,NULL,NULL,NULL,'2025-08-21 17:00:00','2025-08-21 17:00:00',NULL),(349,138,3,NULL,4,24990000.00,99960000.00,'completed','iPhone 15',0,0,NULL,NULL,NULL,NULL,NULL,NULL,NULL,'2025-08-22 17:00:00','2025-08-22 17:00:00',NULL),(350,138,9,NULL,4,8990000.00,35960000.00,'completed','Xiaomi Redmi Note 13 Pro+',0,0,NULL,NULL,NULL,NULL,NULL,NULL,NULL,'2025-08-22 17:00:00','2025-08-22 17:00:00',NULL),(351,138,12,NULL,3,9990000.00,29970000.00,'completed','OPPO Reno 11',0,0,NULL,NULL,NULL,NULL,NULL,NULL,NULL,'2025-08-22 17:00:00','2025-08-22 17:00:00',NULL),(352,138,16,NULL,2,8990000.00,17980000.00,'completed','Realme GT Neo 5 SE',0,0,NULL,NULL,NULL,NULL,NULL,NULL,NULL,'2025-08-22 17:00:00','2025-08-22 17:00:00',NULL),(353,139,6,NULL,4,12990000.00,51960000.00,'completed','Samsung Galaxy A55',0,0,NULL,NULL,NULL,NULL,NULL,NULL,NULL,'2025-08-19 17:00:00','2025-08-19 17:00:00',NULL),(354,139,24,NULL,4,22990000.00,91960000.00,'completed','ASUS ROG Phone 8',0,0,NULL,NULL,NULL,NULL,NULL,NULL,NULL,'2025-08-19 17:00:00','2025-08-19 17:00:00',NULL),(355,140,3,NULL,2,24990000.00,49980000.00,'shipping','iPhone 15',0,0,NULL,NULL,NULL,NULL,NULL,NULL,NULL,'2025-08-20 17:00:00','2025-08-20 17:00:00',NULL),(356,140,8,NULL,2,19990000.00,39980000.00,'shipping','Xiaomi 14',0,0,NULL,NULL,NULL,NULL,NULL,NULL,NULL,'2025-08-20 17:00:00','2025-08-20 17:00:00',NULL),(357,141,8,NULL,4,19990000.00,79960000.00,'completed','Xiaomi 14',0,0,NULL,NULL,NULL,NULL,NULL,NULL,NULL,'2025-08-23 17:00:00','2025-08-23 17:00:00',NULL),(358,141,17,NULL,3,12990000.00,38970000.00,'completed','Realme 11 Pro+',0,0,NULL,NULL,NULL,NULL,NULL,NULL,NULL,'2025-08-23 17:00:00','2025-08-23 17:00:00',NULL),(359,141,21,NULL,4,12990000.00,51960000.00,'completed','Huawei Nova 12',0,0,NULL,NULL,NULL,NULL,NULL,NULL,NULL,'2025-08-23 17:00:00','2025-08-23 17:00:00',NULL),(360,142,6,NULL,1,12990000.00,12990000.00,'completed','Samsung Galaxy A55',0,0,NULL,NULL,NULL,NULL,NULL,NULL,NULL,'2025-08-15 17:00:00','2025-08-15 17:00:00',NULL),(361,142,10,NULL,3,22990000.00,68970000.00,'completed','OPPO Find X7 Ultra',0,0,NULL,NULL,NULL,NULL,NULL,NULL,NULL,'2025-08-15 17:00:00','2025-08-15 17:00:00',NULL),(362,142,14,NULL,1,17990000.00,17990000.00,'completed','Vivo X100',0,0,NULL,NULL,NULL,NULL,NULL,NULL,NULL,'2025-08-15 17:00:00','2025-08-15 17:00:00',NULL),(363,142,21,NULL,3,12990000.00,38970000.00,'completed','Huawei Nova 12',0,0,NULL,NULL,NULL,NULL,NULL,NULL,NULL,'2025-08-15 17:00:00','2025-08-15 17:00:00',NULL),(364,143,3,NULL,2,24990000.00,49980000.00,'completed','iPhone 15',0,0,NULL,NULL,NULL,NULL,NULL,NULL,NULL,'2025-08-16 17:00:00','2025-08-16 17:00:00',NULL),(365,143,6,NULL,1,12990000.00,12990000.00,'completed','Samsung Galaxy A55',0,0,NULL,NULL,NULL,NULL,NULL,NULL,NULL,'2025-08-16 17:00:00','2025-08-16 17:00:00',NULL),(366,143,18,NULL,2,19990000.00,39980000.00,'completed','OnePlus 12',0,0,NULL,NULL,NULL,NULL,NULL,NULL,NULL,'2025-08-16 17:00:00','2025-08-16 17:00:00',NULL),(367,143,23,NULL,2,9990000.00,19980000.00,'completed','Motorola Edge 40',0,0,NULL,NULL,NULL,NULL,NULL,NULL,NULL,'2025-08-16 17:00:00','2025-08-16 17:00:00',NULL),(368,144,8,NULL,1,19990000.00,19990000.00,'shipping','Xiaomi 14',0,0,NULL,NULL,NULL,NULL,NULL,NULL,NULL,'2025-08-22 17:00:00','2025-08-22 17:00:00',NULL),(369,144,16,NULL,2,8990000.00,17980000.00,'shipping','Realme GT Neo 5 SE',0,0,NULL,NULL,NULL,NULL,NULL,NULL,NULL,'2025-08-22 17:00:00','2025-08-22 17:00:00',NULL),(370,144,21,NULL,3,12990000.00,38970000.00,'shipping','Huawei Nova 12',0,0,NULL,NULL,NULL,NULL,NULL,NULL,NULL,'2025-08-22 17:00:00','2025-08-22 17:00:00',NULL),(371,145,14,NULL,3,17990000.00,53970000.00,'shipping','Vivo X100',0,0,NULL,NULL,NULL,NULL,NULL,NULL,NULL,'2025-08-20 17:00:00','2025-08-20 17:00:00',NULL),(372,145,17,NULL,2,12990000.00,25980000.00,'shipping','Realme 11 Pro+',0,0,NULL,NULL,NULL,NULL,NULL,NULL,NULL,'2025-08-20 17:00:00','2025-08-20 17:00:00',NULL),(373,146,17,NULL,3,12990000.00,38970000.00,'completed','Realme 11 Pro+',0,0,NULL,NULL,NULL,NULL,NULL,NULL,NULL,'2025-08-19 17:00:00','2025-08-19 17:00:00',NULL),(374,147,4,NULL,1,31990000.00,31990000.00,'pending','Samsung Galaxy S24 Ultra',0,0,NULL,NULL,NULL,NULL,NULL,NULL,NULL,'2025-08-20 17:00:00','2025-08-20 17:00:00',NULL),(375,147,14,NULL,1,17990000.00,17990000.00,'pending','Vivo X100',0,0,NULL,NULL,NULL,NULL,NULL,NULL,NULL,'2025-08-20 17:00:00','2025-08-20 17:00:00',NULL),(376,148,4,NULL,4,31990000.00,127960000.00,'completed','Samsung Galaxy S24 Ultra',0,0,NULL,NULL,NULL,NULL,NULL,NULL,NULL,'2025-08-16 17:00:00','2025-08-16 17:00:00',NULL),(377,148,12,NULL,3,9990000.00,29970000.00,'completed','OPPO Reno 11',0,0,NULL,NULL,NULL,NULL,NULL,NULL,NULL,'2025-08-16 17:00:00','2025-08-16 17:00:00',NULL),(378,148,13,NULL,2,21990000.00,43980000.00,'completed','Vivo X100 Pro',0,0,NULL,NULL,NULL,NULL,NULL,NULL,NULL,'2025-08-16 17:00:00','2025-08-16 17:00:00',NULL),(379,148,23,NULL,3,9990000.00,29970000.00,'completed','Motorola Edge 40',0,0,NULL,NULL,NULL,NULL,NULL,NULL,NULL,'2025-08-16 17:00:00','2025-08-16 17:00:00',NULL),(380,149,1,NULL,4,34990000.00,139960000.00,'completed','iPhone 15 Pro Max',0,0,NULL,NULL,NULL,NULL,NULL,NULL,NULL,'2025-08-16 17:00:00','2025-08-16 17:00:00',NULL),(381,149,7,NULL,2,24990000.00,49980000.00,'completed','Xiaomi 14 Ultra',0,0,NULL,NULL,NULL,NULL,NULL,NULL,NULL,'2025-08-16 17:00:00','2025-08-16 17:00:00',NULL),(382,149,22,NULL,3,5990000.00,17970000.00,'completed','Nokia G60',0,0,NULL,NULL,NULL,NULL,NULL,NULL,NULL,'2025-08-16 17:00:00','2025-08-16 17:00:00',NULL),(383,150,24,NULL,4,22990000.00,91960000.00,'completed','ASUS ROG Phone 8',0,0,NULL,NULL,NULL,NULL,NULL,NULL,NULL,'2025-08-19 17:00:00','2025-08-19 17:00:00',NULL),(384,151,15,NULL,1,12990000.00,12990000.00,'cancelled','Vivo V29',0,0,NULL,NULL,NULL,NULL,NULL,NULL,NULL,'2025-08-23 08:16:44','2025-08-23 08:16:44',NULL),(385,151,20,NULL,3,24990000.00,74970000.00,'cancelled','Huawei Pura 70 Ultra',0,0,NULL,NULL,NULL,NULL,NULL,NULL,NULL,'2025-08-23 08:16:44','2025-08-23 08:16:44',NULL),(386,152,5,NULL,2,26990000.00,53980000.00,'cancelled','Samsung Galaxy S24+',0,0,NULL,NULL,NULL,NULL,NULL,NULL,NULL,'2025-08-23 08:16:44','2025-08-23 08:16:44',NULL),(387,152,13,NULL,2,21990000.00,43980000.00,'cancelled','Vivo X100 Pro',0,0,NULL,NULL,NULL,NULL,NULL,NULL,NULL,'2025-08-23 08:16:44','2025-08-23 08:16:44',NULL),(388,153,11,NULL,1,18990000.00,18990000.00,'cancelled','OPPO Find X7',0,0,NULL,NULL,NULL,NULL,NULL,NULL,NULL,'2025-08-23 08:16:44','2025-08-23 08:16:44',NULL),(389,154,3,NULL,1,24990000.00,24990000.00,'cancelled','iPhone 15',0,0,NULL,NULL,NULL,NULL,NULL,NULL,NULL,'2025-08-17 08:16:44','2025-08-17 08:16:44',NULL),(390,154,7,NULL,1,24990000.00,24990000.00,'cancelled','Xiaomi 14 Ultra',0,0,NULL,NULL,NULL,NULL,NULL,NULL,NULL,'2025-08-17 08:16:44','2025-08-17 08:16:44',NULL),(391,154,14,NULL,3,17990000.00,53970000.00,'cancelled','Vivo X100',0,0,NULL,NULL,NULL,NULL,NULL,NULL,NULL,'2025-08-17 08:16:44','2025-08-17 08:16:44',NULL),(392,155,8,NULL,2,19990000.00,39980000.00,'cancelled','Xiaomi 14',0,0,NULL,NULL,NULL,NULL,NULL,NULL,NULL,'2025-07-25 08:16:44','2025-07-25 08:16:44',NULL),(393,155,16,NULL,2,8990000.00,17980000.00,'cancelled','Realme GT Neo 5 SE',0,0,NULL,NULL,NULL,NULL,NULL,NULL,NULL,'2025-07-25 08:16:44','2025-07-25 08:16:44',NULL),(394,156,4,NULL,2,31990000.00,63980000.00,'cancelled','Samsung Galaxy S24 Ultra',0,0,NULL,NULL,NULL,NULL,NULL,NULL,NULL,'2025-07-26 08:16:44','2025-07-26 08:16:44',NULL),(395,156,7,NULL,3,24990000.00,74970000.00,'cancelled','Xiaomi 14 Ultra',0,0,NULL,NULL,NULL,NULL,NULL,NULL,NULL,'2025-07-26 08:16:44','2025-07-26 08:16:44',NULL),(396,156,10,NULL,3,22990000.00,68970000.00,'cancelled','OPPO Find X7 Ultra',0,0,NULL,NULL,NULL,NULL,NULL,NULL,NULL,'2025-07-26 08:16:44','2025-07-26 08:16:44',NULL),(397,157,5,NULL,3,26990000.00,80970000.00,'cancelled','Samsung Galaxy S24+',0,0,NULL,NULL,NULL,NULL,NULL,NULL,NULL,'2025-08-18 08:16:44','2025-08-18 08:16:44',NULL),(398,157,9,NULL,3,8990000.00,26970000.00,'cancelled','Xiaomi Redmi Note 13 Pro+',0,0,NULL,NULL,NULL,NULL,NULL,NULL,NULL,'2025-08-18 08:16:44','2025-08-18 08:16:44',NULL),(399,158,8,NULL,1,19990000.00,19990000.00,'cancelled','Xiaomi 14',0,0,NULL,NULL,NULL,NULL,NULL,NULL,NULL,'2025-08-22 08:16:44','2025-08-22 08:16:44',NULL),(400,158,12,NULL,3,9990000.00,29970000.00,'cancelled','OPPO Reno 11',0,0,NULL,NULL,NULL,NULL,NULL,NULL,NULL,'2025-08-22 08:16:44','2025-08-22 08:16:44',NULL),(401,159,15,NULL,3,12990000.00,38970000.00,'cancelled','Vivo V29',0,0,NULL,NULL,NULL,NULL,NULL,NULL,NULL,'2025-08-20 08:16:44','2025-08-20 08:16:44',NULL),(402,160,9,NULL,1,8990000.00,8990000.00,'cancelled','Xiaomi Redmi Note 13 Pro+',0,0,NULL,NULL,NULL,NULL,NULL,NULL,NULL,'2025-08-02 08:16:44','2025-08-02 08:16:44',NULL),(403,160,11,NULL,1,18990000.00,18990000.00,'cancelled','OPPO Find X7',0,0,NULL,NULL,NULL,NULL,NULL,NULL,NULL,'2025-08-02 08:16:44','2025-08-02 08:16:44',NULL),(404,161,6,NULL,3,12990000.00,38970000.00,'cancelled','Samsung Galaxy A55',0,0,NULL,NULL,NULL,NULL,NULL,NULL,NULL,'2025-08-16 08:16:44','2025-08-16 08:16:44',NULL),(405,162,6,NULL,2,12990000.00,25980000.00,'cancelled','Samsung Galaxy A55',0,0,NULL,NULL,NULL,NULL,NULL,NULL,NULL,'2025-08-10 08:16:44','2025-08-10 08:16:44',NULL),(406,162,15,NULL,2,12990000.00,25980000.00,'cancelled','Vivo V29',0,0,NULL,NULL,NULL,NULL,NULL,NULL,NULL,'2025-08-10 08:16:44','2025-08-10 08:16:44',NULL),(407,162,17,NULL,1,12990000.00,12990000.00,'cancelled','Realme 11 Pro+',0,0,NULL,NULL,NULL,NULL,NULL,NULL,NULL,'2025-08-10 08:16:44','2025-08-10 08:16:44',NULL),(408,163,3,NULL,1,24990000.00,24990000.00,'cancelled','iPhone 15',0,0,NULL,NULL,NULL,NULL,NULL,NULL,NULL,'2025-08-10 08:16:44','2025-08-10 08:16:44',NULL),(409,163,14,NULL,3,17990000.00,53970000.00,'cancelled','Vivo X100',0,0,NULL,NULL,NULL,NULL,NULL,NULL,NULL,'2025-08-10 08:16:44','2025-08-10 08:16:44',NULL),(410,164,20,NULL,3,24990000.00,74970000.00,'cancelled','Huawei Pura 70 Ultra',0,0,NULL,NULL,NULL,NULL,NULL,NULL,NULL,'2025-08-09 08:16:44','2025-08-09 08:16:44',NULL),(411,165,2,NULL,1,29990000.00,29990000.00,'cancelled','iPhone 15 Pro',0,0,NULL,NULL,NULL,NULL,NULL,NULL,NULL,'2025-08-18 08:16:44','2025-08-18 08:16:44',NULL),(412,165,11,NULL,1,18990000.00,18990000.00,'cancelled','OPPO Find X7',0,0,NULL,NULL,NULL,NULL,NULL,NULL,NULL,'2025-08-18 08:16:44','2025-08-18 08:16:44',NULL),(413,165,18,NULL,3,19990000.00,59970000.00,'cancelled','OnePlus 12',0,0,NULL,NULL,NULL,NULL,NULL,NULL,NULL,'2025-08-18 08:16:44','2025-08-18 08:16:44',NULL),(414,166,6,NULL,3,12990000.00,38970000.00,'cancelled','Samsung Galaxy A55',0,0,NULL,NULL,NULL,NULL,NULL,NULL,NULL,'2025-08-15 08:16:44','2025-08-15 08:16:44',NULL),(415,166,10,NULL,1,22990000.00,22990000.00,'cancelled','OPPO Find X7 Ultra',0,0,NULL,NULL,NULL,NULL,NULL,NULL,NULL,'2025-08-15 08:16:44','2025-08-15 08:16:44',NULL),(416,166,13,NULL,3,21990000.00,65970000.00,'cancelled','Vivo X100 Pro',0,0,NULL,NULL,NULL,NULL,NULL,NULL,NULL,'2025-08-15 08:16:44','2025-08-15 08:16:44',NULL),(417,167,2,NULL,3,29990000.00,89970000.00,'cancelled','iPhone 15 Pro',0,0,NULL,NULL,NULL,NULL,NULL,NULL,NULL,'2025-08-11 08:16:44','2025-08-11 08:16:44',NULL),(418,168,2,NULL,3,29990000.00,89970000.00,'cancelled','iPhone 15 Pro',0,0,NULL,NULL,NULL,NULL,NULL,NULL,NULL,'2025-08-23 08:16:44','2025-08-23 08:16:44',NULL),(419,168,7,NULL,3,24990000.00,74970000.00,'cancelled','Xiaomi 14 Ultra',0,0,NULL,NULL,NULL,NULL,NULL,NULL,NULL,'2025-08-23 08:16:44','2025-08-23 08:16:44',NULL),(420,169,1,NULL,2,34990000.00,69980000.00,'cancelled','iPhone 15 Pro Max',0,0,NULL,NULL,NULL,NULL,NULL,NULL,NULL,'2025-07-30 08:16:44','2025-07-30 08:16:44',NULL),(421,169,7,NULL,2,24990000.00,49980000.00,'cancelled','Xiaomi 14 Ultra',0,0,NULL,NULL,NULL,NULL,NULL,NULL,NULL,'2025-07-30 08:16:44','2025-07-30 08:16:44',NULL),(422,169,15,NULL,1,12990000.00,12990000.00,'cancelled','Vivo V29',0,0,NULL,NULL,NULL,NULL,NULL,NULL,NULL,'2025-07-30 08:16:44','2025-07-30 08:16:44',NULL),(423,170,4,NULL,1,31990000.00,31990000.00,'cancelled','Samsung Galaxy S24 Ultra',0,0,NULL,NULL,NULL,NULL,NULL,NULL,NULL,'2025-08-03 08:16:44','2025-08-03 08:16:44',NULL),(424,170,19,NULL,2,15990000.00,31980000.00,'cancelled','OnePlus 12R',0,0,NULL,NULL,NULL,NULL,NULL,NULL,NULL,'2025-08-03 08:16:44','2025-08-03 08:16:44',NULL),(425,170,24,NULL,1,22990000.00,22990000.00,'cancelled','ASUS ROG Phone 8',0,0,NULL,NULL,NULL,NULL,NULL,NULL,NULL,'2025-08-03 08:16:44','2025-08-03 08:16:44',NULL),(426,171,18,NULL,3,19990000.00,59970000.00,'pending','OnePlus 12',0,0,NULL,NULL,NULL,NULL,NULL,NULL,NULL,'2025-08-21 08:16:45','2025-08-21 08:16:45',NULL),(427,171,21,NULL,2,12990000.00,25980000.00,'pending','Huawei Nova 12',0,0,NULL,NULL,NULL,NULL,NULL,NULL,NULL,'2025-08-21 08:16:45','2025-08-21 08:16:45',NULL),(428,171,24,NULL,2,22990000.00,45980000.00,'pending','ASUS ROG Phone 8',0,0,NULL,NULL,NULL,NULL,NULL,NULL,NULL,'2025-08-21 08:16:45','2025-08-21 08:16:45',NULL),(429,172,14,NULL,2,17990000.00,35980000.00,'pending','Vivo X100',0,0,NULL,NULL,NULL,NULL,NULL,NULL,NULL,'2025-08-22 08:16:45','2025-08-22 08:16:45',NULL),(430,172,24,NULL,3,22990000.00,68970000.00,'pending','ASUS ROG Phone 8',0,0,NULL,NULL,NULL,NULL,NULL,NULL,NULL,'2025-08-22 08:16:45','2025-08-22 08:16:45',NULL),(431,173,18,NULL,3,19990000.00,59970000.00,'pending','OnePlus 12',0,0,NULL,NULL,NULL,NULL,NULL,NULL,NULL,'2025-08-17 08:16:45','2025-08-17 08:16:45',NULL),(432,174,18,NULL,1,19990000.00,19990000.00,'pending','OnePlus 12',0,0,NULL,NULL,NULL,NULL,NULL,NULL,NULL,'2025-08-24 08:16:45','2025-08-24 08:16:45',NULL),(433,175,3,NULL,3,24990000.00,74970000.00,'pending','iPhone 15',0,0,NULL,NULL,NULL,NULL,NULL,NULL,NULL,'2025-08-24 08:16:45','2025-08-24 08:16:45',NULL),(434,175,15,NULL,1,12990000.00,12990000.00,'pending','Vivo V29',0,0,NULL,NULL,NULL,NULL,NULL,NULL,NULL,'2025-08-24 08:16:45','2025-08-24 08:16:45',NULL),(435,176,1,NULL,2,34990000.00,69980000.00,'pending','iPhone 15 Pro Max',0,0,NULL,NULL,NULL,NULL,NULL,NULL,NULL,'2025-08-17 08:16:45','2025-08-17 08:16:45',NULL),(436,176,13,NULL,3,21990000.00,65970000.00,'pending','Vivo X100 Pro',0,0,NULL,NULL,NULL,NULL,NULL,NULL,NULL,'2025-08-17 08:16:45','2025-08-17 08:16:45',NULL),(437,177,19,NULL,1,15990000.00,15990000.00,'pending','OnePlus 12R',0,0,NULL,NULL,NULL,NULL,NULL,NULL,NULL,'2025-08-22 08:16:45','2025-08-22 08:16:45',NULL),(438,178,15,NULL,1,12990000.00,12990000.00,'pending','Vivo V29',0,0,NULL,NULL,NULL,NULL,NULL,NULL,NULL,'2025-08-17 08:16:45','2025-08-17 08:16:45',NULL),(439,179,14,NULL,1,17990000.00,17990000.00,'pending','Vivo X100',0,0,NULL,NULL,NULL,NULL,NULL,NULL,NULL,'2025-08-21 08:16:45','2025-08-21 08:16:45',NULL),(440,180,2,NULL,3,29990000.00,89970000.00,'pending','iPhone 15 Pro',0,0,NULL,NULL,NULL,NULL,NULL,NULL,NULL,'2025-08-22 08:16:45','2025-08-22 08:16:45',NULL),(441,180,17,NULL,1,12990000.00,12990000.00,'pending','Realme 11 Pro+',0,0,NULL,NULL,NULL,NULL,NULL,NULL,NULL,'2025-08-22 08:16:45','2025-08-22 08:16:45',NULL),(442,181,10,NULL,3,22990000.00,68970000.00,'processing','OPPO Find X7 Ultra',0,0,NULL,NULL,NULL,NULL,NULL,NULL,NULL,'2025-08-19 08:16:45','2025-08-19 08:16:45',NULL),(443,181,12,NULL,3,9990000.00,29970000.00,'processing','OPPO Reno 11',0,0,NULL,NULL,NULL,NULL,NULL,NULL,NULL,'2025-08-19 08:16:45','2025-08-19 08:16:45',NULL),(444,181,22,NULL,3,5990000.00,17970000.00,'processing','Nokia G60',0,0,NULL,NULL,NULL,NULL,NULL,NULL,NULL,'2025-08-19 08:16:45','2025-08-19 08:16:45',NULL),(445,182,12,NULL,2,9990000.00,19980000.00,'processing','OPPO Reno 11',0,0,NULL,NULL,NULL,NULL,NULL,NULL,NULL,'2025-08-21 08:16:45','2025-08-21 08:16:45',NULL),(446,183,2,NULL,2,29990000.00,59980000.00,'processing','iPhone 15 Pro',0,0,NULL,NULL,NULL,NULL,NULL,NULL,NULL,'2025-08-23 08:16:45','2025-08-23 08:16:45',NULL),(447,183,6,NULL,1,12990000.00,12990000.00,'processing','Samsung Galaxy A55',0,0,NULL,NULL,NULL,NULL,NULL,NULL,NULL,'2025-08-23 08:16:45','2025-08-23 08:16:45',NULL),(448,184,10,NULL,1,22990000.00,22990000.00,'processing','OPPO Find X7 Ultra',0,0,NULL,NULL,NULL,NULL,NULL,NULL,NULL,'2025-08-19 08:16:45','2025-08-19 08:16:45',NULL),(449,184,21,NULL,3,12990000.00,38970000.00,'processing','Huawei Nova 12',0,0,NULL,NULL,NULL,NULL,NULL,NULL,NULL,'2025-08-19 08:16:45','2025-08-19 08:16:45',NULL),(450,185,3,NULL,2,24990000.00,49980000.00,'processing','iPhone 15',0,0,NULL,NULL,NULL,NULL,NULL,NULL,NULL,'2025-08-23 08:16:45','2025-08-23 08:16:45',NULL),(451,186,17,NULL,3,12990000.00,38970000.00,'processing','Realme 11 Pro+',0,0,NULL,NULL,NULL,NULL,NULL,NULL,NULL,'2025-08-21 08:16:45','2025-08-21 08:16:45',NULL),(452,187,10,NULL,3,22990000.00,68970000.00,'processing','OPPO Find X7 Ultra',0,0,NULL,NULL,NULL,NULL,NULL,NULL,NULL,'2025-08-19 08:16:45','2025-08-19 08:16:45',NULL),(453,187,18,NULL,1,19990000.00,19990000.00,'processing','OnePlus 12',0,0,NULL,NULL,NULL,NULL,NULL,NULL,NULL,'2025-08-19 08:16:45','2025-08-19 08:16:45',NULL),(454,187,24,NULL,1,22990000.00,22990000.00,'processing','ASUS ROG Phone 8',0,0,NULL,NULL,NULL,NULL,NULL,NULL,NULL,'2025-08-19 08:16:45','2025-08-19 08:16:45',NULL),(455,188,17,NULL,2,12990000.00,25980000.00,'processing','Realme 11 Pro+',0,0,NULL,NULL,NULL,NULL,NULL,NULL,NULL,'2025-08-20 08:16:45','2025-08-20 08:16:45',NULL),(456,188,21,NULL,2,12990000.00,25980000.00,'processing','Huawei Nova 12',0,0,NULL,NULL,NULL,NULL,NULL,NULL,NULL,'2025-08-20 08:16:45','2025-08-20 08:16:45',NULL),(457,188,22,NULL,2,5990000.00,11980000.00,'processing','Nokia G60',0,0,NULL,NULL,NULL,NULL,NULL,NULL,NULL,'2025-08-20 08:16:45','2025-08-20 08:16:45',NULL),(458,189,15,NULL,3,12990000.00,38970000.00,'processing','Vivo V29',0,0,NULL,NULL,NULL,NULL,NULL,NULL,NULL,'2025-08-22 08:16:45','2025-08-22 08:16:45',NULL),(459,189,19,NULL,1,15990000.00,15990000.00,'processing','OnePlus 12R',0,0,NULL,NULL,NULL,NULL,NULL,NULL,NULL,'2025-08-22 08:16:45','2025-08-22 08:16:45',NULL),(460,190,3,NULL,2,24990000.00,49980000.00,'processing','iPhone 15',0,0,NULL,NULL,NULL,NULL,NULL,NULL,NULL,'2025-08-22 08:16:45','2025-08-22 08:16:45',NULL),(461,191,22,NULL,3,5990000.00,17970000.00,'shipping','Nokia G60',0,0,NULL,NULL,NULL,NULL,NULL,NULL,NULL,'2025-08-21 08:16:45','2025-08-21 08:16:45',NULL),(462,192,7,NULL,3,24990000.00,74970000.00,'shipping','Xiaomi 14 Ultra',0,0,NULL,NULL,NULL,NULL,NULL,NULL,NULL,'2025-08-24 08:16:45','2025-08-24 08:16:45',NULL),(463,193,4,NULL,3,31990000.00,95970000.00,'shipping','Samsung Galaxy S24 Ultra',0,0,NULL,NULL,NULL,NULL,NULL,NULL,NULL,'2025-08-22 08:16:45','2025-08-22 08:16:45',NULL),(464,194,18,NULL,3,19990000.00,59970000.00,'shipping','OnePlus 12',0,0,NULL,NULL,NULL,NULL,NULL,NULL,NULL,'2025-08-22 08:16:45','2025-08-22 08:16:45',NULL),(465,194,20,NULL,3,24990000.00,74970000.00,'shipping','Huawei Pura 70 Ultra',0,0,NULL,NULL,NULL,NULL,NULL,NULL,NULL,'2025-08-22 08:16:45','2025-08-22 08:16:45',NULL),(466,194,23,NULL,2,9990000.00,19980000.00,'shipping','Motorola Edge 40',0,0,NULL,NULL,NULL,NULL,NULL,NULL,NULL,'2025-08-22 08:16:45','2025-08-22 08:16:45',NULL),(467,195,3,NULL,2,24990000.00,49980000.00,'shipping','iPhone 15',0,0,NULL,NULL,NULL,NULL,NULL,NULL,NULL,'2025-08-21 08:16:45','2025-08-21 08:16:45',NULL),(468,195,5,NULL,2,26990000.00,53980000.00,'shipping','Samsung Galaxy S24+',0,0,NULL,NULL,NULL,NULL,NULL,NULL,NULL,'2025-08-21 08:16:45','2025-08-21 08:16:45',NULL),(469,195,11,NULL,1,18990000.00,18990000.00,'shipping','OPPO Find X7',0,0,NULL,NULL,NULL,NULL,NULL,NULL,NULL,'2025-08-21 08:16:45','2025-08-21 08:16:45',NULL),(470,196,11,NULL,1,18990000.00,18990000.00,'shipping','OPPO Find X7',0,0,NULL,NULL,NULL,NULL,NULL,NULL,NULL,'2025-08-23 08:16:45','2025-08-23 08:16:45',NULL),(471,196,15,NULL,3,12990000.00,38970000.00,'shipping','Vivo V29',0,0,NULL,NULL,NULL,NULL,NULL,NULL,NULL,'2025-08-23 08:16:45','2025-08-23 08:16:45',NULL),(472,197,2,NULL,2,29990000.00,59980000.00,'shipping','iPhone 15 Pro',0,0,NULL,NULL,NULL,NULL,NULL,NULL,NULL,'2025-08-22 08:16:45','2025-08-22 08:16:45',NULL),(473,198,8,NULL,2,19990000.00,39980000.00,'shipping','Xiaomi 14',0,0,NULL,NULL,NULL,NULL,NULL,NULL,NULL,'2025-08-23 08:16:45','2025-08-23 08:16:45',NULL),(474,198,14,NULL,2,17990000.00,35980000.00,'shipping','Vivo X100',0,0,NULL,NULL,NULL,NULL,NULL,NULL,NULL,'2025-08-23 08:16:45','2025-08-23 08:16:45',NULL),(475,198,22,NULL,2,5990000.00,11980000.00,'shipping','Nokia G60',0,0,NULL,NULL,NULL,NULL,NULL,NULL,NULL,'2025-08-23 08:16:45','2025-08-23 08:16:45',NULL),(476,199,9,NULL,1,8990000.00,8990000.00,'shipping','Xiaomi Redmi Note 13 Pro+',0,0,NULL,NULL,NULL,NULL,NULL,NULL,NULL,'2025-08-22 08:16:45','2025-08-22 08:16:45',NULL),(477,199,13,NULL,2,21990000.00,43980000.00,'shipping','Vivo X100 Pro',0,0,NULL,NULL,NULL,NULL,NULL,NULL,NULL,'2025-08-22 08:16:45','2025-08-22 08:16:45',NULL),(478,199,19,NULL,2,15990000.00,31980000.00,'shipping','OnePlus 12R',0,0,NULL,NULL,NULL,NULL,NULL,NULL,NULL,'2025-08-22 08:16:45','2025-08-22 08:16:45',NULL),(479,200,16,NULL,2,8990000.00,17980000.00,'shipping','Realme GT Neo 5 SE',0,0,NULL,NULL,NULL,NULL,NULL,NULL,NULL,'2025-08-24 08:16:45','2025-08-24 08:16:45',NULL),(480,201,4,NULL,3,31990000.00,95970000.00,'shipping','Samsung Galaxy S24 Ultra',0,0,NULL,NULL,NULL,NULL,NULL,NULL,NULL,'2025-08-21 08:16:45','2025-08-21 08:16:45',NULL),(481,201,8,NULL,1,19990000.00,19990000.00,'shipping','Xiaomi 14',0,0,NULL,NULL,NULL,NULL,NULL,NULL,NULL,'2025-08-21 08:16:45','2025-08-21 08:16:45',NULL),(482,201,18,NULL,2,19990000.00,39980000.00,'shipping','OnePlus 12',0,0,NULL,NULL,NULL,NULL,NULL,NULL,NULL,'2025-08-21 08:16:45','2025-08-21 08:16:45',NULL),(483,202,23,NULL,1,9990000.00,9990000.00,'shipping','Motorola Edge 40',0,0,NULL,NULL,NULL,NULL,NULL,NULL,NULL,'2025-08-24 08:16:45','2025-08-24 08:16:45',NULL),(484,203,7,NULL,2,24990000.00,49980000.00,'shipping','Xiaomi 14 Ultra',0,0,NULL,NULL,NULL,NULL,NULL,NULL,NULL,'2025-08-22 08:16:45','2025-08-22 08:16:45',NULL),(485,203,9,NULL,2,8990000.00,17980000.00,'shipping','Xiaomi Redmi Note 13 Pro+',0,0,NULL,NULL,NULL,NULL,NULL,NULL,NULL,'2025-08-22 08:16:45','2025-08-22 08:16:45',NULL),(486,203,23,NULL,1,9990000.00,9990000.00,'shipping','Motorola Edge 40',0,0,NULL,NULL,NULL,NULL,NULL,NULL,NULL,'2025-08-22 08:16:45','2025-08-22 08:16:45',NULL),(487,204,2,NULL,1,29990000.00,29990000.00,'shipping','iPhone 15 Pro',0,0,NULL,NULL,NULL,NULL,NULL,NULL,NULL,'2025-08-22 08:16:45','2025-08-22 08:16:45',NULL),(488,204,22,NULL,2,5990000.00,11980000.00,'shipping','Nokia G60',0,0,NULL,NULL,NULL,NULL,NULL,NULL,NULL,'2025-08-22 08:16:45','2025-08-22 08:16:45',NULL),(489,205,11,NULL,3,18990000.00,56970000.00,'shipping','OPPO Find X7',0,0,NULL,NULL,NULL,NULL,NULL,NULL,NULL,'2025-08-23 08:16:45','2025-08-23 08:16:45',NULL),(490,205,22,NULL,3,5990000.00,17970000.00,'shipping','Nokia G60',0,0,NULL,NULL,NULL,NULL,NULL,NULL,NULL,'2025-08-23 08:16:45','2025-08-23 08:16:45',NULL),(491,206,1,NULL,1,34990000.00,34990000.00,'shipping','iPhone 15 Pro Max',0,0,NULL,NULL,NULL,NULL,NULL,NULL,NULL,'2025-08-24 08:16:45','2025-08-24 08:16:45',NULL),(492,206,23,NULL,1,9990000.00,9990000.00,'shipping','Motorola Edge 40',0,0,NULL,NULL,NULL,NULL,NULL,NULL,NULL,'2025-08-24 08:16:45','2025-08-24 08:16:45',NULL),(493,207,9,NULL,2,8990000.00,17980000.00,'shipping','Xiaomi Redmi Note 13 Pro+',0,0,NULL,NULL,NULL,NULL,NULL,NULL,NULL,'2025-08-22 08:16:45','2025-08-22 08:16:45',NULL),(494,207,24,NULL,2,22990000.00,45980000.00,'shipping','ASUS ROG Phone 8',0,0,NULL,NULL,NULL,NULL,NULL,NULL,NULL,'2025-08-22 08:16:45','2025-08-22 08:16:45',NULL),(495,208,9,NULL,3,8990000.00,26970000.00,'shipping','Xiaomi Redmi Note 13 Pro+',0,0,NULL,NULL,NULL,NULL,NULL,NULL,NULL,'2025-08-21 08:16:45','2025-08-21 08:16:45',NULL),(496,208,10,NULL,2,22990000.00,45980000.00,'shipping','OPPO Find X7 Ultra',0,0,NULL,NULL,NULL,NULL,NULL,NULL,NULL,'2025-08-21 08:16:45','2025-08-21 08:16:45',NULL),(497,208,11,NULL,1,18990000.00,18990000.00,'shipping','OPPO Find X7',0,0,NULL,NULL,NULL,NULL,NULL,NULL,NULL,'2025-08-21 08:16:45','2025-08-21 08:16:45',NULL),(498,209,6,NULL,3,12990000.00,38970000.00,'shipping','Samsung Galaxy A55',0,0,NULL,NULL,NULL,NULL,NULL,NULL,NULL,'2025-08-21 08:16:45','2025-08-21 08:16:45',NULL),(499,209,13,NULL,2,21990000.00,43980000.00,'shipping','Vivo X100 Pro',0,0,NULL,NULL,NULL,NULL,NULL,NULL,NULL,'2025-08-21 08:16:45','2025-08-21 08:16:45',NULL),(500,210,2,NULL,2,29990000.00,59980000.00,'shipping','iPhone 15 Pro',0,0,NULL,NULL,NULL,NULL,NULL,NULL,NULL,'2025-08-23 08:16:45','2025-08-23 08:16:45',NULL),(501,210,15,NULL,1,12990000.00,12990000.00,'shipping','Vivo V29',0,0,NULL,NULL,NULL,NULL,NULL,NULL,NULL,'2025-08-23 08:16:45','2025-08-23 08:16:45',NULL),(502,211,19,112,1,13990000.00,13990000.00,'pending','OnePlus 12R - Xanh rêu, ',0,0,NULL,NULL,NULL,'OnePlus 12R Xanh rêu 64GB','Xanh rêu',NULL,'64GB','2025-08-24 11:24:00','2025-08-24 11:24:00',NULL),(503,212,19,112,100,13990000.00,1399000000.00,'pending','OnePlus 12R - Xanh rêu, ',0,0,NULL,NULL,NULL,'OnePlus 12R Xanh rêu 64GB','Xanh rêu',NULL,'64GB','2025-08-24 11:50:20','2025-08-24 11:50:20',NULL),(504,213,19,112,100,13990000.00,1399000000.00,'pending','OnePlus 12R - Xanh rêu, ',0,0,NULL,NULL,NULL,'OnePlus 12R Xanh rêu 64GB','Xanh rêu',NULL,'64GB','2025-08-24 11:54:55','2025-08-24 11:54:55',NULL),(505,222,19,112,100,13990000.00,1399000000.00,'pending','OnePlus 12R - Xanh rêu, ',0,0,NULL,NULL,NULL,'OnePlus 12R Xanh rêu 64GB','Xanh rêu',NULL,'64GB','2025-08-24 12:12:26','2025-08-24 12:12:26',NULL),(506,224,20,118,1,22990000.00,22990000.00,'pending','Huawei Pura 70 Ultra - Xám, ',0,0,NULL,NULL,NULL,'Huawei Pura 70 Ultra Xám 128GB','Xám',NULL,'128GB','2025-08-24 13:20:53','2025-08-24 13:20:53',NULL),(507,225,20,120,1,22990000.00,22990000.00,'pending','Huawei Pura 70 Ultra - Trắng snow, ',0,0,NULL,NULL,NULL,'Huawei Pura 70 Ultra Trắng snow 128GB','Trắng snow',NULL,'128GB','2025-08-24 14:14:40','2025-08-24 14:14:40',NULL),(508,226,6,40,1,11990000.00,11990000.00,'pending','Samsung Galaxy A55 - Trắng ánh sao, ',0,0,NULL,NULL,NULL,'Samsung Galaxy A55 Trắng ánh sao 32GB','Trắng ánh sao',NULL,'32GB','2025-08-25 02:00:04','2025-08-25 02:00:04',NULL),(509,227,6,37,1,11990000.00,11990000.00,'pending','Samsung Galaxy A55 - Xám không gian, ',0,0,NULL,NULL,NULL,'Samsung Galaxy A55 Xám không gian 32GB','Xám không gian',NULL,'32GB','2025-08-25 02:06:40','2025-08-25 02:06:40',NULL),(510,228,19,112,1,13990000.00,13990000.00,'pending','OnePlus 12R - Xanh rêu, ',0,0,NULL,NULL,NULL,'OnePlus 12R Xanh rêu 64GB','Xanh rêu',NULL,'64GB','2025-08-25 02:25:21','2025-08-25 02:25:21',NULL),(511,229,20,118,1,22990000.00,22990000.00,'pending','Huawei Pura 70 Ultra - Xám, ',0,0,NULL,NULL,NULL,'Huawei Pura 70 Ultra Xám 128GB','Xám',NULL,'128GB','2025-08-25 02:36:14','2025-08-25 02:36:14',NULL),(512,230,19,112,1,13990000.00,13990000.00,'pending','OnePlus 12R - Xanh rêu, ',0,0,NULL,NULL,NULL,'OnePlus 12R Xanh rêu 64GB','Xanh rêu',NULL,'64GB','2025-08-25 02:51:42','2025-08-25 02:51:42',NULL),(513,231,19,112,1,13990000.00,13990000.00,'pending','OnePlus 12R - Xanh rêu, ',0,0,NULL,NULL,NULL,'OnePlus 12R Xanh rêu 64GB','Xanh rêu',NULL,'64GB','2025-08-25 02:54:37','2025-08-25 02:54:37',NULL),(514,232,19,112,1,13990000.00,13990000.00,'pending','OnePlus 12R - Xanh rêu, ',0,0,NULL,NULL,NULL,'OnePlus 12R Xanh rêu 64GB','Xanh rêu',NULL,'64GB','2025-08-25 03:09:04','2025-08-25 03:09:04',NULL),(515,233,6,39,1,16786000.00,16786000.00,'pending','Samsung Galaxy A55 - Xám không gian, ',0,0,NULL,NULL,NULL,'Samsung Galaxy A55 Xám không gian 2TB','Xám không gian',NULL,'2TB','2025-08-25 03:26:37','2025-08-25 03:26:37',NULL),(516,234,6,41,1,15587000.00,15587000.00,'pending','Samsung Galaxy A55 - Trắng ánh sao, ',0,0,NULL,NULL,NULL,'Samsung Galaxy A55 Trắng ánh sao 1TB','Trắng ánh sao',NULL,'1TB','2025-08-25 03:44:40','2025-08-25 03:44:40',NULL),(517,235,6,41,1,15587000.00,15587000.00,'pending','Samsung Galaxy A55 - Trắng ánh sao, ',0,0,NULL,NULL,NULL,'Samsung Galaxy A55 Trắng ánh sao 1TB','Trắng ánh sao',NULL,'1TB','2025-08-25 03:50:05','2025-08-25 03:50:05',NULL),(518,236,19,112,1,13990000.00,13990000.00,'pending','OnePlus 12R - Xanh rêu, ',0,0,NULL,NULL,NULL,'OnePlus 12R Xanh rêu 64GB','Xanh rêu',NULL,'64GB','2025-08-25 04:01:41','2025-08-25 04:01:41',NULL),(519,237,24,143,1,20990000.00,20990000.00,'pending','ASUS ROG Phone 8 - Xanh ngọc, ',0,0,NULL,NULL,NULL,'ASUS ROG Phone 8 Xanh ngọc 64GB','Xanh ngọc',NULL,'64GB','2025-08-25 04:27:58','2025-08-25 04:27:58',NULL),(520,238,10,65,1,29386000.00,29386000.00,'pending','OPPO Find X7 Ultra - Xanh ocean, ',0,0,NULL,NULL,NULL,'OPPO Find X7 Ultra Xanh ocean 2TB','Xanh ocean',NULL,'2TB','2025-08-25 04:28:55','2025-08-25 04:28:55',NULL),(521,239,10,66,1,23089000.00,23089000.00,'pending','OPPO Find X7 Ultra - Xanh forest, ',0,0,NULL,NULL,NULL,'OPPO Find X7 Ultra Xanh forest 256GB','Xanh forest',NULL,'256GB','2025-08-25 04:32:48','2025-08-25 04:32:48',NULL),(522,240,10,65,1,29386000.00,29386000.00,'pending','OPPO Find X7 Ultra - Xanh ocean, ',0,0,NULL,NULL,NULL,'OPPO Find X7 Ultra Xanh ocean 2TB','Xanh ocean',NULL,'2TB','2025-08-25 04:37:49','2025-08-25 04:37:49',NULL),(523,241,20,118,1,22990000.00,22990000.00,'pending','Huawei Pura 70 Ultra - Xám, ',0,0,NULL,NULL,NULL,'Huawei Pura 70 Ultra Xám 128GB','Xám',NULL,'128GB','2025-08-25 04:54:35','2025-08-25 04:54:35',NULL),(524,241,21,125,1,11990000.00,11990000.00,'pending','Huawei Nova 12 - Xanh sapphire, ',0,0,NULL,NULL,NULL,'Huawei Nova 12 Xanh sapphire 32GB','Xanh sapphire',NULL,'32GB','2025-08-25 04:54:35','2025-08-25 04:54:35',NULL),(525,242,10,67,1,29386000.00,29386000.00,'pending','OPPO Find X7 Ultra - Xanh forest, ',0,0,NULL,NULL,NULL,'OPPO Find X7 Ultra Xanh forest 2TB','Xanh forest',NULL,'2TB','2025-08-25 05:20:30','2025-08-25 05:20:30',NULL),(526,243,10,67,1,29386000.00,29386000.00,'pending','OPPO Find X7 Ultra - Xanh forest, ',0,0,NULL,NULL,NULL,'OPPO Find X7 Ultra Xanh forest 2TB','Xanh forest',NULL,'2TB','2025-08-25 05:27:26','2025-08-25 05:27:26',NULL),(527,244,20,118,1,22990000.00,22990000.00,'pending','Huawei Pura 70 Ultra - Xám, ',0,0,NULL,NULL,NULL,'Huawei Pura 70 Ultra Xám 128GB','Xám',NULL,'128GB','2025-08-25 05:32:51','2025-08-25 05:32:51',NULL),(528,245,6,39,1,16786000.00,16786000.00,'pending','Samsung Galaxy A55 - Xám không gian, ',0,0,NULL,NULL,NULL,'Samsung Galaxy A55 Xám không gian 2TB','Xám không gian',NULL,'2TB','2025-08-25 05:42:38','2025-08-25 05:42:38',NULL),(529,245,21,124,1,14388000.00,14388000.00,'pending','Huawei Nova 12 - Xanh ngọc, ',0,0,NULL,NULL,NULL,'Huawei Nova 12 Xanh ngọc 512GB','Xanh ngọc',NULL,'512GB','2025-08-25 05:42:38','2025-08-25 05:42:38',NULL),(530,246,6,40,1,11990000.00,11990000.00,'pending','Samsung Galaxy A55 - Trắng ánh sao, ',0,0,NULL,NULL,NULL,'Samsung Galaxy A55 Trắng ánh sao 32GB','Trắng ánh sao',NULL,'32GB','2025-08-25 05:48:36','2025-08-25 05:48:36',NULL),(531,247,20,118,1,22990000.00,22990000.00,'pending','Huawei Pura 70 Ultra - Xám, ',1,1,'Không vừa ý với sản phẩm',22990000.00,'2025-08-25 05:53:30','Huawei Pura 70 Ultra Xám 128GB','Xám',NULL,'128GB','2025-08-25 05:50:50','2025-08-25 05:53:30',NULL),(532,248,5,29,1,24990000.00,24990000.00,'pending','Samsung Galaxy S24+ - Xanh ngọc, ',0,0,NULL,NULL,NULL,'Samsung Galaxy S24+ Xanh ngọc 32GB','Xanh ngọc',NULL,'32GB','2025-08-25 05:56:51','2025-08-25 05:56:51',NULL),(533,249,20,118,1,22990000.00,22990000.00,'pending','Huawei Pura 70 Ultra - Xám, ',0,0,NULL,NULL,NULL,'Huawei Pura 70 Ultra Xám 128GB','Xám',NULL,'128GB','2025-08-25 06:14:02','2025-08-25 06:14:02',NULL),(534,250,21,122,1,11990000.00,11990000.00,'pending','Huawei Nova 12 - Xanh ngọc, ',0,0,NULL,NULL,NULL,'Huawei Nova 12 Xanh ngọc 32GB','Xanh ngọc',NULL,'32GB','2025-08-25 06:17:46','2025-08-25 06:17:46',NULL),(535,251,14,89,1,15990000.00,15990000.00,'pending','Vivo X100 - Tím violet, ',0,0,NULL,NULL,NULL,'Vivo X100 Tím violet 128GB','Tím violet',NULL,'128GB','2025-08-25 06:19:24','2025-08-25 06:19:24',NULL),(536,252,19,114,1,16788000.00,16788000.00,'pending','OnePlus 12R - Xanh rêu, ',0,0,NULL,NULL,NULL,'OnePlus 12R Xanh rêu 512GB','Xanh rêu',NULL,'512GB','2025-08-25 06:50:56','2025-08-25 06:50:56',NULL),(537,253,21,122,8,11990000.00,95920000.00,'pending','Huawei Nova 12 - Xanh ngọc, ',0,0,NULL,NULL,NULL,'Huawei Nova 12 Xanh ngọc 32GB','Xanh ngọc',NULL,'32GB','2025-08-25 06:55:20','2025-08-25 06:55:20',NULL);
/*!40000 ALTER TABLE `order_details` ENABLE KEYS */;
UNLOCK TABLES;

--
-- Table structure for table `orders`
--

DROP TABLE IF EXISTS `orders`;
/*!40101 SET @saved_cs_client     = @@character_set_client */;
/*!50503 SET character_set_client = utf8mb4 */;
CREATE TABLE `orders` (
  `id` bigint unsigned NOT NULL AUTO_INCREMENT,
  `user_id` bigint unsigned NOT NULL,
  `code_order` varchar(255) COLLATE utf8mb4_unicode_ci DEFAULT NULL,
  `receiver_name` varchar(255) COLLATE utf8mb4_unicode_ci NOT NULL,
  `billing_city` varchar(255) COLLATE utf8mb4_unicode_ci DEFAULT NULL,
  `billing_district` varchar(255) COLLATE utf8mb4_unicode_ci DEFAULT NULL,
  `billing_ward` varchar(255) COLLATE utf8mb4_unicode_ci DEFAULT NULL,
  `billing_address` varchar(255) COLLATE utf8mb4_unicode_ci DEFAULT NULL,
  `phone` varchar(255) COLLATE utf8mb4_unicode_ci NOT NULL,
  `description` varchar(255) COLLATE utf8mb4_unicode_ci DEFAULT NULL,
  `total_amount` decimal(15,2) NOT NULL,
  `points_earned` int NOT NULL DEFAULT '0',
  `points_used` int NOT NULL DEFAULT '0',
  `points_value` decimal(15,2) NOT NULL DEFAULT '0.00',
  `point_voucher_code` varchar(255) COLLATE utf8mb4_unicode_ci DEFAULT NULL,
  `payment_method` varchar(255) COLLATE utf8mb4_unicode_ci NOT NULL,
  `status` enum('pending','processing','shipping','delivered','completed','cancelled') COLLATE utf8mb4_unicode_ci DEFAULT 'pending',
  `is_received` tinyint(1) NOT NULL DEFAULT '0',
  `return_status` enum('none','requested','approved','rejected','completed') COLLATE utf8mb4_unicode_ci NOT NULL DEFAULT 'none',
  `return_reason` text COLLATE utf8mb4_unicode_ci,
  `return_description` text COLLATE utf8mb4_unicode_ci,
  `return_requested_at` timestamp NULL DEFAULT NULL,
  `return_processed_at` timestamp NULL DEFAULT NULL,
  `return_method` varchar(255) COLLATE utf8mb4_unicode_ci DEFAULT NULL,
  `return_amount` decimal(15,2) DEFAULT NULL,
  `admin_return_note` text COLLATE utf8mb4_unicode_ci,
  `stock_reserved` tinyint(1) NOT NULL DEFAULT '0',
  `return_video` varchar(255) COLLATE utf8mb4_unicode_ci DEFAULT NULL,
  `return_order_image` varchar(255) COLLATE utf8mb4_unicode_ci DEFAULT NULL,
  `return_product_image` varchar(255) COLLATE utf8mb4_unicode_ci DEFAULT NULL,
  `coupon_id` bigint unsigned DEFAULT NULL,
  `discount_amount` decimal(15,2) NOT NULL DEFAULT '0.00',
  `payment_status` enum('pending','paid','processing','completed','failed','refunded','cancelled') COLLATE utf8mb4_unicode_ci NOT NULL DEFAULT 'pending',
  `cancellation_reason` text COLLATE utf8mb4_unicode_ci,
  `cancelled_at` timestamp NULL DEFAULT NULL,
  `created_at` timestamp NULL DEFAULT NULL,
  `updated_at` timestamp NULL DEFAULT NULL,
  `deleted_at` timestamp NULL DEFAULT NULL,
  PRIMARY KEY (`id`),
  KEY `orders_user_id_foreign` (`user_id`),
  KEY `orders_coupon_id_foreign` (`coupon_id`),
  CONSTRAINT `orders_coupon_id_foreign` FOREIGN KEY (`coupon_id`) REFERENCES `coupons` (`id`) ON DELETE SET NULL,
  CONSTRAINT `orders_user_id_foreign` FOREIGN KEY (`user_id`) REFERENCES `users` (`id`) ON DELETE CASCADE
) ENGINE=InnoDB AUTO_INCREMENT=256 DEFAULT CHARSET=utf8mb4 COLLATE=utf8mb4_unicode_ci;
/*!40101 SET character_set_client = @saved_cs_client */;

--
-- Dumping data for table `orders`
--

LOCK TABLES `orders` WRITE;
/*!40000 ALTER TABLE `orders` DISABLE KEYS */;
INSERT INTO `orders` VALUES (1,4,'WS17560229929547','Hà Thị Zương','Cần Thơ','Cái Răng','Phường 7','Số 269, Đường Nguyễn Hữu Cảnh','0861806447',NULL,53970000.00,0,0,0.00,NULL,'cod','cancelled',0,'none',NULL,NULL,NULL,NULL,NULL,NULL,NULL,0,NULL,NULL,NULL,NULL,0.00,'pending',NULL,NULL,'2025-08-21 17:00:00','2025-08-24 08:09:52',NULL),(2,2,'WS17560229929698','Hoàng Văn Em','TP. Hồ Chí Minh','Quận 1','Phường 5','Số 999, Đường Điện Biên Phủ','0725565138',NULL,120950000.00,0,0,0.00,NULL,'cod','delivered',0,'none',NULL,NULL,NULL,NULL,NULL,NULL,NULL,0,NULL,NULL,NULL,NULL,0.00,'paid',NULL,NULL,'2025-08-23 17:00:00','2025-08-24 11:25:02',NULL),(3,5,'WS17560229923119','Đinh Thị Mai','Đà Lạt','Phường 1','Phường 10','Số 194, Đường Lê Văn Việt','0247311362',NULL,276890000.00,0,0,2768900.00,NULL,'momo','completed',0,'none',NULL,NULL,NULL,NULL,NULL,NULL,NULL,0,NULL,NULL,NULL,6,0.00,'paid',NULL,NULL,'2025-08-18 17:00:00','2025-08-24 08:09:52',NULL),(4,4,'WS17560229921246','Đinh Văn Tuấn','Đà Lạt','Phường 5','Phường 2','Số 107, Đường Lê Lợi','0369476073',NULL,135900000.00,0,0,1359000.00,NULL,'cod','completed',0,'none',NULL,NULL,NULL,NULL,NULL,NULL,NULL,0,NULL,NULL,NULL,NULL,0.00,'paid',NULL,NULL,'2025-08-17 17:00:00','2025-08-24 08:09:53',NULL),(5,7,'WS17560229936414','Châu Thị Sinh','Quảng Ninh','Uông Bí','Phường 7','Số 62, Đường Võ Văn Tần','0118886575',NULL,62930000.00,0,0,629300.00,NULL,'cod','completed',0,'none',NULL,NULL,NULL,NULL,NULL,NULL,NULL,0,NULL,NULL,NULL,7,0.00,'paid',NULL,NULL,'2025-08-19 17:00:00','2025-08-24 08:09:53',NULL),(6,4,'WS17560229931408','Đặng Văn Giang','Đà Nẵng','Ngũ Hành Sơn','Phường 5','Số 47, Đường Nguyễn Văn Tăng','0935974954',NULL,115950000.00,0,0,1159500.00,NULL,'vnpay','completed',0,'none',NULL,NULL,NULL,NULL,NULL,NULL,NULL,0,NULL,NULL,NULL,6,0.00,'paid',NULL,NULL,'2025-08-19 17:00:00','2025-08-24 08:09:53',NULL),(7,1,'WS17560229932156','Phạm Thị Hương','Quảng Ninh','Cẩm Phả','Phường 6','Số 845, Đường Trần Hưng Đạo','0914161539',NULL,34990000.00,0,0,349900.00,NULL,'banking','completed',0,'none',NULL,NULL,NULL,NULL,NULL,NULL,NULL,0,NULL,NULL,NULL,8,0.00,'paid',NULL,NULL,'2025-08-19 17:00:00','2025-08-24 08:09:53',NULL),(8,1,'WS17560229931031','Bùi Văn Dũng','Đà Nẵng','Thanh Khê','Phường 1','Số 731, Đường Nguyễn Văn Tăng','0771378593',NULL,49940000.00,0,0,499400.00,NULL,'vnpay','completed',0,'none',NULL,NULL,NULL,NULL,NULL,NULL,NULL,0,NULL,NULL,NULL,NULL,0.00,'paid',NULL,NULL,'2025-08-19 17:00:00','2025-08-24 08:09:53',NULL),(9,1,'WS17560229935113','Lưu Văn Bình','Hải Phòng','Kiến An','Phường 9','Số 44, Đường Mai Chí Thọ','0409582455',NULL,248920000.00,0,0,2489200.00,NULL,'vnpay','completed',0,'none',NULL,NULL,NULL,NULL,NULL,NULL,NULL,0,NULL,NULL,NULL,NULL,0.00,'paid',NULL,NULL,'2025-08-19 17:00:00','2025-08-24 08:09:53',NULL),(10,1,'WS17560229932896','Huỳnh Văn Thắng','Đà Lạt','Phường 5','Phường 7','Số 352, Đường Võ Văn Tần','0380212476',NULL,49980000.00,0,0,499800.00,NULL,'cod','completed',0,'none',NULL,NULL,NULL,NULL,NULL,NULL,NULL,0,NULL,NULL,NULL,NULL,0.00,'paid',NULL,NULL,'2025-08-19 17:00:00','2025-08-24 08:09:53',NULL),(11,5,'WS17560229939806','Huỳnh Văn Tâm','Đà Lạt','Phường 1','Phường 9','Số 536, Đường Mai Chí Thọ','0498837149',NULL,12990000.00,0,0,0.00,NULL,'banking','cancelled',0,'none',NULL,NULL,NULL,NULL,NULL,NULL,NULL,0,NULL,NULL,NULL,2,0.00,'failed',NULL,NULL,'2025-08-21 17:00:00','2025-08-24 08:09:53',NULL),(12,8,'WS17560229932937','Huỳnh Văn Thắng','TP. Hồ Chí Minh','Quận 10','Phường 5','Số 422, Đường Võ Văn Tần','0497237374',NULL,101950000.00,0,0,1019500.00,NULL,'vnpay','completed',0,'none',NULL,NULL,NULL,NULL,NULL,NULL,NULL,0,NULL,NULL,NULL,8,0.00,'paid',NULL,NULL,'2025-08-14 17:00:00','2025-08-24 08:09:53',NULL),(13,7,'WS17560229931672','Đinh Văn Tuấn','Đà Nẵng','Liên Chiểu','Phường 6','Số 593, Đường 3/2','0639228006',NULL,242900000.00,0,0,2429000.00,NULL,'momo','completed',0,'none',NULL,NULL,NULL,NULL,NULL,NULL,NULL,0,NULL,NULL,NULL,NULL,0.00,'paid',NULL,NULL,'2025-08-15 17:00:00','2025-08-24 08:09:53',NULL),(14,5,'WS17560229936525','Trần Văn Minh','Đà Nẵng','Ngũ Hành Sơn','Phường 9','Số 543, Đường Lê Lợi','0232456892',NULL,141900000.00,0,0,1419000.00,NULL,'cod','completed',0,'none',NULL,NULL,NULL,NULL,NULL,NULL,NULL,0,NULL,NULL,NULL,NULL,0.00,'paid',NULL,NULL,'2025-08-18 17:00:00','2025-08-24 08:09:53',NULL),(15,2,'WS17560229936843','Võ Hoàng Nam','Nha Trang','Vạn Thắng','Phường 8','Số 903, Đường Võ Văn Tần','0741230391',NULL,134900000.00,0,0,0.00,NULL,'vnpay','cancelled',0,'none',NULL,NULL,NULL,NULL,NULL,NULL,NULL,0,NULL,NULL,NULL,9,0.00,'processing',NULL,NULL,'2025-08-22 17:00:00','2025-08-24 08:09:53',NULL),(16,6,'WS17560229935405','Phạm Thị Hương','Hà Nội','Đống Đa','Phường 3','Số 227, Đường Nguyễn Văn Tăng','0315797143',NULL,207870000.00,0,0,2078700.00,NULL,'vnpay','completed',0,'none',NULL,NULL,NULL,NULL,NULL,NULL,NULL,0,NULL,NULL,NULL,NULL,0.00,'paid',NULL,NULL,'2025-08-19 17:00:00','2025-08-24 08:09:53',NULL),(17,7,'WS17560229938117','Nguyễn Thị Lan','Nha Trang','Vạn Thạnh','Phường 1','Số 974, Đường Nguyễn Hữu Cảnh','0459213560',NULL,63980000.00,0,0,0.00,NULL,'momo','completed',0,'none',NULL,NULL,NULL,NULL,NULL,NULL,NULL,0,NULL,NULL,NULL,NULL,0.00,'completed',NULL,NULL,'2025-08-21 17:00:00','2025-08-24 08:09:53',NULL),(18,8,'WS17560229938099','Trịnh Văn Việt','Hà Nội','Hai Bà Trưng','Phường 10','Số 122, Đường Lê Lợi','0588259280',NULL,113940000.00,0,0,1139400.00,NULL,'momo','completed',0,'none',NULL,NULL,NULL,NULL,NULL,NULL,NULL,0,NULL,NULL,NULL,NULL,0.00,'paid',NULL,NULL,'2025-08-20 17:00:00','2025-08-24 08:09:53',NULL),(19,5,'WS17560229935647','Đặng Thị Thảo','Nha Trang','Phương Sơn','Phường 7','Số 925, Đường Nguyễn Huệ','0117764140',NULL,227900000.00,0,0,0.00,NULL,'momo','pending',0,'none',NULL,NULL,NULL,NULL,NULL,NULL,NULL,0,NULL,NULL,NULL,2,0.00,'processing',NULL,NULL,'2025-08-20 17:00:00','2025-08-24 08:09:53',NULL),(20,2,'WS17560229938904','Trần Văn Minh','Quảng Ninh','Cô Tô','Phường 4','Số 434, Đường Nguyễn Duy Trinh','0478542489',NULL,161930000.00,0,0,1619300.00,NULL,'vnpay','completed',0,'none',NULL,NULL,NULL,NULL,NULL,NULL,NULL,0,NULL,NULL,NULL,NULL,0.00,'paid',NULL,NULL,'2025-08-19 17:00:00','2025-08-24 08:09:53',NULL),(21,2,'WS17560229936081','Lâm Văn Yến','TP. Hồ Chí Minh','Quận 6','Phường 5','Số 151, Đường Nguyễn Văn Tăng','0459429563',NULL,151930000.00,0,0,1519300.00,NULL,'vnpay','completed',0,'none',NULL,NULL,NULL,NULL,NULL,NULL,NULL,0,NULL,NULL,NULL,NULL,0.00,'paid',NULL,NULL,'2025-08-18 17:00:00','2025-08-24 08:09:53',NULL),(22,7,'WS17560229932626','Lý Văn Sơn','Hải Phòng','Lê Chân','Phường 4','Số 644, Đường Nguyễn Thị Thập','0781790930',NULL,114930000.00,0,0,0.00,NULL,'cod','shipping',0,'none',NULL,NULL,NULL,NULL,NULL,NULL,NULL,0,NULL,NULL,NULL,NULL,0.00,'failed',NULL,NULL,'2025-08-21 17:00:00','2025-08-24 08:09:53',NULL),(23,3,'WS17560229932212','Phạm Thị Hương','Đà Lạt','Phường 5','Phường 9','Số 269, Đường Nguyễn Thị Định','0895808800',NULL,45980000.00,0,0,459800.00,NULL,'banking','completed',0,'none',NULL,NULL,NULL,NULL,NULL,NULL,NULL,0,NULL,NULL,NULL,NULL,0.00,'paid',NULL,NULL,'2025-08-14 17:00:00','2025-08-24 08:09:53',NULL),(24,4,'WS17560229931347','Huỳnh Văn Tâm','Huế','Vĩnh Ninh','Phường 10','Số 824, Đường Nguyễn Văn Quỳ','0666099725',NULL,12990000.00,0,0,0.00,NULL,'cod','processing',0,'none',NULL,NULL,NULL,NULL,NULL,NULL,NULL,0,NULL,NULL,NULL,9,0.00,'completed',NULL,NULL,'2025-08-20 17:00:00','2025-08-24 08:09:53',NULL),(25,8,'WS17560229936140','Nguyễn Văn An','Cần Thơ','Ninh Kiều','Phường 7','Số 443, Đường Võ Nguyên Giáp','0169017577',NULL,199890000.00,0,0,1998900.00,NULL,'momo','completed',0,'none',NULL,NULL,NULL,NULL,NULL,NULL,NULL,0,NULL,NULL,NULL,NULL,0.00,'paid',NULL,NULL,'2025-08-19 17:00:00','2025-08-24 08:09:53',NULL),(26,8,'WS17560229939936','Lê Hoàng Cường','Hà Nội','Đống Đa','Phường 1','Số 2, Đường Lê Lợi','0389750841',NULL,135920000.00,0,0,1359200.00,NULL,'vnpay','completed',0,'none',NULL,NULL,NULL,NULL,NULL,NULL,NULL,0,NULL,NULL,NULL,9,0.00,'paid',NULL,NULL,'2025-08-19 17:00:00','2025-08-24 08:09:53',NULL),(27,2,'WS17560229937244','Lê Văn Thành','Vũng Tàu','Phường 4','Phường 2','Số 874, Đường Nguyễn Hữu Cảnh','0335578450',NULL,156920000.00,0,0,1569200.00,NULL,'banking','completed',0,'none',NULL,NULL,NULL,NULL,NULL,NULL,NULL,0,NULL,NULL,NULL,2,0.00,'paid',NULL,NULL,'2025-08-18 17:00:00','2025-08-24 08:09:53',NULL),(28,5,'WS17560229939101','Huỳnh Văn Tâm','Đà Lạt','Phường 3','Phường 8','Số 658, Đường Nguyễn Thị Minh Khai','0864488022',NULL,26970000.00,0,0,0.00,NULL,'banking','completed',0,'none',NULL,NULL,NULL,NULL,NULL,NULL,NULL,0,NULL,NULL,NULL,NULL,0.00,'completed',NULL,NULL,'2025-08-22 17:00:00','2025-08-24 08:09:53',NULL),(29,4,'WS17560229934266','Trần Văn Minh','Cần Thơ','Thốt Nốt','Phường 5','Số 347, Đường 3/2','0763272657',NULL,102950000.00,0,0,1029500.00,NULL,'banking','completed',0,'none',NULL,NULL,NULL,NULL,NULL,NULL,NULL,0,NULL,NULL,NULL,NULL,0.00,'paid',NULL,NULL,'2025-08-14 17:00:00','2025-08-24 08:09:53',NULL),(30,6,'WS17560229936202','Nguyễn Thị Hà','Đà Nẵng','Sơn Trà','Phường 8','Số 402, Đường Võ Nguyên Giáp','0788160572',NULL,105950000.00,0,0,1059500.00,NULL,'cod','completed',0,'none',NULL,NULL,NULL,NULL,NULL,NULL,NULL,0,NULL,NULL,NULL,NULL,0.00,'paid',NULL,NULL,'2025-08-19 17:00:00','2025-08-24 08:09:53',NULL),(31,2,'WS17560229934901','Lê Hoàng Cường','TP. Hồ Chí Minh','Quận 3','Phường 10','Số 444, Đường Mai Chí Thọ','0450706103',NULL,75940000.00,0,0,0.00,NULL,'vnpay','processing',0,'none',NULL,NULL,NULL,NULL,NULL,NULL,NULL,0,NULL,NULL,NULL,8,0.00,'paid',NULL,NULL,'2025-08-20 17:00:00','2025-08-24 08:09:53',NULL),(32,3,'WS17560229933812','Hà Thị Zương','Nha Trang','Vạn Thắng','Phường 3','Số 886, Đường Nguyễn Thị Thập','0877671063',NULL,99940000.00,0,0,999400.00,NULL,'vnpay','completed',0,'none',NULL,NULL,NULL,NULL,NULL,NULL,NULL,0,NULL,NULL,NULL,4,0.00,'paid',NULL,NULL,'2025-08-19 17:00:00','2025-08-24 08:09:53',NULL),(33,1,'WS17560229933378','Võ Hoàng Nam','Huế','An Cựu','Phường 8','Số 389, Đường Điện Biên Phủ','0190554454',NULL,307860000.00,0,0,0.00,NULL,'cod','pending',0,'none',NULL,NULL,NULL,NULL,NULL,NULL,NULL,0,NULL,NULL,NULL,8,0.00,'processing',NULL,NULL,'2025-08-22 17:00:00','2025-08-24 08:09:53',NULL),(34,1,'WS17560229936309','Bùi Thị Hoa','Hải Phòng','Lê Chân','Phường 5','Số 85, Đường Lý Thường Kiệt','0103723766',NULL,91960000.00,0,0,919600.00,NULL,'momo','completed',0,'none',NULL,NULL,NULL,NULL,NULL,NULL,NULL,0,NULL,NULL,NULL,6,0.00,'paid',NULL,NULL,'2025-08-18 17:00:00','2025-08-24 08:09:53',NULL),(35,7,'WS17560229936145','Nguyễn Thị Uyên','Hà Nội','Ba Đình','Phường 1','Số 182, Đường Mai Chí Thọ','0404590565',NULL,103930000.00,0,0,1039300.00,NULL,'cod','completed',0,'none',NULL,NULL,NULL,NULL,NULL,NULL,NULL,0,NULL,NULL,NULL,NULL,0.00,'paid',NULL,NULL,'2025-08-19 17:00:00','2025-08-24 08:09:53',NULL),(36,3,'WS17560229937644','Lý Văn Sơn','Hà Nội','Hai Bà Trưng','Phường 7','Số 949, Đường Lê Lợi','0226276812',NULL,73960000.00,0,0,739600.00,NULL,'cod','completed',0,'none',NULL,NULL,NULL,NULL,NULL,NULL,NULL,0,NULL,NULL,NULL,NULL,0.00,'paid',NULL,NULL,'2025-08-18 17:00:00','2025-08-24 08:09:53',NULL),(37,8,'WS17560229938501','Võ Hoàng Nam','Hải Phòng','Dương Kinh','Phường 2','Số 602, Đường Nguyễn Văn Tăng','0516219238',NULL,114910000.00,0,0,1149100.00,NULL,'banking','completed',0,'none',NULL,NULL,NULL,NULL,NULL,NULL,NULL,0,NULL,NULL,NULL,8,0.00,'paid',NULL,NULL,'2025-08-17 17:00:00','2025-08-24 08:09:53',NULL),(38,8,'WS17560229939227','Hoàng Văn Em','TP. Hồ Chí Minh','Quận 6','Phường 2','Số 637, Đường Nguyễn Văn Tăng','0145846074',NULL,49980000.00,0,0,0.00,NULL,'vnpay','pending',0,'none',NULL,NULL,NULL,NULL,NULL,NULL,NULL,0,NULL,NULL,NULL,NULL,0.00,'completed',NULL,NULL,'2025-08-20 17:00:00','2025-08-24 08:09:53',NULL),(39,5,'WS17560229934576','Phạm Thị Dung','Nha Trang','Vạn Thạnh','Phường 2','Số 816, Đường Nguyễn Văn Tăng','0132118362',NULL,141900000.00,0,0,1419000.00,NULL,'vnpay','completed',0,'none',NULL,NULL,NULL,NULL,NULL,NULL,NULL,0,NULL,NULL,NULL,4,0.00,'paid',NULL,NULL,'2025-08-14 17:00:00','2025-08-24 08:09:53',NULL),(40,7,'WS17560229935781','Võ Hoàng Nam','Quảng Ninh','Cô Tô','Phường 5','Số 775, Đường Nguyễn Văn Quỳ','0519060062',NULL,170910000.00,0,0,1709100.00,NULL,'cod','completed',0,'none',NULL,NULL,NULL,NULL,NULL,NULL,NULL,0,NULL,NULL,NULL,NULL,0.00,'paid',NULL,NULL,'2025-08-19 17:00:00','2025-08-24 08:09:54',NULL),(41,2,'WS17560229944086','Tô Văn Rạng','Đà Nẵng','Thanh Khê','Phường 8','Số 353, Đường Mai Chí Thọ','0736581494',NULL,91960000.00,0,0,919600.00,NULL,'vnpay','completed',0,'none',NULL,NULL,NULL,NULL,NULL,NULL,NULL,0,NULL,NULL,NULL,3,0.00,'paid',NULL,NULL,'2025-08-17 17:00:00','2025-08-24 08:09:54',NULL),(42,7,'WS17560229945126','Nguyễn Thị Hà','Cần Thơ','Ô Môn','Phường 7','Số 559, Đường Nguyễn Hữu Thọ','0904675664',NULL,185940000.00,0,0,1859400.00,NULL,'cod','completed',0,'none',NULL,NULL,NULL,NULL,NULL,NULL,NULL,0,NULL,NULL,NULL,8,0.00,'paid',NULL,NULL,'2025-08-18 17:00:00','2025-08-24 08:09:54',NULL),(43,8,'WS17560229946349','Huỳnh Văn Thắng','Hải Phòng','Dương Kinh','Phường 7','Số 808, Đường Trần Hưng Đạo','0984481698',NULL,62970000.00,0,0,0.00,NULL,'momo','processing',0,'none',NULL,NULL,NULL,NULL,NULL,NULL,NULL,0,NULL,NULL,NULL,NULL,0.00,'processing',NULL,NULL,'2025-08-22 17:00:00','2025-08-24 08:09:54',NULL),(44,6,'WS17560229944302','Võ Hoàng Nam','Quảng Ninh','Cẩm Phả','Phường 7','Số 775, Đường Hai Bà Trưng','0350770613',NULL,195910000.00,0,0,0.00,NULL,'cod','completed',0,'none',NULL,NULL,NULL,NULL,NULL,NULL,NULL,0,NULL,NULL,NULL,NULL,0.00,'completed',NULL,NULL,'2025-08-20 17:00:00','2025-08-24 08:09:54',NULL),(45,2,'WS17560229949527','Lâm Văn Yến','Quảng Ninh','Hạ Long','Phường 5','Số 264, Đường Nguyễn Thị Định','0526469979',NULL,103950000.00,0,0,0.00,NULL,'momo','completed',0,'none',NULL,NULL,NULL,NULL,NULL,NULL,NULL,0,NULL,NULL,NULL,NULL,0.00,'completed',NULL,NULL,'2025-08-22 17:00:00','2025-08-24 08:09:54',NULL),(46,7,'WS17560229945290','Lưu Thị Quỳnh','Hà Nội','Ba Đình','Phường 7','Số 487, Đường Nguyễn Thị Nghĩa','0483002314',NULL,183920000.00,0,0,1839200.00,NULL,'vnpay','completed',0,'none',NULL,NULL,NULL,NULL,NULL,NULL,NULL,0,NULL,NULL,NULL,2,0.00,'paid',NULL,NULL,'2025-08-18 17:00:00','2025-08-24 08:09:54',NULL),(47,4,'WS17560229946673','Đỗ Thị Xuân','TP. Hồ Chí Minh','Quận 4','Phường 7','Số 787, Đường Nguyễn Thị Định','0707960141',NULL,118900000.00,0,0,0.00,NULL,'momo','shipping',0,'none',NULL,NULL,NULL,NULL,NULL,NULL,NULL,0,NULL,NULL,NULL,6,0.00,'failed',NULL,NULL,'2025-08-23 17:00:00','2025-08-24 08:09:54',NULL),(48,6,'WS17560229943467','Mai Thị Hoa','Hà Nội','Đống Đa','Phường 1','Số 555, Đường 3/2','0194318351',NULL,155920000.00,0,0,1559200.00,NULL,'cod','completed',0,'none',NULL,NULL,NULL,NULL,NULL,NULL,NULL,0,NULL,NULL,NULL,NULL,0.00,'paid',NULL,NULL,'2025-08-15 17:00:00','2025-08-24 08:09:54',NULL),(49,4,'WS17560229948477','Hồ Văn Hùng','Hà Nội','Hoàn Kiếm','Phường 1','Số 316, Đường Nguyễn Thị Định','0203801589',NULL,51960000.00,0,0,0.00,NULL,'vnpay','cancelled',0,'none',NULL,NULL,NULL,NULL,NULL,NULL,NULL,0,NULL,NULL,NULL,NULL,0.00,'failed',NULL,NULL,'2025-08-21 17:00:00','2025-08-24 08:09:54',NULL),(50,4,'WS17560229946567','Đỗ Thị Xuân','Vũng Tàu','Phường 6','Phường 10','Số 704, Đường Nguyễn Thị Nghĩa','0192114600',NULL,109950000.00,0,0,1099500.00,NULL,'momo','completed',0,'none',NULL,NULL,NULL,NULL,NULL,NULL,NULL,0,NULL,NULL,NULL,NULL,0.00,'paid',NULL,NULL,'2025-08-18 17:00:00','2025-08-24 08:09:54',NULL),(51,3,'WS17560229949780','Châu Thị Sinh','Hà Nội','Ba Đình','Phường 1','Số 197, Đường Võ Nguyên Giáp','0571742855',NULL,155930000.00,0,0,1559300.00,NULL,'momo','completed',0,'none',NULL,NULL,NULL,NULL,NULL,NULL,NULL,0,NULL,NULL,NULL,NULL,0.00,'paid',NULL,NULL,'2025-08-15 17:00:00','2025-08-24 08:09:54',NULL),(52,3,'WS17560229945181','Hồ Thị Oanh','Cần Thơ','Ô Môn','Phường 10','Số 635, Đường Trần Hưng Đạo','0827279480',NULL,157900000.00,0,0,0.00,NULL,'momo','cancelled',0,'none',NULL,NULL,NULL,NULL,NULL,NULL,NULL,0,NULL,NULL,NULL,4,0.00,'failed',NULL,NULL,'2025-08-22 17:00:00','2025-08-24 08:09:54',NULL),(53,8,'WS17560229941362','Hà Thị Zương','Hải Phòng','Hải An','Phường 9','Số 971, Đường Trần Hưng Đạo','0613210481',NULL,139930000.00,0,0,1399300.00,NULL,'banking','completed',0,'none',NULL,NULL,NULL,NULL,NULL,NULL,NULL,0,NULL,NULL,NULL,5,0.00,'paid',NULL,NULL,'2025-08-17 17:00:00','2025-08-24 08:09:54',NULL),(54,3,'WS17560229949114','Dương Văn Phúc','Nha Trang','Vạn Thạnh','Phường 7','Số 304, Đường 3/2','0921662881',NULL,173940000.00,0,0,0.00,NULL,'banking','processing',0,'none',NULL,NULL,NULL,NULL,NULL,NULL,NULL,0,NULL,NULL,NULL,NULL,0.00,'pending',NULL,NULL,'2025-08-20 17:00:00','2025-08-24 08:09:54',NULL),(55,6,'WS17560229949204','Vũ Thị Phương','Hải Phòng','Hồng Bàng','Phường 7','Số 500, Đường Nguyễn Văn Linh','0532214306',NULL,93950000.00,0,0,939500.00,NULL,'banking','completed',0,'none',NULL,NULL,NULL,NULL,NULL,NULL,NULL,0,NULL,NULL,NULL,NULL,0.00,'paid',NULL,NULL,'2025-08-16 17:00:00','2025-08-24 08:09:54',NULL),(56,7,'WS17560229947191','Lý Thị Kim','Đà Nẵng','Thanh Khê','Phường 9','Số 733, Đường Võ Nguyên Giáp','0767298935',NULL,135930000.00,0,0,1359300.00,NULL,'vnpay','completed',0,'none',NULL,NULL,NULL,NULL,NULL,NULL,NULL,0,NULL,NULL,NULL,7,0.00,'paid',NULL,NULL,'2025-08-14 17:00:00','2025-08-24 08:09:54',NULL),(57,8,'WS17560229942366','Dương Thị Nga','Đà Lạt','Phường 1','Phường 10','Số 116, Đường Lê Văn Việt','0931465193',NULL,178930000.00,0,0,0.00,NULL,'momo','shipping',0,'none',NULL,NULL,NULL,NULL,NULL,NULL,NULL,0,NULL,NULL,NULL,NULL,0.00,'completed',NULL,NULL,'2025-08-20 17:00:00','2025-08-24 08:09:54',NULL),(58,7,'WS17560229943087','Trịnh Văn Việt','Hải Phòng','Dương Kinh','Phường 7','Số 332, Đường Lê Văn Việt','0954850968',NULL,256880000.00,0,0,2568800.00,NULL,'banking','completed',0,'none',NULL,NULL,NULL,NULL,NULL,NULL,NULL,0,NULL,NULL,NULL,NULL,0.00,'paid',NULL,NULL,'2025-08-17 17:00:00','2025-08-24 08:09:54',NULL),(59,6,'WS17560229947015','Lâm Văn Yến','Vũng Tàu','Phường 1','Phường 3','Số 941, Đường Hai Bà Trưng','0997350565',NULL,97960000.00,0,0,979600.00,NULL,'vnpay','completed',0,'none',NULL,NULL,NULL,NULL,NULL,NULL,NULL,0,NULL,NULL,NULL,NULL,0.00,'paid',NULL,NULL,'2025-08-16 17:00:00','2025-08-24 08:09:54',NULL),(60,3,'WS17560229944213','Nguyễn Thị Uyên','Hải Phòng','Hồng Bàng','Phường 3','Số 439, Đường Nguyễn Huệ','0100500892',NULL,117910000.00,0,0,1179100.00,NULL,'banking','completed',0,'none',NULL,NULL,NULL,NULL,NULL,NULL,NULL,0,NULL,NULL,NULL,NULL,0.00,'paid',NULL,NULL,'2025-08-18 17:00:00','2025-08-24 08:09:54',NULL),(61,8,'WS17560229942687','Bùi Văn Dũng','Hải Phòng','Ngô Quyền','Phường 5','Số 622, Đường Nguyễn Văn Linh','0671447730',NULL,89970000.00,0,0,0.00,NULL,'cod','shipping',0,'none',NULL,NULL,NULL,NULL,NULL,NULL,NULL,0,NULL,NULL,NULL,NULL,0.00,'failed',NULL,NULL,'2025-08-21 17:00:00','2025-08-24 08:09:54',NULL),(62,6,'WS17560229945407','Hà Thị Zương','Hà Nội','Hai Bà Trưng','Phường 1','Số 552, Đường Cách Mạng Tháng 8','0148329562',NULL,31980000.00,0,0,319800.00,NULL,'cod','completed',0,'none',NULL,NULL,NULL,NULL,NULL,NULL,NULL,0,NULL,NULL,NULL,NULL,0.00,'paid',NULL,NULL,'2025-08-17 17:00:00','2025-08-24 08:09:54',NULL),(63,1,'WS17560229942767','Võ Văn Nam','Nha Trang','Lộc Thọ','Phường 5','Số 897, Đường Nguyễn Thị Minh Khai','0769262651',NULL,45980000.00,0,0,0.00,NULL,'momo','completed',0,'none',NULL,NULL,NULL,NULL,NULL,NULL,NULL,0,NULL,NULL,NULL,NULL,0.00,'completed',NULL,NULL,'2025-08-22 17:00:00','2025-08-24 08:09:54',NULL),(64,4,'WS17560229943238','Đinh Văn Tuấn','Nha Trang','Vạn Thạnh','Phường 10','Số 745, Đường Võ Văn Tần','0406332771',NULL,86950000.00,0,0,869500.00,NULL,'cod','completed',0,'none',NULL,NULL,NULL,NULL,NULL,NULL,NULL,0,NULL,NULL,NULL,NULL,0.00,'paid',NULL,NULL,'2025-08-15 17:00:00','2025-08-24 08:09:54',NULL),(65,7,'WS17560229948822','Dương Văn Phúc','Quảng Ninh','Móng Cái','Phường 4','Số 325, Đường Nguyễn Thị Nghĩa','0416717842',NULL,68940000.00,0,0,0.00,NULL,'momo','processing',0,'none',NULL,NULL,NULL,NULL,NULL,NULL,NULL,0,NULL,NULL,NULL,NULL,0.00,'completed',NULL,NULL,'2025-08-20 17:00:00','2025-08-24 08:09:54',NULL),(66,2,'WS17560229942126','Ngô Văn Inh','Nha Trang','Lộc Thọ','Phường 5','Số 365, Đường Nguyễn Văn Linh','0358524218',NULL,82960000.00,0,0,829600.00,NULL,'banking','completed',0,'none',NULL,NULL,NULL,NULL,NULL,NULL,NULL,0,NULL,NULL,NULL,NULL,0.00,'paid',NULL,NULL,'2025-08-18 17:00:00','2025-08-24 08:09:54',NULL),(67,8,'WS17560229944033','Châu Thị Mai','Quảng Ninh','Cô Tô','Phường 2','Số 250, Đường Nguyễn Văn Tăng','0162336353',NULL,150930000.00,0,0,0.00,NULL,'vnpay','shipping',0,'none',NULL,NULL,NULL,NULL,NULL,NULL,NULL,0,NULL,NULL,NULL,7,0.00,'paid',NULL,NULL,'2025-08-20 17:00:00','2025-08-24 08:09:54',NULL),(68,6,'WS17560229943650','Lý Thị Kim','Nha Trang','Vạn Thạnh','Phường 4','Số 585, Đường Nguyễn Thị Nghĩa','0402077868',NULL,255870000.00,0,0,0.00,NULL,'momo','cancelled',0,'none',NULL,NULL,NULL,NULL,NULL,NULL,NULL,0,NULL,NULL,NULL,NULL,0.00,'processing',NULL,NULL,'2025-08-22 17:00:00','2025-08-24 08:09:54',NULL),(69,4,'WS17560229943506','Hồ Thị Oanh','Hà Nội','Thanh Xuân','Phường 5','Số 605, Đường Nguyễn Thị Minh Khai','0119355602',NULL,129940000.00,0,0,1299400.00,NULL,'cod','completed',0,'none',NULL,NULL,NULL,NULL,NULL,NULL,NULL,0,NULL,NULL,NULL,2,0.00,'paid',NULL,NULL,'2025-08-15 17:00:00','2025-08-24 08:09:54',NULL),(70,2,'WS17560229941165','Trịnh Văn Việt','Đà Lạt','Phường 2','Phường 7','Số 970, Đường Lê Văn Việt','0422806471',NULL,202910000.00,0,0,0.00,NULL,'vnpay','completed',0,'none',NULL,NULL,NULL,NULL,NULL,NULL,NULL,0,NULL,NULL,NULL,3,0.00,'completed',NULL,NULL,'2025-08-21 17:00:00','2025-08-24 08:09:54',NULL),(71,7,'WS17560229941036','Phạm Thị Hương','TP. Hồ Chí Minh','Quận 7','Phường 2','Số 718, Đường Lê Lợi','0345003845',NULL,38970000.00,0,0,389700.00,NULL,'momo','completed',0,'none',NULL,NULL,NULL,NULL,NULL,NULL,NULL,0,NULL,NULL,NULL,NULL,0.00,'paid',NULL,NULL,'2025-08-19 17:00:00','2025-08-24 08:09:54',NULL),(72,8,'WS17560229942631','Châu Thị Mai','Đà Lạt','Phường 2','Phường 2','Số 284, Đường Trần Hưng Đạo','0581694340',NULL,63960000.00,0,0,639600.00,NULL,'cod','completed',0,'none',NULL,NULL,NULL,NULL,NULL,NULL,NULL,0,NULL,NULL,NULL,7,0.00,'paid',NULL,NULL,'2025-08-19 17:00:00','2025-08-24 08:09:54',NULL),(73,4,'WS17560229944213','Phạm Thị Dung','Đà Lạt','Phường 3','Phường 10','Số 538, Đường Mai Chí Thọ','0674943863',NULL,209920000.00,0,0,2099200.00,NULL,'banking','completed',0,'none',NULL,NULL,NULL,NULL,NULL,NULL,NULL,0,NULL,NULL,NULL,1,0.00,'paid',NULL,NULL,'2025-08-19 17:00:00','2025-08-24 08:09:54',NULL),(74,3,'WS17560229943380','Ngô Văn Inh','Cần Thơ','Ô Môn','Phường 2','Số 63, Đường Cách Mạng Tháng 8','0508511020',NULL,49980000.00,0,0,499800.00,NULL,'momo','completed',0,'none',NULL,NULL,NULL,NULL,NULL,NULL,NULL,0,NULL,NULL,NULL,4,0.00,'paid',NULL,NULL,'2025-08-16 17:00:00','2025-08-24 08:09:54',NULL),(75,6,'WS17560229943169','Lý Thị Kim','Cần Thơ','Cái Răng','Phường 2','Số 549, Đường Cách Mạng Tháng 8','0823275682',NULL,127940000.00,0,0,1279400.00,NULL,'banking','completed',0,'none',NULL,NULL,NULL,NULL,NULL,NULL,NULL,0,NULL,NULL,NULL,1,0.00,'paid',NULL,NULL,'2025-08-14 17:00:00','2025-08-24 08:09:54',NULL),(76,1,'WS17560229944104','Lưu Thị Quỳnh','Hà Nội','Thanh Xuân','Phường 5','Số 868, Đường 3/2','0320456283',NULL,109950000.00,0,0,0.00,NULL,'cod','completed',0,'approved','Sản phẩm không đúng mô tả',NULL,'2025-08-24 10:41:21','2025-08-24 11:11:10','points',109950000.00,'tôi đã nhận được yêu cầu hoàn hàng của bạn',0,'returns/videos/return_video_76_1756032081.mp4','returns/images/return_order_76_1756032081.png','returns/images/return_product_76_1756032081.png',NULL,0.00,'pending',NULL,NULL,'2025-08-23 17:00:00','2025-08-24 11:11:10',NULL),(77,4,'WS17560229948477','Trần Văn Minh','Cần Thơ','Ô Môn','Phường 3','Số 448, Đường Điện Biên Phủ','0205495365',NULL,131920000.00,0,0,0.00,NULL,'momo','processing',0,'none',NULL,NULL,NULL,NULL,NULL,NULL,NULL,0,NULL,NULL,NULL,NULL,0.00,'failed',NULL,NULL,'2025-08-21 17:00:00','2025-08-24 08:09:54',NULL),(78,2,'WS17560229942728','Lâm Văn Yến','Hải Phòng','Ngô Quyền','Phường 9','Số 605, Đường Lê Lợi','0973366723',NULL,45980000.00,0,0,459800.00,NULL,'momo','completed',0,'none',NULL,NULL,NULL,NULL,NULL,NULL,NULL,0,NULL,NULL,NULL,8,0.00,'paid',NULL,NULL,'2025-08-17 17:00:00','2025-08-24 08:09:54',NULL),(79,2,'WS17560229948680','Bùi Văn Dũng','Nha Trang','Lộc Thọ','Phường 8','Số 256, Đường Lý Thường Kiệt','0541869677',NULL,154910000.00,0,0,0.00,NULL,'banking','pending',0,'none',NULL,NULL,NULL,NULL,NULL,NULL,NULL,0,NULL,NULL,NULL,NULL,0.00,'paid',NULL,NULL,'2025-08-22 17:00:00','2025-08-24 08:09:55',NULL),(80,1,'WS17560229954554','Trần Văn Minh','Đà Lạt','Phường 3','Phường 1','Số 697, Đường 3/2','0371574590',NULL,167880000.00,0,0,1678800.00,NULL,'momo','completed',0,'none',NULL,NULL,NULL,NULL,NULL,NULL,NULL,0,NULL,NULL,NULL,NULL,0.00,'paid',NULL,NULL,'2025-08-16 17:00:00','2025-08-24 08:09:55',NULL),(81,4,'WS17560229956437','Đặng Văn Giang','Đà Lạt','Phường 4','Phường 1','Số 802, Đường Nguyễn Thị Nghĩa','0145137593',NULL,52970000.00,0,0,0.00,NULL,'vnpay','shipping',0,'none',NULL,NULL,NULL,NULL,NULL,NULL,NULL,0,NULL,NULL,NULL,NULL,0.00,'completed',NULL,NULL,'2025-08-21 17:00:00','2025-08-24 08:09:55',NULL),(82,4,'WS17560229954242','Đinh Văn Tuấn','Huế','Phú Hội','Phường 6','Số 532, Đường Điện Biên Phủ','0415568326',NULL,12990000.00,0,0,129900.00,NULL,'cod','completed',0,'none',NULL,NULL,NULL,NULL,NULL,NULL,NULL,0,NULL,NULL,NULL,NULL,0.00,'paid',NULL,NULL,'2025-08-18 17:00:00','2025-08-24 08:09:55',NULL),(83,6,'WS17560229953322','Nguyễn Thị Uyên','Cần Thơ','Thốt Nốt','Phường 2','Số 978, Đường Nguyễn Thị Thập','0511038038',NULL,97960000.00,0,0,979600.00,NULL,'vnpay','completed',0,'none',NULL,NULL,NULL,NULL,NULL,NULL,NULL,0,NULL,NULL,NULL,NULL,0.00,'paid',NULL,NULL,'2025-08-16 17:00:00','2025-08-24 08:09:55',NULL),(84,1,'WS17560229954674','Huỳnh Văn Tâm','Hà Nội','Cầu Giấy','Phường 10','Số 7, Đường Nguyễn Thị Định','0322429731',NULL,35960000.00,0,0,0.00,NULL,'vnpay','processing',0,'none',NULL,NULL,NULL,NULL,NULL,NULL,NULL,0,NULL,NULL,NULL,2,0.00,'processing',NULL,NULL,'2025-08-21 17:00:00','2025-08-24 08:09:55',NULL),(85,2,'WS17560229954409','Lý Thị Kim','Hải Phòng','Hải An','Phường 5','Số 903, Đường Trần Hưng Đạo','0910555677',NULL,80970000.00,0,0,809700.00,NULL,'vnpay','completed',0,'none',NULL,NULL,NULL,NULL,NULL,NULL,NULL,0,NULL,NULL,NULL,NULL,0.00,'paid',NULL,NULL,'2025-08-19 17:00:00','2025-08-24 08:09:55',NULL),(86,3,'WS17560229957212','Nguyễn Thị Uyên','Cần Thơ','Ninh Kiều','Phường 10','Số 819, Đường Nguyễn Văn Tăng','0699427297',NULL,138930000.00,0,0,1389300.00,NULL,'cod','completed',0,'none',NULL,NULL,NULL,NULL,NULL,NULL,NULL,0,NULL,NULL,NULL,NULL,0.00,'paid',NULL,NULL,'2025-08-20 17:00:00','2025-08-24 08:09:55',NULL),(87,1,'WS17560229955427','Huỳnh Văn Thắng','Vũng Tàu','Phường 1','Phường 7','Số 338, Đường Lê Lợi','0501914951',NULL,91960000.00,0,0,919600.00,NULL,'cod','completed',0,'none',NULL,NULL,NULL,NULL,NULL,NULL,NULL,0,NULL,NULL,NULL,NULL,0.00,'paid',NULL,NULL,'2025-08-18 17:00:00','2025-08-24 08:09:55',NULL),(88,8,'WS17560229958049','Bùi Thị Hoa','Nha Trang','Phương Sài','Phường 8','Số 260, Đường Nguyễn Hữu Thọ','0630550468',NULL,137910000.00,0,0,1379100.00,NULL,'banking','completed',0,'none',NULL,NULL,NULL,NULL,NULL,NULL,NULL,0,NULL,NULL,NULL,3,0.00,'paid',NULL,NULL,'2025-08-18 17:00:00','2025-08-24 08:09:55',NULL),(89,8,'WS17560229955334','Châu Thị Mai','Huế','An Cựu','Phường 5','Số 511, Đường Võ Văn Tần','0330935987',NULL,139920000.00,0,0,1399200.00,NULL,'cod','completed',0,'none',NULL,NULL,NULL,NULL,NULL,NULL,NULL,0,NULL,NULL,NULL,NULL,0.00,'paid',NULL,NULL,'2025-08-17 17:00:00','2025-08-24 08:09:55',NULL),(90,2,'WS17560229955283','Vũ Thị Phương','Đà Nẵng','Thanh Khê','Phường 2','Số 499, Đường Trần Hưng Đạo','0857683245',NULL,31990000.00,0,0,0.00,NULL,'momo','pending',0,'none',NULL,NULL,NULL,NULL,NULL,NULL,NULL,0,NULL,NULL,NULL,NULL,0.00,'completed',NULL,NULL,'2025-08-21 17:00:00','2025-08-24 08:09:55',NULL),(91,2,'WS17560229957690','Mai Thị Hoa','Huế','Xuân Phú','Phường 10','Số 76, Đường Nguyễn Thị Minh Khai','0913579490',NULL,34990000.00,0,0,349900.00,NULL,'vnpay','completed',0,'none',NULL,NULL,NULL,NULL,NULL,NULL,NULL,0,NULL,NULL,NULL,NULL,0.00,'paid',NULL,NULL,'2025-08-18 17:00:00','2025-08-24 08:09:55',NULL),(92,2,'WS17560229956059','Trịnh Văn Việt','Cần Thơ','Cái Răng','Phường 3','Số 50, Đường Nguyễn Thị Minh Khai','0639563344',NULL,49950000.00,0,0,499500.00,NULL,'cod','completed',0,'none',NULL,NULL,NULL,NULL,NULL,NULL,NULL,0,NULL,NULL,NULL,8,0.00,'paid',NULL,NULL,'2025-08-17 17:00:00','2025-08-24 08:09:55',NULL),(93,8,'WS17560229955854','Trần Thị Bình','TP. Hồ Chí Minh','Quận 6','Phường 7','Số 459, Đường Hai Bà Trưng','0600280227',NULL,169880000.00,0,0,1698800.00,NULL,'vnpay','completed',0,'none',NULL,NULL,NULL,NULL,NULL,NULL,NULL,0,NULL,NULL,NULL,NULL,0.00,'paid',NULL,NULL,'2025-08-14 17:00:00','2025-08-24 08:09:55',NULL),(94,8,'WS17560229957210','Phạm Thị Hương','Huế','Phú Hội','Phường 1','Số 698, Đường Nguyễn Huệ','0424965356',NULL,81930000.00,0,0,0.00,NULL,'momo','completed',0,'none',NULL,NULL,NULL,NULL,NULL,NULL,NULL,0,NULL,NULL,NULL,NULL,0.00,'pending',NULL,NULL,'2025-08-22 17:00:00','2025-08-24 08:09:55',NULL),(95,8,'WS17560229955774','Phạm Thị Hương','TP. Hồ Chí Minh','Quận 2','Phường 4','Số 368, Đường Lê Văn Việt','0787685954',NULL,26970000.00,0,0,0.00,NULL,'momo','processing',0,'none',NULL,NULL,NULL,NULL,NULL,NULL,NULL,0,NULL,NULL,NULL,6,0.00,'completed',NULL,NULL,'2025-08-22 17:00:00','2025-08-24 08:09:55',NULL),(96,1,'WS17560229955590','Hà Thị Zương','Đà Nẵng','Thanh Khê','Phường 2','Số 936, Đường Mai Chí Thọ','0275086188',NULL,120930000.00,0,0,1209300.00,NULL,'vnpay','completed',0,'none',NULL,NULL,NULL,NULL,NULL,NULL,NULL,0,NULL,NULL,NULL,NULL,0.00,'paid',NULL,NULL,'2025-08-14 17:00:00','2025-08-24 08:09:55',NULL),(97,5,'WS17560229957403','Lưu Văn Bình','Huế','Phú Nhuận','Phường 7','Số 480, Đường Cách Mạng Tháng 8','0643187051',NULL,17980000.00,0,0,179800.00,NULL,'momo','completed',0,'none',NULL,NULL,NULL,NULL,NULL,NULL,NULL,0,NULL,NULL,NULL,NULL,0.00,'paid',NULL,NULL,'2025-08-15 17:00:00','2025-08-24 08:09:55',NULL),(98,1,'WS17560229956992','Lê Hoàng Cường','Cần Thơ','Cái Răng','Phường 2','Số 962, Đường Lê Lợi','0418991586',NULL,145910000.00,0,0,0.00,NULL,'momo','cancelled',0,'none',NULL,NULL,NULL,NULL,NULL,NULL,NULL,0,NULL,NULL,NULL,10,0.00,'completed',NULL,NULL,'2025-08-21 17:00:00','2025-08-24 08:09:55',NULL),(99,4,'WS17560229951010','Đỗ Thị Xuân','Hải Phòng','Lê Chân','Phường 6','Số 696, Đường Lê Văn Việt','0136509962',NULL,153910000.00,0,0,0.00,NULL,'momo','processing',0,'none',NULL,NULL,NULL,NULL,NULL,NULL,NULL,0,NULL,NULL,NULL,2,0.00,'paid',NULL,NULL,'2025-08-20 17:00:00','2025-08-24 08:09:55',NULL),(100,8,'WS17560229956711','Huỳnh Văn Tâm','Đà Lạt','Phường 2','Phường 8','Số 14, Đường Lê Văn Việt','0846561872',NULL,51960000.00,0,0,519600.00,NULL,'vnpay','completed',0,'none',NULL,NULL,NULL,NULL,NULL,NULL,NULL,0,NULL,NULL,NULL,NULL,0.00,'paid',NULL,NULL,'2025-08-17 17:00:00','2025-08-24 08:09:55',NULL),(101,7,'WS17560229952156','Bùi Văn Dũng','Huế','Vĩnh Ninh','Phường 9','Số 398, Đường Nguyễn Thị Minh Khai','0989443593',NULL,93960000.00,0,0,939600.00,NULL,'vnpay','completed',0,'none',NULL,NULL,NULL,NULL,NULL,NULL,NULL,0,NULL,NULL,NULL,6,0.00,'paid',NULL,NULL,'2025-08-18 17:00:00','2025-08-24 08:09:55',NULL),(102,5,'WS17560229951772','Trịnh Văn Việt','Đà Nẵng','Cẩm Lệ','Phường 2','Số 59, Đường Nguyễn Huệ','0777040731',NULL,110940000.00,0,0,1109400.00,NULL,'banking','completed',0,'none',NULL,NULL,NULL,NULL,NULL,NULL,NULL,0,NULL,NULL,NULL,6,0.00,'paid',NULL,NULL,'2025-08-18 17:00:00','2025-08-24 08:09:55',NULL),(103,8,'WS17560229956483','Lý Văn Sơn','Đà Nẵng','Cẩm Lệ','Phường 9','Số 826, Đường Điện Biên Phủ','0254568457',NULL,116930000.00,0,0,0.00,NULL,'vnpay','shipping',0,'none',NULL,NULL,NULL,NULL,NULL,NULL,NULL,0,NULL,NULL,NULL,3,0.00,'paid',NULL,NULL,'2025-08-20 17:00:00','2025-08-24 08:09:55',NULL),(104,5,'WS17560229953636','Lê Hoàng Cường','Vũng Tàu','Phường 6','Phường 9','Số 610, Đường Điện Biên Phủ','0334667663',NULL,55970000.00,0,0,559700.00,NULL,'momo','completed',0,'none',NULL,NULL,NULL,NULL,NULL,NULL,NULL,0,NULL,NULL,NULL,8,0.00,'paid',NULL,NULL,'2025-08-19 17:00:00','2025-08-24 08:09:55',NULL),(105,6,'WS17560229956471','Lê Hoàng Cường','Đà Nẵng','Sơn Trà','Phường 6','Số 998, Đường Nguyễn Huệ','0494370844',NULL,180910000.00,0,0,0.00,NULL,'banking','cancelled',0,'none',NULL,NULL,NULL,NULL,NULL,NULL,NULL,0,NULL,NULL,NULL,NULL,0.00,'paid',NULL,NULL,'2025-08-20 17:00:00','2025-08-24 08:09:55',NULL),(106,4,'WS17560229957294','Đặng Văn Giang','Đà Lạt','Phường 5','Phường 4','Số 270, Đường Nguyễn Thị Minh Khai','0553936121',NULL,116940000.00,0,0,0.00,NULL,'momo','pending',0,'none',NULL,NULL,NULL,NULL,NULL,NULL,NULL,0,NULL,NULL,NULL,NULL,0.00,'failed',NULL,NULL,'2025-08-20 17:00:00','2025-08-24 08:09:55',NULL),(107,2,'WS17560229958553','Lưu Thị Quỳnh','Đà Nẵng','Cẩm Lệ','Phường 4','Số 980, Đường Nguyễn Văn Tăng','0252953159',NULL,206900000.00,0,0,0.00,NULL,'cod','completed',0,'none',NULL,NULL,NULL,NULL,NULL,NULL,NULL,0,NULL,NULL,NULL,NULL,0.00,'completed',NULL,NULL,'2025-08-21 17:00:00','2025-08-24 08:09:55',NULL),(108,4,'WS17560229958573','Hà Thị Zương','Hà Nội','Tây Hồ','Phường 4','Số 889, Đường Lý Thường Kiệt','0344040114',NULL,35960000.00,0,0,359600.00,NULL,'banking','completed',0,'none',NULL,NULL,NULL,NULL,NULL,NULL,NULL,0,NULL,NULL,NULL,NULL,0.00,'paid',NULL,NULL,'2025-08-16 17:00:00','2025-08-24 08:09:55',NULL),(109,1,'WS17560229955158','Mai Văn Long','Đà Lạt','Phường 1','Phường 3','Số 62, Đường Nguyễn Hữu Cảnh','0660110216',NULL,162910000.00,0,0,0.00,NULL,'vnpay','completed',0,'none',NULL,NULL,NULL,NULL,NULL,NULL,NULL,0,NULL,NULL,NULL,NULL,0.00,'processing',NULL,NULL,'2025-08-20 17:00:00','2025-08-24 08:09:55',NULL),(110,1,'WS17560229954220','Mai Thị Hoa','Đà Nẵng','Cẩm Lệ','Phường 3','Số 781, Đường Nguyễn Thị Thập','0471204512',NULL,21990000.00,0,0,219900.00,NULL,'vnpay','completed',0,'none',NULL,NULL,NULL,NULL,NULL,NULL,NULL,0,NULL,NULL,NULL,NULL,0.00,'paid',NULL,NULL,'2025-08-15 17:00:00','2025-08-24 08:09:55',NULL),(111,5,'WS17560229954176','Đinh Thị Mai','Đà Nẵng','Cẩm Lệ','Phường 7','Số 487, Đường Nguyễn Văn Tăng','0313053297',NULL,64950000.00,0,0,649500.00,NULL,'vnpay','completed',0,'none',NULL,NULL,NULL,NULL,NULL,NULL,NULL,0,NULL,NULL,NULL,1,0.00,'paid',NULL,NULL,'2025-08-15 17:00:00','2025-08-24 08:09:55',NULL),(112,4,'WS17560229954204','Hồ Văn Hùng','TP. Hồ Chí Minh','Quận 7','Phường 7','Số 606, Đường Lý Thường Kiệt','0664410055',NULL,30960000.00,0,0,0.00,NULL,'momo','cancelled',0,'none',NULL,NULL,NULL,NULL,NULL,NULL,NULL,0,NULL,NULL,NULL,NULL,0.00,'processing',NULL,NULL,'2025-08-20 17:00:00','2025-08-24 08:09:55',NULL),(113,8,'WS17560229955899','Phạm Thị Dung','Hải Phòng','Ngô Quyền','Phường 9','Số 618, Đường Nguyễn Hữu Cảnh','0728694530',NULL,73950000.00,0,0,0.00,NULL,'vnpay','processing',0,'none',NULL,NULL,NULL,NULL,NULL,NULL,NULL,0,NULL,NULL,NULL,1,0.00,'failed',NULL,NULL,'2025-08-22 17:00:00','2025-08-24 08:09:55',NULL),(114,1,'WS17560229958550','Đặng Văn Giang','Đà Nẵng','Thanh Khê','Phường 10','Số 414, Đường Nguyễn Thị Định','0442789684',NULL,89970000.00,0,0,899700.00,NULL,'momo','completed',0,'none',NULL,NULL,NULL,NULL,NULL,NULL,NULL,0,NULL,NULL,NULL,2,0.00,'paid',NULL,NULL,'2025-08-17 17:00:00','2025-08-24 08:09:55',NULL),(115,2,'WS17560229953926','Lưu Văn Bình','Vũng Tàu','Phường 4','Phường 7','Số 720, Đường Cách Mạng Tháng 8','0638141495',NULL,67950000.00,0,0,679500.00,NULL,'momo','completed',0,'none',NULL,NULL,NULL,NULL,NULL,NULL,NULL,0,NULL,NULL,NULL,NULL,0.00,'paid',NULL,NULL,'2025-08-17 17:00:00','2025-08-24 08:09:55',NULL),(116,6,'WS17560229955048','Bùi Văn Dũng','Cần Thơ','Cái Răng','Phường 4','Số 731, Đường Nguyễn Thị Nghĩa','0711565879',NULL,167910000.00,0,0,0.00,NULL,'vnpay','pending',0,'none',NULL,NULL,NULL,NULL,NULL,NULL,NULL,0,NULL,NULL,NULL,NULL,0.00,'processing',NULL,NULL,'2025-08-22 17:00:00','2025-08-24 08:09:55',NULL),(117,5,'WS17560229957382','Mai Thị Hoa','Nha Trang','Vạn Thạnh','Phường 4','Số 509, Đường Nguyễn Thị Minh Khai','0153697789',NULL,99960000.00,0,0,0.00,NULL,'momo','shipping',0,'none',NULL,NULL,NULL,NULL,NULL,NULL,NULL,0,NULL,NULL,NULL,NULL,0.00,'paid',NULL,NULL,'2025-08-21 17:00:00','2025-08-24 08:09:55',NULL),(118,8,'WS17560229956799','Lưu Thị Quỳnh','Quảng Ninh','Cẩm Phả','Phường 6','Số 467, Đường Nguyễn Huệ','0707334208',NULL,124940000.00,0,0,0.00,NULL,'momo','completed',0,'none',NULL,NULL,NULL,NULL,NULL,NULL,NULL,0,NULL,NULL,NULL,10,0.00,'processing',NULL,NULL,'2025-08-20 17:00:00','2025-08-24 08:09:55',NULL),(119,5,'WS17560229957635','Trịnh Văn Việt','Hà Nội','Hai Bà Trưng','Phường 3','Số 618, Đường Nguyễn Thị Định','0676155463',NULL,99960000.00,0,0,999600.00,NULL,'vnpay','completed',0,'none',NULL,NULL,NULL,NULL,NULL,NULL,NULL,0,NULL,NULL,NULL,NULL,0.00,'paid',NULL,NULL,'2025-08-16 17:00:00','2025-08-24 08:09:55',NULL),(120,8,'WS17560229956742','Hoàng Văn Em','Huế','Xuân Phú','Phường 9','Số 53, Đường Võ Nguyên Giáp','0228949241',NULL,165890000.00,0,0,0.00,NULL,'banking','pending',0,'none',NULL,NULL,NULL,NULL,NULL,NULL,NULL,0,NULL,NULL,NULL,NULL,0.00,'pending',NULL,NULL,'2025-08-21 17:00:00','2025-08-24 08:09:55',NULL),(121,1,'WS17560229956962','Trần Văn Minh','Đà Lạt','Phường 3','Phường 4','Số 984, Đường Điện Biên Phủ','0357499248',NULL,74970000.00,0,0,749700.00,NULL,'cod','completed',0,'none',NULL,NULL,NULL,NULL,NULL,NULL,NULL,0,NULL,NULL,NULL,NULL,0.00,'paid',NULL,NULL,'2025-08-18 17:00:00','2025-08-24 08:09:55',NULL),(122,7,'WS17560229969219','Hà Thị Zương','Đà Lạt','Phường 2','Phường 3','Số 218, Đường Trần Hưng Đạo','0925710901',NULL,85960000.00,0,0,0.00,NULL,'cod','cancelled',0,'none',NULL,NULL,NULL,NULL,NULL,NULL,NULL,0,NULL,NULL,NULL,4,0.00,'paid',NULL,NULL,'2025-08-21 17:00:00','2025-08-24 08:09:56',NULL),(123,4,'WS17560229962206','Đặng Thị Thảo','Hà Nội','Tây Hồ','Phường 10','Số 103, Đường Lê Lợi','0613142967',NULL,141890000.00,0,0,1418900.00,NULL,'vnpay','completed',0,'none',NULL,NULL,NULL,NULL,NULL,NULL,NULL,0,NULL,NULL,NULL,NULL,0.00,'paid',NULL,NULL,'2025-08-18 17:00:00','2025-08-24 08:09:56',NULL),(124,1,'WS17560229961823','Nguyễn Thị Hà','Cần Thơ','Ninh Kiều','Phường 3','Số 987, Đường Nguyễn Văn Quỳ','0768688229',NULL,151900000.00,0,0,0.00,NULL,'banking','cancelled',0,'none',NULL,NULL,NULL,NULL,NULL,NULL,NULL,0,NULL,NULL,NULL,NULL,0.00,'pending',NULL,NULL,'2025-08-22 17:00:00','2025-08-24 08:09:56',NULL),(125,6,'WS17560229962006','Mai Văn Long','TP. Hồ Chí Minh','Quận 2','Phường 8','Số 727, Đường Nguyễn Thị Thập','0881513091',NULL,93950000.00,0,0,939500.00,NULL,'cod','completed',0,'none',NULL,NULL,NULL,NULL,NULL,NULL,NULL,0,NULL,NULL,NULL,NULL,0.00,'paid',NULL,NULL,'2025-08-14 17:00:00','2025-08-24 08:09:56',NULL),(126,7,'WS17560229962826','Trần Thị Bình','Nha Trang','Phương Sài','Phường 9','Số 988, Đường Nguyễn Hữu Thọ','0663101950',NULL,223900000.00,0,0,0.00,NULL,'cod','cancelled',0,'none',NULL,NULL,NULL,NULL,NULL,NULL,NULL,0,NULL,NULL,NULL,NULL,0.00,'pending',NULL,NULL,'2025-08-22 17:00:00','2025-08-24 08:09:56',NULL),(127,4,'WS17560229967311','Mai Văn Long','Đà Nẵng','Ngũ Hành Sơn','Phường 8','Số 793, Đường Nguyễn Văn Quỳ','0778177557',NULL,275910000.00,0,0,2759100.00,NULL,'cod','completed',0,'none',NULL,NULL,NULL,NULL,NULL,NULL,NULL,0,NULL,NULL,NULL,NULL,0.00,'paid',NULL,NULL,'2025-08-19 17:00:00','2025-08-24 08:09:56',NULL),(128,7,'WS17560229967592','Bùi Văn Dũng','Vũng Tàu','Phường 3','Phường 4','Số 940, Đường Nguyễn Huệ','0791326786',NULL,142950000.00,0,0,1429500.00,NULL,'banking','completed',0,'none',NULL,NULL,NULL,NULL,NULL,NULL,NULL,0,NULL,NULL,NULL,8,0.00,'paid',NULL,NULL,'2025-08-15 17:00:00','2025-08-24 08:09:56',NULL),(129,6,'WS17560229964302','Nguyễn Văn An','Đà Nẵng','Cẩm Lệ','Phường 7','Số 384, Đường Hai Bà Trưng','0321687808',NULL,169910000.00,0,0,0.00,NULL,'vnpay','completed',0,'none',NULL,NULL,NULL,NULL,NULL,NULL,NULL,0,NULL,NULL,NULL,NULL,0.00,'pending',NULL,NULL,'2025-08-21 17:00:00','2025-08-24 08:09:56',NULL),(130,5,'WS17560229966454','Dương Thị Nga','TP. Hồ Chí Minh','Quận 1','Phường 1','Số 24, Đường Nguyễn Duy Trinh','0585126098',NULL,218910000.00,0,0,2189100.00,NULL,'vnpay','completed',0,'none',NULL,NULL,NULL,NULL,NULL,NULL,NULL,0,NULL,NULL,NULL,NULL,0.00,'paid',NULL,NULL,'2025-08-18 17:00:00','2025-08-24 08:09:56',NULL),(131,2,'WS17560229966958','Tô Văn Rạng','Vũng Tàu','Phường 4','Phường 1','Số 573, Đường Lê Văn Việt','0504755422',NULL,116910000.00,0,0,1169100.00,NULL,'momo','completed',0,'none',NULL,NULL,NULL,NULL,NULL,NULL,NULL,0,NULL,NULL,NULL,NULL,0.00,'paid',NULL,NULL,'2025-08-15 17:00:00','2025-08-24 08:09:56',NULL),(132,5,'WS17560229962490','Nguyễn Văn An','Nha Trang','Phương Sơn','Phường 7','Số 997, Đường Nguyễn Thị Minh Khai','0524120183',NULL,118920000.00,0,0,0.00,NULL,'vnpay','completed',0,'none',NULL,NULL,NULL,NULL,NULL,NULL,NULL,0,NULL,NULL,NULL,NULL,0.00,'processing',NULL,NULL,'2025-08-22 17:00:00','2025-08-24 08:09:56',NULL),(133,5,'WS17560229962643','Nguyễn Thị Hà','Hà Nội','Ba Đình','Phường 3','Số 792, Đường Nguyễn Hữu Cảnh','0347764899',NULL,54960000.00,0,0,0.00,NULL,'cod','shipping',0,'none',NULL,NULL,NULL,NULL,NULL,NULL,NULL,0,NULL,NULL,NULL,10,0.00,'failed',NULL,NULL,'2025-08-20 17:00:00','2025-08-24 08:09:56',NULL),(134,1,'WS17560229969551','Hồ Văn Hùng','Hà Nội','Thanh Xuân','Phường 6','Số 496, Đường Nguyễn Văn Tăng','0589066795',NULL,153930000.00,0,0,0.00,NULL,'cod','pending',0,'none',NULL,NULL,NULL,NULL,NULL,NULL,NULL,0,NULL,NULL,NULL,NULL,0.00,'processing',NULL,NULL,'2025-08-23 17:00:00','2025-08-24 08:09:56',NULL),(135,3,'WS17560229965029','Huỳnh Văn Thắng','Nha Trang','Lộc Thọ','Phường 5','Số 402, Đường Võ Văn Tần','0779875183',NULL,126930000.00,0,0,0.00,NULL,'vnpay','delivered',0,'none',NULL,NULL,NULL,NULL,NULL,NULL,NULL,0,NULL,NULL,NULL,NULL,0.00,'paid',NULL,NULL,'2025-08-23 17:00:00','2025-08-24 11:25:02',NULL),(136,8,'WS17560229966872','Dương Văn Phúc','Hà Nội','Tây Hồ','Phường 2','Số 608, Đường 3/2','0108031568',NULL,158910000.00,0,0,0.00,NULL,'momo','shipping',0,'none',NULL,NULL,NULL,NULL,NULL,NULL,NULL,0,NULL,NULL,NULL,1,0.00,'completed',NULL,NULL,'2025-08-21 17:00:00','2025-08-24 08:09:56',NULL),(137,1,'WS17560229969421','Tô Văn Rạng','Đà Lạt','Phường 2','Phường 7','Số 444, Đường Mai Chí Thọ','0292769677',NULL,277860000.00,0,0,0.00,NULL,'cod','pending',0,'none',NULL,NULL,NULL,NULL,NULL,NULL,NULL,0,NULL,NULL,NULL,1,0.00,'failed',NULL,NULL,'2025-08-21 17:00:00','2025-08-24 08:09:56',NULL),(138,7,'WS17560229962913','Hà Thị Zương','Hải Phòng','Kiến An','Phường 5','Số 283, Đường Nguyễn Hữu Thọ','0766541525',NULL,183870000.00,0,0,0.00,NULL,'momo','completed',0,'none',NULL,NULL,NULL,NULL,NULL,NULL,NULL,0,NULL,NULL,NULL,NULL,0.00,'failed',NULL,NULL,'2025-08-22 17:00:00','2025-08-24 08:09:56',NULL),(139,6,'WS17560229962994','Lưu Thị Quỳnh','Hải Phòng','Hồng Bàng','Phường 3','Số 927, Đường Nguyễn Hữu Cảnh','0809621950',NULL,143920000.00,0,0,1439200.00,NULL,'cod','completed',0,'none',NULL,NULL,NULL,NULL,NULL,NULL,NULL,0,NULL,NULL,NULL,NULL,0.00,'paid',NULL,NULL,'2025-08-19 17:00:00','2025-08-24 08:09:56',NULL),(140,8,'WS17560229966486','Lưu Thị Quỳnh','Đà Lạt','Phường 4','Phường 6','Số 642, Đường Nguyễn Thị Thập','0946701769',NULL,89960000.00,0,0,0.00,NULL,'vnpay','shipping',0,'none',NULL,NULL,NULL,NULL,NULL,NULL,NULL,0,NULL,NULL,NULL,NULL,0.00,'completed',NULL,NULL,'2025-08-20 17:00:00','2025-08-24 08:09:56',NULL),(141,5,'WS17560229965807','Châu Thị Sinh','Nha Trang','Vạn Thạnh','Phường 9','Số 406, Đường Nguyễn Hữu Cảnh','0158275426',NULL,170890000.00,0,0,0.00,NULL,'cod','completed',0,'none',NULL,NULL,NULL,NULL,NULL,NULL,NULL,0,NULL,NULL,NULL,NULL,0.00,'completed',NULL,NULL,'2025-08-23 17:00:00','2025-08-24 08:09:56',NULL),(142,3,'WS17560229969183','Tô Văn Rạng','TP. Hồ Chí Minh','Quận 2','Phường 7','Số 843, Đường Võ Văn Tần','0943772743',NULL,138920000.00,0,0,1389200.00,NULL,'momo','completed',0,'none',NULL,NULL,NULL,NULL,NULL,NULL,NULL,0,NULL,NULL,NULL,NULL,0.00,'paid',NULL,NULL,'2025-08-15 17:00:00','2025-08-24 08:09:56',NULL),(143,4,'WS17560229968579','Bùi Thị Hoa','Huế','An Cựu','Phường 3','Số 937, Đường 3/2','0503481040',NULL,122930000.00,0,0,1229300.00,NULL,'momo','completed',0,'none',NULL,NULL,NULL,NULL,NULL,NULL,NULL,0,NULL,NULL,NULL,6,0.00,'paid',NULL,NULL,'2025-08-16 17:00:00','2025-08-24 08:09:56',NULL),(144,8,'WS17560229963001','Ngô Văn Inh','Quảng Ninh','Uông Bí','Phường 6','Số 592, Đường Điện Biên Phủ','0438048607',NULL,76940000.00,0,0,0.00,NULL,'momo','shipping',0,'none',NULL,NULL,NULL,NULL,NULL,NULL,NULL,0,NULL,NULL,NULL,5,0.00,'completed',NULL,NULL,'2025-08-22 17:00:00','2025-08-24 08:09:56',NULL),(145,7,'WS17560229966369','Lý Văn Sơn','Nha Trang','Vạn Thạnh','Phường 7','Số 687, Đường Lê Lợi','0337081312',NULL,79950000.00,0,0,0.00,NULL,'banking','shipping',0,'none',NULL,NULL,NULL,NULL,NULL,NULL,NULL,0,NULL,NULL,NULL,NULL,0.00,'processing',NULL,NULL,'2025-08-20 17:00:00','2025-08-24 08:09:56',NULL),(146,7,'WS17560229964274','Lý Thị Kim','Đà Lạt','Phường 2','Phường 2','Số 563, Đường Cách Mạng Tháng 8','0500380098',NULL,38970000.00,0,0,389700.00,NULL,'vnpay','completed',0,'none',NULL,NULL,NULL,NULL,NULL,NULL,NULL,0,NULL,NULL,NULL,NULL,0.00,'paid',NULL,NULL,'2025-08-19 17:00:00','2025-08-24 08:09:56',NULL),(147,3,'WS17560229967538','Mai Văn Long','Vũng Tàu','Phường 5','Phường 2','Số 964, Đường Nguyễn Huệ','0570578447',NULL,49980000.00,0,0,0.00,NULL,'momo','pending',0,'none',NULL,NULL,NULL,NULL,NULL,NULL,NULL,0,NULL,NULL,NULL,NULL,0.00,'paid',NULL,NULL,'2025-08-20 17:00:00','2025-08-24 08:09:56',NULL),(148,6,'WS17560229968651','Hồ Thị Oanh','Quảng Ninh','Uông Bí','Phường 3','Số 966, Đường Mai Chí Thọ','0913818762',NULL,231880000.00,0,0,2318800.00,NULL,'banking','completed',0,'none',NULL,NULL,NULL,NULL,NULL,NULL,NULL,0,NULL,NULL,NULL,NULL,0.00,'paid',NULL,NULL,'2025-08-16 17:00:00','2025-08-24 08:09:56',NULL),(149,5,'WS17560229963409','Nguyễn Thị Lan','Quảng Ninh','Hạ Long','Phường 8','Số 368, Đường Nguyễn Hữu Thọ','0346087938',NULL,207910000.00,0,0,2079100.00,NULL,'vnpay','completed',0,'none',NULL,NULL,NULL,NULL,NULL,NULL,NULL,0,NULL,NULL,NULL,NULL,0.00,'paid',NULL,NULL,'2025-08-16 17:00:00','2025-08-24 08:09:56',NULL),(150,6,'WS17560229969061','Đỗ Thị Xuân','TP. Hồ Chí Minh','Quận 6','Phường 6','Số 795, Đường Nguyễn Hữu Cảnh','0978786421',NULL,91960000.00,0,0,919600.00,NULL,'momo','completed',0,'none',NULL,NULL,NULL,NULL,NULL,NULL,NULL,0,NULL,NULL,NULL,4,0.00,'paid',NULL,NULL,'2025-08-19 17:00:00','2025-08-24 08:09:56',NULL),(151,8,'WS17560234043413','Trần Thị Bình','TP. Hồ Chí Minh','Quận 3','Phường 6','Số 789, Đường Lê Văn Việt','0928887271',NULL,87960000.00,0,0,0.00,NULL,'vnpay','cancelled',0,'none',NULL,NULL,NULL,NULL,NULL,NULL,NULL,0,NULL,NULL,NULL,7,0.00,'failed',NULL,NULL,'2025-08-23 08:16:44','2025-08-24 08:16:44',NULL),(152,8,'WS17560234044807','Lý Thị Kim','Quảng Ninh','Uông Bí','Phường 3','Số 639, Đường Nguyễn Hữu Cảnh','0635044570',NULL,97960000.00,0,0,0.00,NULL,'momo','cancelled',0,'none',NULL,NULL,NULL,NULL,NULL,NULL,NULL,0,NULL,NULL,NULL,NULL,0.00,'failed',NULL,NULL,'2025-08-23 08:16:44','2025-08-24 08:16:44',NULL),(153,8,'WS17560234044126','Châu Thị Sinh','Huế','Xuân Phú','Phường 4','Số 349, Đường Nguyễn Thị Định','0818203099',NULL,18990000.00,0,0,0.00,NULL,'banking','cancelled',0,'none',NULL,NULL,NULL,NULL,NULL,NULL,NULL,0,NULL,NULL,NULL,NULL,0.00,'failed',NULL,NULL,'2025-08-23 08:16:44','2025-08-24 08:16:44',NULL),(154,8,'WS17560234048446','Huỳnh Văn Tâm','Đà Lạt','Phường 2','Phường 6','Số 156, Đường Nguyễn Thị Thập','0604166910',NULL,103950000.00,0,0,0.00,NULL,'momo','cancelled',0,'none',NULL,NULL,NULL,NULL,NULL,NULL,NULL,0,NULL,NULL,NULL,9,0.00,'failed',NULL,NULL,'2025-08-17 08:16:44','2025-08-24 08:16:44',NULL),(155,8,'WS17560234041649','Lê Hoàng Cường','Đà Nẵng','Cẩm Lệ','Phường 5','Số 517, Đường Điện Biên Phủ','0220154381',NULL,57960000.00,0,0,0.00,NULL,'vnpay','cancelled',0,'none',NULL,NULL,NULL,NULL,NULL,NULL,NULL,0,NULL,NULL,NULL,5,0.00,'failed',NULL,NULL,'2025-07-25 08:16:44','2025-08-24 08:16:44',NULL),(156,8,'WS17560234045215','Huỳnh Văn Tâm','Nha Trang','Lộc Thọ','Phường 8','Số 631, Đường Nguyễn Hữu Cảnh','0192331129',NULL,207920000.00,0,0,0.00,NULL,'cod','cancelled',0,'none',NULL,NULL,NULL,NULL,NULL,NULL,NULL,0,NULL,NULL,NULL,5,0.00,'failed',NULL,NULL,'2025-07-26 08:16:44','2025-08-24 08:16:44',NULL),(157,8,'WS17560234049482','Trần Thị Bình','Hà Nội','Hai Bà Trưng','Phường 7','Số 570, Đường Nguyễn Hữu Cảnh','0335836971',NULL,107940000.00,0,0,0.00,NULL,'banking','cancelled',0,'none',NULL,NULL,NULL,NULL,NULL,NULL,NULL,0,NULL,NULL,NULL,1,0.00,'failed',NULL,NULL,'2025-08-18 08:16:44','2025-08-24 08:16:44',NULL),(158,8,'WS17560234047645','Huỳnh Văn Tâm','TP. Hồ Chí Minh','Quận 10','Phường 3','Số 833, Đường Nguyễn Văn Quỳ','0369678808',NULL,49960000.00,0,0,0.00,NULL,'cod','cancelled',0,'none',NULL,NULL,NULL,NULL,NULL,NULL,NULL,0,NULL,NULL,NULL,NULL,0.00,'failed',NULL,NULL,'2025-08-22 08:16:44','2025-08-24 08:16:44',NULL),(159,8,'WS17560234046179','Ngô Văn Inh','Cần Thơ','Bình Thủy','Phường 6','Số 382, Đường Nguyễn Thị Thập','0676136016',NULL,38970000.00,0,0,0.00,NULL,'vnpay','cancelled',0,'none',NULL,NULL,NULL,NULL,NULL,NULL,NULL,0,NULL,NULL,NULL,NULL,0.00,'failed',NULL,NULL,'2025-08-20 08:16:44','2025-08-24 08:16:44',NULL),(160,8,'WS17560234047151','Đinh Thị Mai','Đà Nẵng','Cẩm Lệ','Phường 6','Số 13, Đường Hai Bà Trưng','0831783279',NULL,27980000.00,0,0,0.00,NULL,'vnpay','cancelled',0,'none',NULL,NULL,NULL,NULL,NULL,NULL,NULL,0,NULL,NULL,NULL,1,0.00,'failed',NULL,NULL,'2025-08-02 08:16:44','2025-08-24 08:16:45',NULL),(161,8,'WS17560234054579','Hoàng Văn Em','Cần Thơ','Ô Môn','Phường 2','Số 178, Đường Cách Mạng Tháng 8','0624858688',NULL,38970000.00,0,0,0.00,NULL,'momo','cancelled',0,'none',NULL,NULL,NULL,NULL,NULL,NULL,NULL,0,NULL,NULL,NULL,NULL,0.00,'failed',NULL,NULL,'2025-08-16 08:16:44','2025-08-24 08:16:45',NULL),(162,8,'WS17560234052651','Tô Văn Rạng','TP. Hồ Chí Minh','Quận 10','Phường 3','Số 583, Đường Cách Mạng Tháng 8','0903206296',NULL,64950000.00,0,0,0.00,NULL,'vnpay','cancelled',0,'none',NULL,NULL,NULL,NULL,NULL,NULL,NULL,0,NULL,NULL,NULL,NULL,0.00,'failed',NULL,NULL,'2025-08-10 08:16:44','2025-08-24 08:16:45',NULL),(163,8,'WS17560234057982','Nguyễn Thị Uyên','Cần Thơ','Cái Răng','Phường 8','Số 160, Đường Lê Lợi','0538275933',NULL,78960000.00,0,0,0.00,NULL,'momo','cancelled',0,'none',NULL,NULL,NULL,NULL,NULL,NULL,NULL,0,NULL,NULL,NULL,NULL,0.00,'failed',NULL,NULL,'2025-08-10 08:16:44','2025-08-24 08:16:45',NULL),(164,8,'WS17560234054995','Dương Văn Phúc','Cần Thơ','Ninh Kiều','Phường 7','Số 986, Đường Nguyễn Thị Minh Khai','0542589007',NULL,74970000.00,0,0,0.00,NULL,'vnpay','cancelled',0,'none',NULL,NULL,NULL,NULL,NULL,NULL,NULL,0,NULL,NULL,NULL,NULL,0.00,'failed',NULL,NULL,'2025-08-09 08:16:44','2025-08-24 08:16:45',NULL),(165,8,'WS17560234053464','Mai Văn Long','Quảng Ninh','Móng Cái','Phường 1','Số 824, Đường Nguyễn Thị Thập','0588705566',NULL,108950000.00,0,0,0.00,NULL,'momo','cancelled',0,'none',NULL,NULL,NULL,NULL,NULL,NULL,NULL,0,NULL,NULL,NULL,NULL,0.00,'failed',NULL,NULL,'2025-08-18 08:16:44','2025-08-24 08:16:45',NULL),(166,8,'WS17560234051914','Hoàng Văn Em','Quảng Ninh','Hạ Long','Phường 8','Số 797, Đường Nguyễn Hữu Cảnh','0574422915',NULL,127930000.00,0,0,0.00,NULL,'cod','cancelled',0,'none',NULL,NULL,NULL,NULL,NULL,NULL,NULL,0,NULL,NULL,NULL,NULL,0.00,'failed',NULL,NULL,'2025-08-15 08:16:44','2025-08-24 08:16:45',NULL),(167,8,'WS17560234052909','Hoàng Văn Em','Quảng Ninh','Cô Tô','Phường 4','Số 717, Đường Nguyễn Thị Định','0562391038',NULL,89970000.00,0,0,0.00,NULL,'momo','cancelled',0,'none',NULL,NULL,NULL,NULL,NULL,NULL,NULL,0,NULL,NULL,NULL,NULL,0.00,'failed',NULL,NULL,'2025-08-11 08:16:44','2025-08-24 08:16:45',NULL),(168,8,'WS17560234054874','Bùi Thị Hoa','Hải Phòng','Ngô Quyền','Phường 8','Số 621, Đường Mai Chí Thọ','0503759624',NULL,164940000.00,0,0,0.00,NULL,'cod','cancelled',0,'none',NULL,NULL,NULL,NULL,NULL,NULL,NULL,0,NULL,NULL,NULL,3,0.00,'failed',NULL,NULL,'2025-08-23 08:16:44','2025-08-24 08:16:45',NULL),(169,8,'WS17560234059021','Nguyễn Thị Uyên','Nha Trang','Phương Sơn','Phường 1','Số 236, Đường Trần Hưng Đạo','0214113561',NULL,132950000.00,0,0,0.00,NULL,'cod','cancelled',0,'none',NULL,NULL,NULL,NULL,NULL,NULL,NULL,0,NULL,NULL,NULL,NULL,0.00,'failed',NULL,NULL,'2025-07-30 08:16:44','2025-08-24 08:16:45',NULL),(170,8,'WS17560234059347','Phạm Thị Dung','Hà Nội','Đống Đa','Phường 4','Số 367, Đường Nguyễn Hữu Thọ','0703918335',NULL,86960000.00,0,0,0.00,NULL,'cod','cancelled',0,'none',NULL,NULL,NULL,NULL,NULL,NULL,NULL,0,NULL,NULL,NULL,5,0.00,'failed',NULL,NULL,'2025-08-03 08:16:44','2025-08-24 08:16:45',NULL),(171,8,'WS17560234052819','Nguyễn Văn An','Quảng Ninh','Móng Cái','Phường 7','Số 541, Đường Nguyễn Duy Trinh','0411964308',NULL,131930000.00,0,0,0.00,NULL,'momo','pending',0,'none',NULL,NULL,NULL,NULL,NULL,NULL,NULL,0,NULL,NULL,NULL,3,0.00,'pending',NULL,NULL,'2025-08-21 08:16:45','2025-08-24 08:16:45',NULL),(172,8,'WS17560234054401','Mai Văn Long','Hải Phòng','Dương Kinh','Phường 6','Số 419, Đường Nguyễn Hữu Thọ','0451726414',NULL,104950000.00,0,0,0.00,NULL,'vnpay','pending',0,'none',NULL,NULL,NULL,NULL,NULL,NULL,NULL,0,NULL,NULL,NULL,1,0.00,'pending',NULL,NULL,'2025-08-22 08:16:45','2025-08-24 08:16:45',NULL),(173,8,'WS17560234057494','Châu Thị Sinh','Huế','Phú Hội','Phường 1','Số 261, Đường Nguyễn Văn Linh','0480401569',NULL,59970000.00,0,0,0.00,NULL,'banking','pending',0,'none',NULL,NULL,NULL,NULL,NULL,NULL,NULL,0,NULL,NULL,NULL,10,0.00,'pending',NULL,NULL,'2025-08-17 08:16:45','2025-08-24 08:16:45',NULL),(174,8,'WS17560234059930','Châu Thị Sinh','Nha Trang','Vạn Thắng','Phường 3','Số 122, Đường Nguyễn Duy Trinh','0516340003',NULL,19990000.00,0,0,0.00,NULL,'cod','completed',1,'none',NULL,NULL,NULL,NULL,NULL,NULL,NULL,0,NULL,NULL,NULL,NULL,0.00,'paid',NULL,NULL,'2025-08-24 08:16:45','2025-08-24 10:53:23',NULL),(175,8,'WS17560234052713','Nguyễn Văn An','Cần Thơ','Cái Răng','Phường 10','Số 229, Đường Võ Văn Tần','0784344271',NULL,87960000.00,0,0,0.00,NULL,'cod','completed',1,'none',NULL,NULL,NULL,NULL,NULL,NULL,NULL,0,NULL,NULL,NULL,NULL,0.00,'paid',NULL,NULL,'2025-08-24 08:16:45','2025-08-24 10:50:49',NULL),(176,8,'WS17560234054811','Võ Văn Nam','Quảng Ninh','Uông Bí','Phường 1','Số 618, Đường Nguyễn Văn Linh','0473278988',NULL,135950000.00,0,0,0.00,NULL,'momo','pending',0,'none',NULL,NULL,NULL,NULL,NULL,NULL,NULL,0,NULL,NULL,NULL,4,0.00,'pending',NULL,NULL,'2025-08-17 08:16:45','2025-08-24 08:16:45',NULL),(177,8,'WS17560234059110','Mai Văn Long','Đà Lạt','Phường 1','Phường 6','Số 394, Đường 3/2','0640024829',NULL,15990000.00,0,0,0.00,NULL,'vnpay','pending',0,'none',NULL,NULL,NULL,NULL,NULL,NULL,NULL,0,NULL,NULL,NULL,NULL,0.00,'pending',NULL,NULL,'2025-08-22 08:16:45','2025-08-24 08:16:45',NULL),(178,8,'WS17560234056576','Võ Văn Nam','Vũng Tàu','Phường 3','Phường 5','Số 707, Đường Cách Mạng Tháng 8','0602806720',NULL,12990000.00,0,0,0.00,NULL,'cod','pending',0,'none',NULL,NULL,NULL,NULL,NULL,NULL,NULL,0,NULL,NULL,NULL,5,0.00,'pending',NULL,NULL,'2025-08-17 08:16:45','2025-08-24 08:16:45',NULL),(179,8,'WS17560234054118','Trần Thị Bình','TP. Hồ Chí Minh','Quận 6','Phường 3','Số 136, Đường Nguyễn Hữu Thọ','0596397232',NULL,17990000.00,0,0,0.00,NULL,'banking','pending',0,'none',NULL,NULL,NULL,NULL,NULL,NULL,NULL,0,NULL,NULL,NULL,6,0.00,'pending',NULL,NULL,'2025-08-21 08:16:45','2025-08-24 08:16:45',NULL),(180,8,'WS17560234058971','Tô Văn Rạng','Cần Thơ','Ninh Kiều','Phường 6','Số 787, Đường Võ Văn Tần','0594877355',NULL,102960000.00,0,0,0.00,NULL,'momo','pending',0,'none',NULL,NULL,NULL,NULL,NULL,NULL,NULL,0,NULL,NULL,NULL,NULL,0.00,'pending',NULL,NULL,'2025-08-22 08:16:45','2025-08-24 08:16:45',NULL),(181,8,'WS17560234051760','Lê Hoàng Cường','Hà Nội','Hai Bà Trưng','Phường 6','Số 548, Đường Lê Văn Việt','0731277595',NULL,116910000.00,0,0,0.00,NULL,'vnpay','processing',0,'none',NULL,NULL,NULL,NULL,NULL,NULL,NULL,0,NULL,NULL,NULL,NULL,0.00,'processing',NULL,NULL,'2025-08-19 08:16:45','2025-08-24 08:16:45',NULL),(182,8,'WS17560234053166','Phạm Thị Dung','Quảng Ninh','Hạ Long','Phường 7','Số 487, Đường Nguyễn Hữu Thọ','0720105251',NULL,19980000.00,0,0,0.00,NULL,'momo','processing',0,'none',NULL,NULL,NULL,NULL,NULL,NULL,NULL,0,NULL,NULL,NULL,NULL,0.00,'processing',NULL,NULL,'2025-08-21 08:16:45','2025-08-24 08:16:45',NULL),(183,8,'WS17560234059023','Đặng Văn Giang','Đà Nẵng','Thanh Khê','Phường 10','Số 823, Đường Trần Hưng Đạo','0319299612',NULL,72970000.00,0,0,0.00,NULL,'banking','processing',0,'none',NULL,NULL,NULL,NULL,NULL,NULL,NULL,0,NULL,NULL,NULL,NULL,0.00,'processing',NULL,NULL,'2025-08-23 08:16:45','2025-08-24 08:16:45',NULL),(184,8,'WS17560234055388','Châu Thị Sinh','Hà Nội','Tây Hồ','Phường 9','Số 809, Đường Nguyễn Hữu Thọ','0638176468',NULL,61960000.00,0,0,0.00,NULL,'vnpay','processing',0,'none',NULL,NULL,NULL,NULL,NULL,NULL,NULL,0,NULL,NULL,NULL,7,0.00,'processing',NULL,NULL,'2025-08-19 08:16:45','2025-08-24 08:16:45',NULL),(185,8,'WS17560234053400','Nguyễn Thị Uyên','Quảng Ninh','Hạ Long','Phường 3','Số 971, Đường Điện Biên Phủ','0107953166',NULL,49980000.00,0,0,0.00,NULL,'cod','delivered',0,'none',NULL,NULL,NULL,NULL,NULL,NULL,NULL,0,NULL,NULL,NULL,3,0.00,'paid',NULL,NULL,'2025-08-23 08:16:45','2025-08-24 14:35:52',NULL),(186,8,'WS17560234058698','Nguyễn Thị Uyên','TP. Hồ Chí Minh','Quận 6','Phường 7','Số 606, Đường Cách Mạng Tháng 8','0554898398',NULL,38970000.00,0,0,0.00,NULL,'vnpay','processing',0,'none',NULL,NULL,NULL,NULL,NULL,NULL,NULL,0,NULL,NULL,NULL,3,0.00,'processing',NULL,NULL,'2025-08-21 08:16:45','2025-08-24 08:16:45',NULL),(187,8,'WS17560234053768','Võ Văn Nam','Đà Nẵng','Sơn Trà','Phường 1','Số 997, Đường Nguyễn Thị Định','0681738932',NULL,111950000.00,0,0,0.00,NULL,'vnpay','processing',0,'none',NULL,NULL,NULL,NULL,NULL,NULL,NULL,0,NULL,NULL,NULL,NULL,0.00,'processing',NULL,NULL,'2025-08-19 08:16:45','2025-08-24 08:16:45',NULL),(188,8,'WS17560234059130','Bùi Thị Hoa','Cần Thơ','Thốt Nốt','Phường 4','Số 520, Đường Cách Mạng Tháng 8','0536126269',NULL,63940000.00,0,0,0.00,NULL,'momo','processing',0,'none',NULL,NULL,NULL,NULL,NULL,NULL,NULL,0,NULL,NULL,NULL,NULL,0.00,'processing',NULL,NULL,'2025-08-20 08:16:45','2025-08-24 08:16:45',NULL),(189,8,'WS17560234052706','Võ Văn Nam','Nha Trang','Phương Sơn','Phường 8','Số 960, Đường Hai Bà Trưng','0358199723',NULL,54960000.00,0,0,0.00,NULL,'banking','processing',0,'none',NULL,NULL,NULL,NULL,NULL,NULL,NULL,0,NULL,NULL,NULL,NULL,0.00,'processing',NULL,NULL,'2025-08-22 08:16:45','2025-08-24 08:16:45',NULL),(190,8,'WS17560234056151','Võ Văn Nam','Đà Nẵng','Liên Chiểu','Phường 1','Số 39, Đường Võ Nguyên Giáp','0492224395',NULL,49980000.00,0,0,0.00,NULL,'cod','processing',0,'none',NULL,NULL,NULL,NULL,NULL,NULL,NULL,0,NULL,NULL,NULL,8,0.00,'processing',NULL,NULL,'2025-08-22 08:16:45','2025-08-24 08:16:45',NULL),(191,8,'WS17560234052266','Vũ Thị Phương','Huế','Phú Nhuận','Phường 4','Số 512, Đường Nguyễn Duy Trinh','0173579217',NULL,17970000.00,0,0,0.00,NULL,'vnpay','shipping',0,'none',NULL,NULL,NULL,NULL,NULL,NULL,NULL,0,NULL,NULL,NULL,6,0.00,'paid',NULL,NULL,'2025-08-21 08:16:45','2025-08-24 08:16:45',NULL),(192,8,'WS17560234057371','Ngô Văn Inh','TP. Hồ Chí Minh','Quận 2','Phường 5','Số 121, Đường Nguyễn Thị Thập','0622380851',NULL,74970000.00,0,0,0.00,NULL,'momo','completed',1,'none',NULL,NULL,NULL,NULL,NULL,NULL,NULL,0,NULL,NULL,NULL,10,0.00,'paid',NULL,NULL,'2025-08-24 08:16:45','2025-08-24 10:56:08',NULL),(193,8,'WS17560234051901','Hoàng Văn Em','Đà Lạt','Phường 6','Phường 5','Số 426, Đường Nguyễn Thị Định','0220486905',NULL,95970000.00,0,0,0.00,NULL,'cod','shipping',0,'none',NULL,NULL,NULL,NULL,NULL,NULL,NULL,0,NULL,NULL,NULL,1,0.00,'paid',NULL,NULL,'2025-08-22 08:16:45','2025-08-24 08:16:45',NULL),(194,8,'WS17560234052264','Lê Hoàng Cường','Hà Nội','Cầu Giấy','Phường 5','Số 876, Đường Lý Thường Kiệt','0381698363',NULL,154920000.00,0,0,0.00,NULL,'vnpay','shipping',0,'none',NULL,NULL,NULL,NULL,NULL,NULL,NULL,0,NULL,NULL,NULL,NULL,0.00,'paid',NULL,NULL,'2025-08-22 08:16:45','2025-08-24 08:16:45',NULL),(195,8,'WS17560234057281','Lưu Thị Quỳnh','TP. Hồ Chí Minh','Quận 2','Phường 3','Số 609, Đường Nguyễn Hữu Cảnh','0104558994',NULL,122950000.00,0,0,0.00,NULL,'momo','shipping',0,'none',NULL,NULL,NULL,NULL,NULL,NULL,NULL,0,NULL,NULL,NULL,NULL,0.00,'paid',NULL,NULL,'2025-08-21 08:16:45','2025-08-24 08:16:45',NULL),(196,8,'WS17560234059105','Ngô Văn Inh','Quảng Ninh','Cô Tô','Phường 2','Số 737, Đường Nguyễn Văn Tăng','0509858264',NULL,57960000.00,0,0,0.00,NULL,'momo','shipping',0,'none',NULL,NULL,NULL,NULL,NULL,NULL,NULL,0,NULL,NULL,NULL,6,0.00,'paid',NULL,NULL,'2025-08-23 08:16:45','2025-08-24 08:16:45',NULL),(197,8,'WS17560234051857','Đặng Văn Giang','Huế','Phú Nhuận','Phường 10','Số 863, Đường Mai Chí Thọ','0312318586',NULL,59980000.00,0,0,0.00,NULL,'momo','shipping',0,'none',NULL,NULL,NULL,NULL,NULL,NULL,NULL,0,NULL,NULL,NULL,5,0.00,'paid',NULL,NULL,'2025-08-22 08:16:45','2025-08-24 08:16:45',NULL),(198,8,'WS17560234052881','Nguyễn Văn An','Huế','Phú Nhuận','Phường 4','Số 177, Đường Nguyễn Văn Tăng','0917534873',NULL,87940000.00,0,0,0.00,NULL,'banking','completed',1,'none',NULL,NULL,NULL,NULL,NULL,NULL,NULL,0,NULL,NULL,NULL,NULL,0.00,'paid',NULL,NULL,'2025-08-23 08:16:45','2025-08-24 11:00:03',NULL),(199,8,'WS17560234059618','Huỳnh Văn Tâm','Đà Lạt','Phường 2','Phường 5','Số 394, Đường Nguyễn Thị Thập','0430727744',NULL,84950000.00,0,0,0.00,NULL,'banking','shipping',0,'none',NULL,NULL,NULL,NULL,NULL,NULL,NULL,0,NULL,NULL,NULL,8,0.00,'paid',NULL,NULL,'2025-08-22 08:16:45','2025-08-24 08:16:45',NULL),(200,8,'WS17560234056293','Tô Văn Rạng','Hải Phòng','Dương Kinh','Phường 10','Số 779, Đường 3/2','0872669617',NULL,17980000.00,0,0,0.00,NULL,'vnpay','completed',1,'none',NULL,NULL,NULL,NULL,NULL,NULL,NULL,0,NULL,NULL,NULL,NULL,0.00,'paid',NULL,NULL,'2025-08-24 08:16:45','2025-08-24 10:47:49',NULL),(201,8,'WS17560234052238','Phạm Thị Dung','Cần Thơ','Bình Thủy','Phường 9','Số 922, Đường Trần Hưng Đạo','0832659695',NULL,155940000.00,0,0,0.00,NULL,'banking','shipping',0,'none',NULL,NULL,NULL,NULL,NULL,NULL,NULL,0,NULL,NULL,NULL,4,0.00,'paid',NULL,NULL,'2025-08-21 08:16:45','2025-08-24 08:16:45',NULL),(202,8,'WS17560234053219','Vũ Thị Phương','Vũng Tàu','Phường 2','Phường 7','Số 992, Đường Nguyễn Huệ','0159507221',NULL,9990000.00,0,0,0.00,NULL,'cod','completed',1,'none',NULL,NULL,NULL,NULL,NULL,NULL,NULL,0,NULL,NULL,NULL,4,0.00,'paid',NULL,NULL,'2025-08-24 08:16:45','2025-08-24 10:56:59',NULL),(203,8,'WS17560234051958','Lưu Thị Quỳnh','Vũng Tàu','Phường 6','Phường 1','Số 731, Đường Võ Văn Tần','0865855764',NULL,77950000.00,0,0,0.00,NULL,'cod','shipping',0,'none',NULL,NULL,NULL,NULL,NULL,NULL,NULL,0,NULL,NULL,NULL,NULL,0.00,'paid',NULL,NULL,'2025-08-22 08:16:45','2025-08-24 08:16:45',NULL),(204,8,'WS17560234056460','Lê Hoàng Cường','TP. Hồ Chí Minh','Quận 7','Phường 3','Số 955, Đường Võ Văn Tần','0445006603',NULL,41970000.00,0,0,0.00,NULL,'vnpay','shipping',0,'none',NULL,NULL,NULL,NULL,NULL,NULL,NULL,0,NULL,NULL,NULL,2,0.00,'paid',NULL,NULL,'2025-08-22 08:16:45','2025-08-24 08:16:45',NULL),(205,8,'WS17560234052910','Lý Thị Kim','Huế','Phú Nhuận','Phường 4','Số 169, Đường Hai Bà Trưng','0749756315',NULL,74940000.00,0,0,0.00,NULL,'banking','shipping',0,'none',NULL,NULL,NULL,NULL,NULL,NULL,NULL,0,NULL,NULL,NULL,9,0.00,'paid',NULL,NULL,'2025-08-23 08:16:45','2025-08-24 08:16:45',NULL),(206,8,'WS17560234054801','Nguyễn Thị Uyên','Đà Lạt','Phường 2','Phường 7','Số 209, Đường Nguyễn Thị Thập','0220919558',NULL,44980000.00,0,0,0.00,NULL,'banking','completed',1,'none',NULL,NULL,NULL,NULL,NULL,NULL,NULL,0,NULL,NULL,NULL,NULL,0.00,'paid',NULL,NULL,'2025-08-24 08:16:45','2025-08-24 10:49:44',NULL),(207,8,'WS17560234056107','Võ Văn Nam','Vũng Tàu','Phường 3','Phường 6','Số 371, Đường Nguyễn Thị Minh Khai','0885339774',NULL,63960000.00,0,0,0.00,NULL,'momo','shipping',0,'none',NULL,NULL,NULL,NULL,NULL,NULL,NULL,0,NULL,NULL,NULL,5,0.00,'paid',NULL,NULL,'2025-08-22 08:16:45','2025-08-24 08:16:45',NULL),(208,8,'WS17560234054214','Huỳnh Văn Tâm','Quảng Ninh','Cô Tô','Phường 9','Số 893, Đường Lý Thường Kiệt','0888902919',NULL,91940000.00,0,0,0.00,NULL,'cod','shipping',0,'none',NULL,NULL,NULL,NULL,NULL,NULL,NULL,0,NULL,NULL,NULL,10,0.00,'paid',NULL,NULL,'2025-08-21 08:16:45','2025-08-24 08:16:45',NULL),(209,8,'WS17560234055693','Võ Văn Nam','Nha Trang','Phương Sơn','Phường 4','Số 670, Đường Cách Mạng Tháng 8','0616440449',NULL,82950000.00,0,0,0.00,NULL,'banking','shipping',0,'none',NULL,NULL,NULL,NULL,NULL,NULL,NULL,0,NULL,NULL,NULL,NULL,0.00,'paid',NULL,NULL,'2025-08-21 08:16:45','2025-08-24 08:16:45',NULL),(210,8,'WS17560234058262','Lê Hoàng Cường','TP. Hồ Chí Minh','Quận 1','Phường 6','Số 665, Đường Nguyễn Văn Linh','0994358307',NULL,72970000.00,0,0,0.00,NULL,'cod','shipping',0,'none',NULL,NULL,NULL,NULL,NULL,NULL,NULL,0,NULL,NULL,NULL,7,0.00,'paid',NULL,NULL,'2025-08-23 08:16:45','2025-08-24 08:16:45',NULL),(211,8,'WS17560346409789','Cường Nguyễn','Tỉnh Bắc Giang','Huyện Sơn Động','Xã An Bá','123 nguyen hue','0869555252',NULL,13720000.00,0,300000,300000.00,'POINTS_300000','cod','completed',1,'approved','Sản phẩm không đúng mô tả',NULL,'2025-08-24 11:26:12','2025-08-24 13:19:39','points',13720000.00,NULL,0,'returns/videos/return_video_211_1756034772.mp4','returns/images/return_order_211_1756034772.png','returns/images/return_product_211_1756034772.png',NULL,0.00,'paid',NULL,NULL,'2025-08-24 11:24:00','2025-08-24 13:19:39',NULL),(212,8,'WS17560362206583','Cường Nguyễn','Tỉnh Bắc Giang','Huyện Sơn Động','Xã An Bá','123 nguyen hue','0869555252',NULL,1399030000.00,0,0,0.00,NULL,'cod','completed',1,'none',NULL,NULL,NULL,NULL,NULL,NULL,NULL,0,NULL,NULL,NULL,NULL,0.00,'paid',NULL,NULL,'2025-08-24 11:50:20','2025-08-24 11:50:51',NULL),(213,8,'WS17560364954026','Cường Nguyễn','Tỉnh Bắc Giang','Huyện Sơn Động','Xã An Bá','123 nguyen hue','0869555252',NULL,1399030000.00,0,0,0.00,NULL,'cod','completed',1,'approved','Sản phẩm không đúng mô tả',NULL,'2025-08-24 12:27:11','2025-08-24 12:27:41','points',1399030000.00,NULL,0,'returns/videos/return_video_213_1756038431.mp4','returns/images/return_order_213_1756038431.png','returns/images/return_product_213_1756038431.png',NULL,0.00,'paid',NULL,NULL,'2025-08-24 11:54:55','2025-08-24 12:27:41',NULL),(214,8,'TEST_1756037113','Test User','Test City','Test District','Test Ward','Test Address','0123456789',NULL,1000000.00,0,0,0.00,NULL,'cod','completed',0,'none',NULL,NULL,NULL,NULL,NULL,NULL,NULL,0,NULL,NULL,NULL,NULL,0.00,'pending',NULL,NULL,'2025-08-24 12:05:13','2025-08-24 12:05:24','2025-08-24 12:05:24'),(215,8,'TEST_1756037152','Test User','Test City','Test District','Test Ward','Test Address','0123456789',NULL,1000000.00,0,0,0.00,NULL,'cod','completed',0,'none',NULL,NULL,NULL,NULL,NULL,NULL,NULL,0,NULL,NULL,NULL,NULL,0.00,'pending',NULL,NULL,'2025-08-24 12:05:52','2025-08-24 12:05:57','2025-08-24 12:05:57'),(216,8,'TEST_1756037179','Test User','Test City','Test District','Test Ward','Test Address','0123456789',NULL,1000000.00,0,0,0.00,NULL,'cod','completed',0,'none',NULL,NULL,NULL,NULL,NULL,NULL,NULL,0,NULL,NULL,NULL,NULL,0.00,'pending',NULL,NULL,'2025-08-24 12:06:19','2025-08-24 12:06:24','2025-08-24 12:06:24'),(217,8,'TEST_1756037204','Test User','Test City','Test District','Test Ward','Test Address','0123456789',NULL,1000000.00,0,0,0.00,NULL,'cod','completed',0,'none',NULL,NULL,NULL,NULL,NULL,NULL,NULL,0,NULL,NULL,NULL,NULL,0.00,'pending',NULL,NULL,'2025-08-24 12:06:44','2025-08-24 12:06:48','2025-08-24 12:06:48'),(218,8,'TEST_1756037231','Test User','Test City','Test District','Test Ward','Test Address','0123456789',NULL,1000000.00,0,0,0.00,NULL,'cod','completed',0,'none',NULL,NULL,NULL,NULL,NULL,NULL,NULL,0,NULL,NULL,NULL,NULL,0.00,'pending',NULL,NULL,'2025-08-24 12:07:11','2025-08-24 12:07:16','2025-08-24 12:07:16'),(219,8,'TEST_1756037270','Test User','Test City','Test District','Test Ward','Test Address','0123456789',NULL,1000000.00,0,0,0.00,NULL,'cod','completed',0,'none',NULL,NULL,NULL,NULL,NULL,NULL,NULL,0,NULL,NULL,NULL,NULL,0.00,'pending',NULL,NULL,'2025-08-24 12:07:50','2025-08-24 12:07:55','2025-08-24 12:07:55'),(220,8,'TEST_1756037300','Test User','Test City','Test District','Test Ward','Test Address','0123456789',NULL,1000000.00,0,0,0.00,NULL,'cod','completed',0,'none',NULL,NULL,NULL,NULL,NULL,NULL,NULL,0,NULL,NULL,NULL,NULL,0.00,'pending',NULL,NULL,'2025-08-24 12:08:20','2025-08-24 12:08:25','2025-08-24 12:08:25'),(221,8,'TEST_1756037326','Test User','Test City','Test District','Test Ward','Test Address','0123456789',NULL,1000000.00,0,0,0.00,NULL,'cod','completed',0,'none',NULL,NULL,NULL,NULL,NULL,NULL,NULL,0,NULL,NULL,NULL,NULL,0.00,'pending',NULL,NULL,'2025-08-24 12:08:46','2025-08-24 12:08:51','2025-08-24 12:08:51'),(222,8,'WS17560375465429','Cường Nguyễn','Tỉnh Bắc Giang','Huyện Sơn Động','Xã An Bá','123 nguyen hue','0869555252',NULL,1398830000.00,0,0,0.00,NULL,'cod','completed',1,'approved','Sản phẩm không đúng mô tả',NULL,'2025-08-24 12:18:27','2025-08-24 12:18:58','points',1398830000.00,NULL,0,'returns/videos/return_video_222_1756037907.mp4','returns/images/return_order_222_1756037907.png','returns/images/return_product_222_1756037907.png',14,200000.00,'paid',NULL,NULL,'2025-08-24 12:12:26','2025-08-24 12:18:58',NULL),(223,8,'RETURN_TEST_1756038067','Test User','Test City','Test District','Test Ward','Test Address','0123456789',NULL,500000.00,0,0,0.00,NULL,'cod','completed',0,'approved',NULL,NULL,NULL,'2025-08-24 12:21:07','points',50000.00,NULL,0,NULL,NULL,NULL,NULL,0.00,'pending',NULL,NULL,'2025-08-24 12:21:07','2025-08-24 12:21:07','2025-08-24 12:21:07'),(224,8,'WS17560416531544','Cường Nguyễn','Tỉnh Bắc Giang','Huyện Sơn Động','Xã An Bá','123 nguyen hue','0869555252',NULL,0.00,0,23020000,23020000.00,'POINTS_23020000','cod','completed',1,'none',NULL,NULL,NULL,NULL,NULL,NULL,NULL,0,NULL,NULL,NULL,NULL,0.00,'paid',NULL,NULL,'2025-08-24 13:20:53','2025-08-24 13:21:31',NULL),(225,9,'WS17560448808504','Cường Nguyễn','Tỉnh Vĩnh Phúc','Thành phố Phúc Yên','Phường Phúc Thắng','123 nguyen hue','0869555253',NULL,22820000.00,0,0,0.00,NULL,'vnpay','completed',1,'none',NULL,NULL,NULL,NULL,NULL,NULL,NULL,0,NULL,NULL,NULL,14,200000.00,'paid',NULL,NULL,'2025-08-24 14:14:40','2025-08-24 14:46:17',NULL),(226,8,'WS17560872049606','Cường Nguyễn','Tỉnh Bắc Giang','Huyện Sơn Động','Xã An Bá','123 nguyen hue','0869555252',NULL,12020000.00,0,0,0.00,NULL,'vnpay','completed',1,'approved','Sản phẩm không đúng mô tả',NULL,'2025-08-25 02:02:46','2025-08-25 02:03:10','points',12020000.00,NULL,0,'returns/videos/return_video_226_1756087365.mp4','returns/images/return_order_226_1756087366.jpg','returns/images/return_product_226_1756087366.jpg',NULL,0.00,'paid',NULL,NULL,'2025-08-25 02:00:04','2025-08-25 02:03:10',NULL),(227,8,'WS17560875993493','Cường Nguyễn','Tỉnh Bắc Giang','Huyện Sơn Động','Xã An Bá','123 nguyen hue','0869555252',NULL,11920000.00,0,100000,100000.00,'POINTS_100000','vnpay','shipping',0,'none',NULL,NULL,NULL,NULL,NULL,NULL,NULL,1,NULL,NULL,NULL,NULL,0.00,'paid',NULL,NULL,'2025-08-25 02:06:39','2025-08-25 02:45:57',NULL),(228,8,'WS17560887218784','Cường Nguyễn','Tỉnh Bắc Giang','Huyện Sơn Động','Xã An Bá','123 nguyen hue','0869555252',NULL,14020000.00,0,0,0.00,NULL,'vnpay','cancelled',0,'none',NULL,NULL,NULL,NULL,NULL,NULL,NULL,1,NULL,NULL,NULL,NULL,0.00,'cancelled','không có vấn đề gì cả','2025-08-25 02:26:30','2025-08-25 02:25:21','2025-08-25 02:26:30',NULL),(229,8,'WS17560893748799','Cường pro max','Tỉnh Lai Châu','Huyện Phong Thổ','Xã Hoang Thèn','123 nguyen hue','0869555252',NULL,23020000.00,0,0,0.00,NULL,'vnpay','delivered',0,'none',NULL,NULL,NULL,NULL,NULL,NULL,NULL,0,NULL,NULL,NULL,NULL,0.00,'paid',NULL,NULL,'2025-08-25 02:36:14','2025-08-25 03:00:07',NULL),(230,8,'WS17560903022304','Cường Nguyễn','Tỉnh Bắc Giang','Huyện Sơn Động','Xã An Bá','123 nguyen hue','0869555252',NULL,14020000.00,0,0,0.00,NULL,'cod','shipping',0,'none',NULL,NULL,NULL,NULL,NULL,NULL,NULL,1,NULL,NULL,NULL,NULL,0.00,'pending',NULL,NULL,'2025-08-25 02:51:42','2025-08-25 02:52:15',NULL),(231,8,'WS17560904773618','Cường Nguyễn','Tỉnh Bắc Giang','Huyện Sơn Động','Xã An Bá','123 nguyen hue','0869555252',NULL,14020000.00,0,0,0.00,NULL,'vnpay','delivered',0,'none',NULL,NULL,NULL,NULL,NULL,NULL,NULL,0,NULL,NULL,NULL,NULL,0.00,'paid',NULL,NULL,'2025-08-25 02:54:37','2025-08-25 02:57:24',NULL),(232,8,'WS17560913447398','Cường Nguyễn','Tỉnh Bắc Giang','Huyện Sơn Động','Xã An Bá','123 nguyen hue','0869555252',NULL,14020000.00,0,0,0.00,NULL,'vnpay','processing',0,'none',NULL,NULL,NULL,NULL,NULL,NULL,NULL,1,NULL,NULL,NULL,NULL,0.00,'paid',NULL,NULL,'2025-08-25 03:09:04','2025-08-25 03:09:28',NULL),(233,8,'WS17560923971234','Cường Nguyễn','Tỉnh Bắc Giang','Huyện Sơn Động','Xã An Bá','123 nguyen hue','0869555252',NULL,16716000.00,0,0,0.00,NULL,'cod','pending',0,'none',NULL,NULL,NULL,NULL,NULL,NULL,NULL,1,NULL,NULL,NULL,18,100000.00,'pending',NULL,NULL,'2025-08-25 03:26:37','2025-08-25 03:26:37',NULL),(234,8,'WS17560934803303','Cường Nguyễn','Tỉnh Bắc Giang','Huyện Sơn Động','Xã An Bá','123 nguyen hue','0869555252',NULL,14681780.00,0,0,0.00,NULL,'cod','delivered',0,'none',NULL,NULL,NULL,NULL,NULL,NULL,NULL,0,NULL,NULL,NULL,10,935220.00,'paid',NULL,NULL,'2025-08-25 03:44:40','2025-08-25 04:24:35',NULL),(235,8,'WS17560938056172','Cường Nguyễn','Tỉnh Bắc Giang','Huyện Sơn Động','Xã An Bá','123 nguyen hue','0869555252',NULL,14681780.00,0,0,0.00,NULL,'cod','delivered',0,'none',NULL,NULL,NULL,NULL,NULL,NULL,NULL,0,NULL,NULL,NULL,10,935220.00,'paid',NULL,NULL,'2025-08-25 03:50:05','2025-08-25 04:24:20',NULL),(236,8,'WS17560945019298','Cường Nguyễn','Tỉnh Bắc Giang','Huyện Sơn Động','Xã An Bá','123 nguyen hue','0869555252',NULL,13180600.00,0,0,0.00,NULL,'cod','delivered',0,'none',NULL,NULL,NULL,NULL,NULL,NULL,NULL,0,NULL,NULL,NULL,10,839400.00,'paid',NULL,NULL,'2025-08-25 04:01:41','2025-08-25 04:24:00',NULL),(237,8,'WS17560960782912','Cường Nguyễn','Tỉnh Bắc Giang','Huyện Sơn Động','Xã An Bá','123 nguyen hue','0869555252',NULL,20990000.00,0,0,0.00,NULL,'cod','pending',0,'none',NULL,NULL,NULL,NULL,NULL,NULL,NULL,1,NULL,NULL,NULL,11,30000.00,'pending',NULL,NULL,'2025-08-25 04:27:58','2025-08-25 04:27:58',NULL),(238,8,'WS17560961359916','Cường Nguyễn','Tỉnh Bắc Giang','Huyện Sơn Động','Xã An Bá','123 nguyen hue','0869555252',NULL,29386000.00,0,0,0.00,NULL,'cod','pending',0,'none',NULL,NULL,NULL,NULL,NULL,NULL,NULL,1,NULL,NULL,NULL,11,30000.00,'pending',NULL,NULL,'2025-08-25 04:28:55','2025-08-25 04:28:55',NULL),(239,8,'WS17560963687909','Cường Nguyễn','Tỉnh Bắc Giang','Huyện Sơn Động','Xã An Bá','123 nguyen hue','0869555252',NULL,19919000.00,0,3000000,3000000.00,'POINTS_3000000','cod','completed',1,'none',NULL,NULL,NULL,NULL,NULL,NULL,NULL,0,NULL,NULL,NULL,14,200000.00,'paid',NULL,NULL,'2025-08-25 04:32:48','2025-08-25 04:51:56',NULL),(240,8,'WS17560966694754','Cường Nguyễn','Tỉnh Bắc Giang','Huyện Sơn Động','Xã An Bá','123 nguyen hue','0869555252',NULL,29386000.00,0,0,0.00,NULL,'cod','completed',1,'none',NULL,NULL,NULL,NULL,NULL,NULL,NULL,0,NULL,NULL,NULL,11,30000.00,'paid',NULL,NULL,'2025-08-25 04:37:49','2025-08-25 04:43:44',NULL),(241,8,'WS17560976756129','Cường Nguyễn','Tỉnh Bắc Giang','Huyện Sơn Động','Xã An Bá','123 nguyen hue','0869555252',NULL,32111200.00,0,800000,800000.00,'POINTS_800000','vnpay','completed',1,'none',NULL,NULL,NULL,NULL,NULL,NULL,NULL,1,NULL,NULL,NULL,10,2098800.00,'paid',NULL,NULL,'2025-08-25 04:54:35','2025-08-25 04:55:30',NULL),(242,10,'WS17560992301972','vuou Thông','Tỉnh Phú Thọ','Huyện Lâm Thao','Xã Cao Xá','13 trịnh văn bô','0869557633',NULL,29316000.00,0,0,0.00,NULL,'vnpay','cancelled',0,'none',NULL,NULL,NULL,NULL,NULL,NULL,NULL,1,NULL,NULL,NULL,18,100000.00,'cancelled','tôi rất hài lònve dịch vụ','2025-08-25 05:22:27','2025-08-25 05:20:30','2025-08-25 05:22:27',NULL),(243,10,'WS17560996468858','vuou Thông','Tỉnh Bắc Giang','Huyện Sơn Động','Xã An Bá','13 trịnh văn bô','0869557633',NULL,29316000.00,0,0,0.00,NULL,'vnpay','cancelled',0,'none',NULL,NULL,NULL,NULL,NULL,NULL,NULL,1,NULL,NULL,NULL,18,100000.00,'cancelled','ok bạn ơi vì lído đo daksdh kán','2025-08-25 05:31:37','2025-08-25 05:27:26','2025-08-25 05:31:37',NULL),(244,10,'WS17560999714752','vuou Thông','Thành phố Hà Nội','Quận Tây Hồ','Phường Tứ Liên','13 trịnh văn bô','0869557633',NULL,22820000.00,0,0,0.00,NULL,'vnpay','cancelled',0,'none',NULL,NULL,NULL,NULL,NULL,NULL,NULL,1,NULL,NULL,NULL,14,200000.00,'cancelled','ẹndsnfjsdnfsjdfn','2025-08-25 05:33:26','2025-08-25 05:32:51','2025-08-25 05:33:26',NULL),(245,10,'WS17561005582524','vuou Thông','Tỉnh Quảng Ninh','Thị xã Quảng Yên','Phường Phong Cốc','13 trịnh văn bô','0869557633',NULL,31104000.00,0,0,0.00,NULL,'vnpay','cancelled',0,'none',NULL,NULL,NULL,NULL,NULL,NULL,NULL,1,NULL,NULL,NULL,18,100000.00,'cancelled','jdfnjsnsjdfnsjdfn','2025-08-25 05:43:18','2025-08-25 05:42:38','2025-08-25 05:43:18',NULL),(246,10,'WS17561009168205','vuou Thông','Tỉnh Bắc Ninh','Huyện Yên Phong','Xã Đông Phong','13 trịnh văn bô','0869557633',NULL,0.00,0,11920000,11920000.00,'POINTS_11920000','vnpay','cancelled',0,'none',NULL,NULL,NULL,NULL,NULL,NULL,NULL,1,NULL,NULL,NULL,18,100000.00,'cancelled','tôi muốn kkaksdkán dak','2025-08-25 05:50:15','2025-08-25 05:48:36','2025-08-25 05:50:15',NULL),(247,10,'WS17561010506791','vuou Thông','Tỉnh Bắc Ninh','Huyện Yên Phong','Xã Long Châu','13 trịnh văn bô','0869557633',NULL,22820000.00,0,0,0.00,NULL,'vnpay','completed',1,'approved','Không vừa ý với sản phẩm',NULL,'2025-08-25 05:53:30','2025-08-25 05:54:33','points',22820000.00,NULL,0,'returns/videos/return_video_247_1756101209.mp4','returns/images/return_order_247_1756101210.jpg','returns/images/return_product_247_1756101210.jpg',14,200000.00,'paid',NULL,NULL,'2025-08-25 05:50:50','2025-08-25 05:54:33',NULL),(248,10,'WS17561014113302','vuou Thông','Tỉnh Quảng Ninh','Huyện Bình Liêu','Xã Hoành Mô','13 trịnh văn bô','0869557633',NULL,24920000.00,0,0,0.00,NULL,'vnpay','completed',1,'none',NULL,NULL,NULL,NULL,NULL,NULL,NULL,0,NULL,NULL,NULL,18,100000.00,'paid',NULL,NULL,'2025-08-25 05:56:51','2025-08-25 06:08:27',NULL),(249,10,'WS17561024423423','vuou Thông','Tỉnh Phú Thọ','Huyện Tân Sơn','Xã Long Cốc','13 trịnh văn bô','0869557633',NULL,22820000.00,0,0,0.00,NULL,'cod','completed',1,'none',NULL,NULL,NULL,NULL,NULL,NULL,NULL,1,NULL,NULL,NULL,14,200000.00,'paid',NULL,NULL,'2025-08-25 06:14:02','2025-08-25 06:14:41',NULL),(250,10,'WS17561026662435','vuou Thông','Tỉnh Bắc Kạn','Huyện Ngân Sơn','Xã Bằng Vân','13 trịnh văn bô','0869557633',NULL,12020000.00,0,0,0.00,NULL,'cod','completed',1,'none',NULL,NULL,NULL,NULL,NULL,NULL,NULL,0,NULL,NULL,NULL,NULL,0.00,'paid',NULL,NULL,'2025-08-25 06:17:46','2025-08-25 06:18:16',NULL),(251,10,'WS17561027644465','vuou Thông','Tỉnh Phú Thọ','Huyện Tam Nông','Xã Quang Húc','13 trịnh văn bô','0869557633',NULL,15820000.00,0,0,0.00,NULL,'cod','completed',1,'none',NULL,NULL,NULL,NULL,NULL,NULL,NULL,0,NULL,NULL,NULL,14,200000.00,'paid',NULL,NULL,'2025-08-25 06:19:24','2025-08-25 06:35:02',NULL),(252,10,'WS17561046563006','vuou Thông','Tỉnh Vĩnh Phúc','Huyện Yên Lạc','Xã Liên Châu','13 trịnh văn bô','0869557633',NULL,15810720.00,0,0,0.00,NULL,'cod','completed',1,'none',NULL,NULL,NULL,NULL,NULL,NULL,NULL,0,NULL,NULL,NULL,10,1007280.00,'paid',NULL,NULL,'2025-08-25 06:50:56','2025-08-25 06:51:38',NULL),(253,8,'WS17561049202001','Cường Nguyễn','Tỉnh Bắc Giang','Huyện Sơn Động','Xã An Bá','123 nguyen hue','0869555252',NULL,95950000.00,0,0,0.00,NULL,'cod','completed',1,'none',NULL,NULL,NULL,NULL,NULL,NULL,NULL,0,NULL,NULL,NULL,NULL,0.00,'paid',NULL,NULL,'2025-08-25 06:55:20','2025-08-25 06:56:52',NULL);
/*!40000 ALTER TABLE `orders` ENABLE KEYS */;
UNLOCK TABLES;

--
-- Table structure for table `permissions`
--

DROP TABLE IF EXISTS `permissions`;
/*!40101 SET @saved_cs_client     = @@character_set_client */;
/*!50503 SET character_set_client = utf8mb4 */;
CREATE TABLE `permissions` (
  `id` bigint unsigned NOT NULL AUTO_INCREMENT,
  `name` varchar(255) COLLATE utf8mb4_unicode_ci NOT NULL,
  `description` text COLLATE utf8mb4_unicode_ci,
  `created_at` timestamp NULL DEFAULT NULL,
  `updated_at` timestamp NULL DEFAULT NULL,
  PRIMARY KEY (`id`)
) ENGINE=InnoDB AUTO_INCREMENT=35 DEFAULT CHARSET=utf8mb4 COLLATE=utf8mb4_unicode_ci;
/*!40101 SET character_set_client = @saved_cs_client */;

--
-- Dumping data for table `permissions`
--

LOCK TABLES `permissions` WRITE;
/*!40000 ALTER TABLE `permissions` DISABLE KEYS */;
INSERT INTO `permissions` VALUES (1,'user.view','Xem danh sách người dùng','2025-08-24 08:05:53','2025-08-24 08:05:53'),(2,'user.edit','Chỉnh sửa người dùng','2025-08-24 08:05:53','2025-08-24 08:05:53'),(3,'user.delete','Xóa người dùng','2025-08-24 08:05:53','2025-08-24 08:05:53'),(4,'user.manage_roles','Quản lý vai trò người dùng','2025-08-24 08:05:53','2025-08-24 08:05:53'),(5,'role.view','Xem danh sách vai trò','2025-08-24 08:05:53','2025-08-24 08:05:53'),(6,'role.create','Tạo mới vai trò','2025-08-24 08:05:53','2025-08-24 08:05:53'),(7,'role.edit','Chỉnh sửa vai trò','2025-08-24 08:05:53','2025-08-24 08:05:53'),(8,'role.delete','Xóa vai trò','2025-08-24 08:05:53','2025-08-24 08:05:53'),(9,'role.manage_permissions','Quản lý quyền của vai trò','2025-08-24 08:05:53','2025-08-24 08:05:53'),(10,'permission.view','Xem danh sách quyền','2025-08-24 08:05:53','2025-08-24 08:05:53'),(11,'permission.create','Tạo mới quyền','2025-08-24 08:05:53','2025-08-24 08:05:53'),(12,'permission.edit','Chỉnh sửa quyền','2025-08-24 08:05:53','2025-08-24 08:05:53'),(13,'permission.delete','Xóa quyền','2025-08-24 08:05:53','2025-08-24 08:05:53'),(14,'category.view','Xem danh sách danh mục','2025-08-24 08:05:53','2025-08-24 08:05:53'),(15,'category.create','Tạo mới danh mục','2025-08-24 08:05:53','2025-08-24 08:05:53'),(16,'category.edit','Chỉnh sửa danh mục','2025-08-24 08:05:53','2025-08-24 08:05:53'),(17,'category.delete','Xóa danh mục','2025-08-24 08:05:53','2025-08-24 08:05:53'),(18,'product.view','Xem danh sách sản phẩm','2025-08-24 08:05:53','2025-08-24 08:05:53'),(19,'product.create','Tạo mới sản phẩm','2025-08-24 08:05:53','2025-08-24 08:05:53'),(20,'product.edit','Chỉnh sửa sản phẩm','2025-08-24 08:05:53','2025-08-24 08:05:53'),(21,'product.delete','Xóa sản phẩm','2025-08-24 08:05:53','2025-08-24 08:05:53'),(22,'order.view','Xem danh sách đơn hàng','2025-08-24 08:05:53','2025-08-24 08:05:53'),(23,'order.create','Tạo mới đơn hàng','2025-08-24 08:05:53','2025-08-24 08:05:53'),(24,'order.edit','Chỉnh sửa đơn hàng','2025-08-24 08:05:53','2025-08-24 08:05:53'),(25,'order.delete','Xóa đơn hàng','2025-08-24 08:05:53','2025-08-24 08:05:53'),(26,'order.process','Xử lý đơn hàng','2025-08-24 08:05:53','2025-08-24 08:05:53'),(27,'review.view','Xem danh sách đánh giá','2025-08-24 08:05:53','2025-08-24 08:05:53'),(28,'review.moderate','Kiểm duyệt đánh giá','2025-08-24 08:05:53','2025-08-24 08:05:53'),(29,'review.delete','Xóa đánh giá','2025-08-24 08:05:53','2025-08-24 08:05:53'),(30,'dashboard.view','Xem dashboard admin','2025-08-24 08:05:53','2025-08-24 08:05:53'),(31,'report.view','Xem báo cáo','2025-08-24 08:05:53','2025-08-24 08:05:53'),(32,'report.export','Xuất báo cáo','2025-08-24 08:05:53','2025-08-24 08:05:53'),(33,'setting.view','Xem cài đặt hệ thống','2025-08-24 08:05:53','2025-08-24 08:05:53'),(34,'setting.edit','Chỉnh sửa cài đặt hệ thống','2025-08-24 08:05:53','2025-08-24 08:05:53');
/*!40000 ALTER TABLE `permissions` ENABLE KEYS */;
UNLOCK TABLES;

--
-- Table structure for table `personal_access_tokens`
--

DROP TABLE IF EXISTS `personal_access_tokens`;
/*!40101 SET @saved_cs_client     = @@character_set_client */;
/*!50503 SET character_set_client = utf8mb4 */;
CREATE TABLE `personal_access_tokens` (
  `id` bigint unsigned NOT NULL AUTO_INCREMENT,
  `tokenable_type` varchar(255) COLLATE utf8mb4_unicode_ci NOT NULL,
  `tokenable_id` bigint unsigned NOT NULL,
  `name` varchar(255) COLLATE utf8mb4_unicode_ci NOT NULL,
  `token` varchar(64) COLLATE utf8mb4_unicode_ci NOT NULL,
  `abilities` text COLLATE utf8mb4_unicode_ci,
  `last_used_at` timestamp NULL DEFAULT NULL,
  `expires_at` timestamp NULL DEFAULT NULL,
  `created_at` timestamp NULL DEFAULT NULL,
  `updated_at` timestamp NULL DEFAULT NULL,
  PRIMARY KEY (`id`),
  UNIQUE KEY `personal_access_tokens_token_unique` (`token`),
  KEY `personal_access_tokens_tokenable_type_tokenable_id_index` (`tokenable_type`,`tokenable_id`)
) ENGINE=InnoDB DEFAULT CHARSET=utf8mb4 COLLATE=utf8mb4_unicode_ci;
/*!40101 SET character_set_client = @saved_cs_client */;

--
-- Dumping data for table `personal_access_tokens`
--

LOCK TABLES `personal_access_tokens` WRITE;
/*!40000 ALTER TABLE `personal_access_tokens` DISABLE KEYS */;
/*!40000 ALTER TABLE `personal_access_tokens` ENABLE KEYS */;
UNLOCK TABLES;

--
-- Table structure for table `point_transactions`
--

DROP TABLE IF EXISTS `point_transactions`;
/*!40101 SET @saved_cs_client     = @@character_set_client */;
/*!50503 SET character_set_client = utf8mb4 */;
CREATE TABLE `point_transactions` (
  `id` bigint unsigned NOT NULL AUTO_INCREMENT,
  `user_id` bigint unsigned NOT NULL,
  `type` varchar(255) COLLATE utf8mb4_unicode_ci NOT NULL,
  `points` bigint NOT NULL,
  `description` varchar(255) COLLATE utf8mb4_unicode_ci NOT NULL,
  `reference_type` varchar(255) COLLATE utf8mb4_unicode_ci DEFAULT NULL,
  `reference_id` bigint unsigned DEFAULT NULL,
  `expiry_date` date DEFAULT NULL,
  `is_expired` tinyint(1) NOT NULL DEFAULT '0',
  `created_at` timestamp NULL DEFAULT NULL,
  `updated_at` timestamp NULL DEFAULT NULL,
  PRIMARY KEY (`id`),
  KEY `point_transactions_user_id_type_index` (`user_id`,`type`),
  KEY `point_transactions_reference_type_reference_id_index` (`reference_type`,`reference_id`),
  KEY `point_transactions_expiry_date_index` (`expiry_date`),
  CONSTRAINT `point_transactions_user_id_foreign` FOREIGN KEY (`user_id`) REFERENCES `users` (`id`) ON DELETE CASCADE
) ENGINE=InnoDB AUTO_INCREMENT=163 DEFAULT CHARSET=utf8mb4 COLLATE=utf8mb4_unicode_ci;
/*!40101 SET character_set_client = @saved_cs_client */;

--
-- Dumping data for table `point_transactions`
--

LOCK TABLES `point_transactions` WRITE;
/*!40000 ALTER TABLE `point_transactions` DISABLE KEYS */;
INSERT INTO `point_transactions` VALUES (1,8,'earn',35960,'Tích điểm từ đơn hàng #WS17560234056293','order',200,'2026-08-24',0,'2025-08-24 10:47:31','2025-08-24 10:47:31'),(2,8,'earn',89960,'Tích điểm từ đơn hàng #WS17560234054801','order',206,'2026-08-24',0,'2025-08-24 10:49:39','2025-08-24 10:49:39'),(3,8,'earn',175920,'Tích điểm từ đơn hàng #WS17560234052713','order',175,'2026-08-24',0,'2025-08-24 10:50:42','2025-08-24 10:50:42'),(4,1,'earned',109950000,'Điểm hoàn từ yêu cầu đổi hoàn hàng đơn hàng #76',NULL,NULL,NULL,0,'2025-08-24 11:11:10','2025-08-24 11:11:10'),(5,8,'use',-300000,'Sử dụng 300000 điểm để giảm giá đơn hàng','order_points',NULL,NULL,0,'2025-08-24 11:23:54','2025-08-24 11:23:54'),(6,8,'earn',100,'Điểm danh ngày 2025-08-24','attendance',118,'2026-08-24',0,'2025-08-24 11:44:26','2025-08-24 11:44:26'),(7,5,'earn',553780,'Tích điểm từ đơn hàng #WS17560229923119','order',3,'2026-08-24',0,'2025-08-24 11:52:57','2025-08-24 11:52:57'),(8,4,'earn',271800,'Tích điểm từ đơn hàng #WS17560229921246','order',4,'2026-08-24',0,'2025-08-24 11:52:57','2025-08-24 11:52:57'),(9,7,'earn',125860,'Tích điểm từ đơn hàng #WS17560229936414','order',5,'2026-08-24',0,'2025-08-24 11:52:57','2025-08-24 11:52:57'),(10,4,'earn',231900,'Tích điểm từ đơn hàng #WS17560229931408','order',6,'2026-08-24',0,'2025-08-24 11:52:57','2025-08-24 11:52:57'),(11,1,'earn',69980,'Tích điểm từ đơn hàng #WS17560229932156','order',7,'2026-08-24',0,'2025-08-24 11:52:57','2025-08-24 11:52:57'),(12,1,'earn',99880,'Tích điểm từ đơn hàng #WS17560229931031','order',8,'2026-08-24',0,'2025-08-24 11:52:57','2025-08-24 11:52:57'),(13,1,'earn',497840,'Tích điểm từ đơn hàng #WS17560229935113','order',9,'2026-08-24',0,'2025-08-24 11:52:57','2025-08-24 11:52:57'),(14,1,'earn',99960,'Tích điểm từ đơn hàng #WS17560229932896','order',10,'2026-08-24',0,'2025-08-24 11:52:57','2025-08-24 11:52:57'),(15,8,'earn',203900,'Tích điểm từ đơn hàng #WS17560229932937','order',12,'2026-08-24',0,'2025-08-24 11:52:57','2025-08-24 11:52:57'),(16,7,'earn',485800,'Tích điểm từ đơn hàng #WS17560229931672','order',13,'2026-08-24',0,'2025-08-24 11:52:57','2025-08-24 11:52:57'),(17,5,'earn',283800,'Tích điểm từ đơn hàng #WS17560229936525','order',14,'2026-08-24',0,'2025-08-24 11:52:57','2025-08-24 11:52:57'),(18,6,'earn',415740,'Tích điểm từ đơn hàng #WS17560229935405','order',16,'2026-08-24',0,'2025-08-24 11:52:57','2025-08-24 11:52:57'),(19,7,'earn',127960,'Tích điểm từ đơn hàng #WS17560229938117','order',17,'2026-08-24',0,'2025-08-24 11:52:57','2025-08-24 11:52:57'),(20,8,'earn',227880,'Tích điểm từ đơn hàng #WS17560229938099','order',18,'2026-08-24',0,'2025-08-24 11:52:57','2025-08-24 11:52:57'),(21,2,'earn',323860,'Tích điểm từ đơn hàng #WS17560229938904','order',20,'2026-08-24',0,'2025-08-24 11:52:57','2025-08-24 11:52:57'),(22,2,'earn',303860,'Tích điểm từ đơn hàng #WS17560229936081','order',21,'2026-08-24',0,'2025-08-24 11:52:57','2025-08-24 11:52:57'),(23,3,'earn',91960,'Tích điểm từ đơn hàng #WS17560229932212','order',23,'2026-08-24',0,'2025-08-24 11:52:57','2025-08-24 11:52:57'),(24,8,'earn',399780,'Tích điểm từ đơn hàng #WS17560229936140','order',25,'2026-08-24',0,'2025-08-24 11:52:57','2025-08-24 11:52:57'),(25,8,'earn',271840,'Tích điểm từ đơn hàng #WS17560229939936','order',26,'2026-08-24',0,'2025-08-24 11:52:57','2025-08-24 11:52:57'),(26,2,'earn',313840,'Tích điểm từ đơn hàng #WS17560229937244','order',27,'2026-08-24',0,'2025-08-24 11:52:57','2025-08-24 11:52:57'),(27,5,'earn',53940,'Tích điểm từ đơn hàng #WS17560229939101','order',28,'2026-08-24',0,'2025-08-24 11:52:57','2025-08-24 11:52:57'),(28,4,'earn',205900,'Tích điểm từ đơn hàng #WS17560229934266','order',29,'2026-08-24',0,'2025-08-24 11:52:57','2025-08-24 11:52:57'),(29,6,'earn',211900,'Tích điểm từ đơn hàng #WS17560229936202','order',30,'2026-08-24',0,'2025-08-24 11:52:57','2025-08-24 11:52:57'),(30,3,'earn',199880,'Tích điểm từ đơn hàng #WS17560229933812','order',32,'2026-08-24',0,'2025-08-24 11:52:57','2025-08-24 11:52:57'),(31,1,'earn',183920,'Tích điểm từ đơn hàng #WS17560229936309','order',34,'2026-08-24',0,'2025-08-24 11:52:57','2025-08-24 11:52:57'),(32,7,'earn',207860,'Tích điểm từ đơn hàng #WS17560229936145','order',35,'2026-08-24',0,'2025-08-24 11:52:57','2025-08-24 11:52:57'),(33,3,'earn',147920,'Tích điểm từ đơn hàng #WS17560229937644','order',36,'2026-08-24',0,'2025-08-24 11:52:57','2025-08-24 11:52:57'),(34,8,'earn',229820,'Tích điểm từ đơn hàng #WS17560229938501','order',37,'2026-08-24',0,'2025-08-24 11:52:57','2025-08-24 11:52:57'),(35,5,'earn',283800,'Tích điểm từ đơn hàng #WS17560229934576','order',39,'2026-08-24',0,'2025-08-24 11:52:57','2025-08-24 11:52:57'),(36,7,'earn',341820,'Tích điểm từ đơn hàng #WS17560229935781','order',40,'2026-08-24',0,'2025-08-24 11:52:57','2025-08-24 11:52:57'),(37,2,'earn',183920,'Tích điểm từ đơn hàng #WS17560229944086','order',41,'2026-08-24',0,'2025-08-24 11:52:57','2025-08-24 11:52:57'),(38,7,'earn',371880,'Tích điểm từ đơn hàng #WS17560229945126','order',42,'2026-08-24',0,'2025-08-24 11:52:57','2025-08-24 11:52:57'),(39,6,'earn',391820,'Tích điểm từ đơn hàng #WS17560229944302','order',44,'2026-08-24',0,'2025-08-24 11:52:57','2025-08-24 11:52:57'),(40,2,'earn',207900,'Tích điểm từ đơn hàng #WS17560229949527','order',45,'2026-08-24',0,'2025-08-24 11:52:57','2025-08-24 11:52:57'),(41,7,'earn',367840,'Tích điểm từ đơn hàng #WS17560229945290','order',46,'2026-08-24',0,'2025-08-24 11:52:57','2025-08-24 11:52:57'),(42,6,'earn',311840,'Tích điểm từ đơn hàng #WS17560229943467','order',48,'2026-08-24',0,'2025-08-24 11:52:57','2025-08-24 11:52:57'),(43,4,'earn',219900,'Tích điểm từ đơn hàng #WS17560229946567','order',50,'2026-08-24',0,'2025-08-24 11:52:57','2025-08-24 11:52:57'),(44,3,'earn',311860,'Tích điểm từ đơn hàng #WS17560229949780','order',51,'2026-08-24',0,'2025-08-24 11:52:57','2025-08-24 11:52:57'),(45,8,'earn',279860,'Tích điểm từ đơn hàng #WS17560229941362','order',53,'2026-08-24',0,'2025-08-24 11:52:57','2025-08-24 11:52:57'),(46,6,'earn',187900,'Tích điểm từ đơn hàng #WS17560229949204','order',55,'2026-08-24',0,'2025-08-24 11:52:57','2025-08-24 11:52:57'),(47,7,'earn',271860,'Tích điểm từ đơn hàng #WS17560229947191','order',56,'2026-08-24',0,'2025-08-24 11:52:57','2025-08-24 11:52:57'),(48,7,'earn',513760,'Tích điểm từ đơn hàng #WS17560229943087','order',58,'2026-08-24',0,'2025-08-24 11:52:57','2025-08-24 11:52:57'),(49,6,'earn',195920,'Tích điểm từ đơn hàng #WS17560229947015','order',59,'2026-08-24',0,'2025-08-24 11:52:57','2025-08-24 11:52:57'),(50,3,'earn',235820,'Tích điểm từ đơn hàng #WS17560229944213','order',60,'2026-08-24',0,'2025-08-24 11:52:57','2025-08-24 11:52:57'),(51,6,'earn',63960,'Tích điểm từ đơn hàng #WS17560229945407','order',62,'2026-08-24',0,'2025-08-24 11:52:57','2025-08-24 11:52:57'),(52,1,'earn',91960,'Tích điểm từ đơn hàng #WS17560229942767','order',63,'2026-08-24',0,'2025-08-24 11:52:57','2025-08-24 11:52:57'),(53,4,'earn',173900,'Tích điểm từ đơn hàng #WS17560229943238','order',64,'2026-08-24',0,'2025-08-24 11:52:57','2025-08-24 11:52:57'),(54,2,'earn',165920,'Tích điểm từ đơn hàng #WS17560229942126','order',66,'2026-08-24',0,'2025-08-24 11:52:57','2025-08-24 11:52:57'),(55,4,'earn',259880,'Tích điểm từ đơn hàng #WS17560229943506','order',69,'2026-08-24',0,'2025-08-24 11:52:57','2025-08-24 11:52:57'),(56,2,'earn',405820,'Tích điểm từ đơn hàng #WS17560229941165','order',70,'2026-08-24',0,'2025-08-24 11:52:57','2025-08-24 11:52:57'),(57,7,'earn',77940,'Tích điểm từ đơn hàng #WS17560229941036','order',71,'2026-08-24',0,'2025-08-24 11:52:57','2025-08-24 11:52:57'),(58,8,'earn',127920,'Tích điểm từ đơn hàng #WS17560229942631','order',72,'2026-08-24',0,'2025-08-24 11:52:57','2025-08-24 11:52:57'),(59,4,'earn',419840,'Tích điểm từ đơn hàng #WS17560229944213','order',73,'2026-08-24',0,'2025-08-24 11:52:57','2025-08-24 11:52:57'),(60,3,'earn',99960,'Tích điểm từ đơn hàng #WS17560229943380','order',74,'2026-08-24',0,'2025-08-24 11:52:57','2025-08-24 11:52:57'),(61,6,'earn',255880,'Tích điểm từ đơn hàng #WS17560229943169','order',75,'2026-08-24',0,'2025-08-24 11:52:57','2025-08-24 11:52:57'),(62,1,'earn',219900,'Tích điểm từ đơn hàng #WS17560229944104','order',76,'2026-08-24',0,'2025-08-24 11:52:57','2025-08-24 11:52:57'),(63,2,'earn',91960,'Tích điểm từ đơn hàng #WS17560229942728','order',78,'2026-08-24',0,'2025-08-24 11:52:57','2025-08-24 11:52:57'),(64,1,'earn',335760,'Tích điểm từ đơn hàng #WS17560229954554','order',80,'2026-08-24',0,'2025-08-24 11:52:57','2025-08-24 11:52:57'),(65,4,'earn',25980,'Tích điểm từ đơn hàng #WS17560229954242','order',82,'2026-08-24',0,'2025-08-24 11:52:57','2025-08-24 11:52:57'),(66,6,'earn',195920,'Tích điểm từ đơn hàng #WS17560229953322','order',83,'2026-08-24',0,'2025-08-24 11:52:57','2025-08-24 11:52:57'),(67,2,'earn',161940,'Tích điểm từ đơn hàng #WS17560229954409','order',85,'2026-08-24',0,'2025-08-24 11:52:57','2025-08-24 11:52:57'),(68,3,'earn',277860,'Tích điểm từ đơn hàng #WS17560229957212','order',86,'2026-08-24',0,'2025-08-24 11:52:57','2025-08-24 11:52:57'),(69,1,'earn',183920,'Tích điểm từ đơn hàng #WS17560229955427','order',87,'2026-08-24',0,'2025-08-24 11:52:57','2025-08-24 11:52:57'),(70,8,'earn',275820,'Tích điểm từ đơn hàng #WS17560229958049','order',88,'2026-08-24',0,'2025-08-24 11:52:57','2025-08-24 11:52:57'),(71,8,'earn',279840,'Tích điểm từ đơn hàng #WS17560229955334','order',89,'2026-08-24',0,'2025-08-24 11:52:57','2025-08-24 11:52:57'),(72,2,'earn',69980,'Tích điểm từ đơn hàng #WS17560229957690','order',91,'2026-08-24',0,'2025-08-24 11:52:57','2025-08-24 11:52:57'),(73,2,'earn',99900,'Tích điểm từ đơn hàng #WS17560229956059','order',92,'2026-08-24',0,'2025-08-24 11:52:57','2025-08-24 11:52:57'),(74,8,'earn',339760,'Tích điểm từ đơn hàng #WS17560229955854','order',93,'2026-08-24',0,'2025-08-24 11:52:57','2025-08-24 11:52:57'),(75,8,'earn',163860,'Tích điểm từ đơn hàng #WS17560229957210','order',94,'2026-08-24',0,'2025-08-24 11:52:57','2025-08-24 11:52:57'),(76,1,'earn',241860,'Tích điểm từ đơn hàng #WS17560229955590','order',96,'2026-08-24',0,'2025-08-24 11:52:58','2025-08-24 11:52:58'),(77,5,'earn',35960,'Tích điểm từ đơn hàng #WS17560229957403','order',97,'2026-08-24',0,'2025-08-24 11:52:58','2025-08-24 11:52:58'),(78,8,'earn',103920,'Tích điểm từ đơn hàng #WS17560229956711','order',100,'2026-08-24',0,'2025-08-24 11:52:58','2025-08-24 11:52:58'),(79,7,'earn',187920,'Tích điểm từ đơn hàng #WS17560229952156','order',101,'2026-08-24',0,'2025-08-24 11:52:58','2025-08-24 11:52:58'),(80,5,'earn',221880,'Tích điểm từ đơn hàng #WS17560229951772','order',102,'2026-08-24',0,'2025-08-24 11:52:58','2025-08-24 11:52:58'),(81,5,'earn',111940,'Tích điểm từ đơn hàng #WS17560229953636','order',104,'2026-08-24',0,'2025-08-24 11:52:58','2025-08-24 11:52:58'),(82,2,'earn',413800,'Tích điểm từ đơn hàng #WS17560229958553','order',107,'2026-08-24',0,'2025-08-24 11:52:58','2025-08-24 11:52:58'),(83,4,'earn',71920,'Tích điểm từ đơn hàng #WS17560229958573','order',108,'2026-08-24',0,'2025-08-24 11:52:58','2025-08-24 11:52:58'),(84,1,'earn',325820,'Tích điểm từ đơn hàng #WS17560229955158','order',109,'2026-08-24',0,'2025-08-24 11:52:58','2025-08-24 11:52:58'),(85,1,'earn',43980,'Tích điểm từ đơn hàng #WS17560229954220','order',110,'2026-08-24',0,'2025-08-24 11:52:58','2025-08-24 11:52:58'),(86,5,'earn',129900,'Tích điểm từ đơn hàng #WS17560229954176','order',111,'2026-08-24',0,'2025-08-24 11:52:58','2025-08-24 11:52:58'),(87,1,'earn',179940,'Tích điểm từ đơn hàng #WS17560229958550','order',114,'2026-08-24',0,'2025-08-24 11:52:58','2025-08-24 11:52:58'),(88,2,'earn',135900,'Tích điểm từ đơn hàng #WS17560229953926','order',115,'2026-08-24',0,'2025-08-24 11:52:58','2025-08-24 11:52:58'),(89,8,'earn',249880,'Tích điểm từ đơn hàng #WS17560229956799','order',118,'2026-08-24',0,'2025-08-24 11:52:58','2025-08-24 11:52:58'),(90,5,'earn',199920,'Tích điểm từ đơn hàng #WS17560229957635','order',119,'2026-08-24',0,'2025-08-24 11:52:58','2025-08-24 11:52:58'),(91,1,'earn',149940,'Tích điểm từ đơn hàng #WS17560229956962','order',121,'2026-08-24',0,'2025-08-24 11:52:58','2025-08-24 11:52:58'),(92,4,'earn',283780,'Tích điểm từ đơn hàng #WS17560229962206','order',123,'2026-08-24',0,'2025-08-24 11:52:58','2025-08-24 11:52:58'),(93,6,'earn',187900,'Tích điểm từ đơn hàng #WS17560229962006','order',125,'2026-08-24',0,'2025-08-24 11:52:58','2025-08-24 11:52:58'),(94,4,'earn',551820,'Tích điểm từ đơn hàng #WS17560229967311','order',127,'2026-08-24',0,'2025-08-24 11:52:58','2025-08-24 11:52:58'),(95,7,'earn',285900,'Tích điểm từ đơn hàng #WS17560229967592','order',128,'2026-08-24',0,'2025-08-24 11:52:58','2025-08-24 11:52:58'),(96,6,'earn',339820,'Tích điểm từ đơn hàng #WS17560229964302','order',129,'2026-08-24',0,'2025-08-24 11:52:58','2025-08-24 11:52:58'),(97,5,'earn',437820,'Tích điểm từ đơn hàng #WS17560229966454','order',130,'2026-08-24',0,'2025-08-24 11:52:58','2025-08-24 11:52:58'),(98,2,'earn',233820,'Tích điểm từ đơn hàng #WS17560229966958','order',131,'2026-08-24',0,'2025-08-24 11:52:58','2025-08-24 11:52:58'),(99,5,'earn',237840,'Tích điểm từ đơn hàng #WS17560229962490','order',132,'2026-08-24',0,'2025-08-24 11:52:58','2025-08-24 11:52:58'),(100,7,'earn',367740,'Tích điểm từ đơn hàng #WS17560229962913','order',138,'2026-08-24',0,'2025-08-24 11:52:58','2025-08-24 11:52:58'),(101,6,'earn',287840,'Tích điểm từ đơn hàng #WS17560229962994','order',139,'2026-08-24',0,'2025-08-24 11:52:58','2025-08-24 11:52:58'),(102,5,'earn',341780,'Tích điểm từ đơn hàng #WS17560229965807','order',141,'2026-08-24',0,'2025-08-24 11:52:58','2025-08-24 11:52:58'),(103,3,'earn',277840,'Tích điểm từ đơn hàng #WS17560229969183','order',142,'2026-08-24',0,'2025-08-24 11:52:58','2025-08-24 11:52:58'),(104,4,'earn',245860,'Tích điểm từ đơn hàng #WS17560229968579','order',143,'2026-08-24',0,'2025-08-24 11:52:58','2025-08-24 11:52:58'),(105,7,'earn',77940,'Tích điểm từ đơn hàng #WS17560229964274','order',146,'2026-08-24',0,'2025-08-24 11:52:58','2025-08-24 11:52:58'),(106,6,'earn',463760,'Tích điểm từ đơn hàng #WS17560229968651','order',148,'2026-08-24',0,'2025-08-24 11:52:58','2025-08-24 11:52:58'),(107,5,'earn',415820,'Tích điểm từ đơn hàng #WS17560229963409','order',149,'2026-08-24',0,'2025-08-24 11:52:58','2025-08-24 11:52:58'),(108,6,'earn',183920,'Tích điểm từ đơn hàng #WS17560229969061','order',150,'2026-08-24',0,'2025-08-24 11:52:58','2025-08-24 11:52:58'),(109,8,'earn',39980,'Tích điểm từ đơn hàng #WS17560234059930','order',174,'2026-08-24',0,'2025-08-24 11:52:58','2025-08-24 11:52:58'),(110,8,'earn',149940,'Tích điểm từ đơn hàng #WS17560234057371','order',192,'2026-08-24',0,'2025-08-24 11:52:58','2025-08-24 11:52:58'),(111,8,'earn',175880,'Tích điểm từ đơn hàng #WS17560234052881','order',198,'2026-08-24',0,'2025-08-24 11:52:58','2025-08-24 11:52:58'),(112,8,'earn',19980,'Tích điểm từ đơn hàng #WS17560234053219','order',202,'2026-08-24',0,'2025-08-24 11:52:58','2025-08-24 11:52:58'),(113,8,'earn',27440,'Tích điểm từ đơn hàng #WS17560346409789','order',211,'2026-08-24',0,'2025-08-24 11:52:58','2025-08-24 11:52:58'),(114,8,'earn',2798060,'Tích điểm từ đơn hàng #WS17560362206583','order',212,'2026-08-24',0,'2025-08-24 11:52:58','2025-08-24 11:52:58'),(115,8,'earn',2000,'Tích điểm từ đơn hàng #TEST_1756037113','order',214,'2026-08-24',0,'2025-08-24 12:05:18','2025-08-24 12:05:18'),(116,8,'earn',2000,'Tích điểm từ đơn hàng #TEST_1756037152','order',215,'2026-08-24',0,'2025-08-24 12:05:52','2025-08-24 12:05:52'),(117,8,'earn',2000,'Tích điểm từ đơn hàng #TEST_1756037179','order',216,'2026-08-24',0,'2025-08-24 12:06:19','2025-08-24 12:06:19'),(118,8,'earn',2000,'Tích điểm từ đơn hàng #TEST_1756037204','order',217,'2026-08-24',0,'2025-08-24 12:06:44','2025-08-24 12:06:44'),(119,8,'earn',2000,'Tích điểm từ đơn hàng #TEST_1756037231','order',218,'2026-08-24',0,'2025-08-24 12:07:11','2025-08-24 12:07:11'),(120,8,'earn',2000,'Tích điểm từ đơn hàng #TEST_1756037270','order',219,'2026-08-24',0,'2025-08-24 12:07:51','2025-08-24 12:07:51'),(121,8,'earn',2000,'Tích điểm từ đơn hàng #TEST_1756037300','order',220,'2026-08-24',0,'2025-08-24 12:08:20','2025-08-24 12:08:20'),(122,8,'earn',2000,'Tích điểm từ đơn hàng #TEST_1756037326','order',221,'2026-08-24',0,'2025-08-24 12:08:46','2025-08-24 12:08:46'),(123,8,'earn',2797660,'Tích điểm từ đơn hàng #WS17560375465429','order',222,'2026-08-24',0,'2025-08-24 12:13:02','2025-08-24 12:13:02'),(124,8,'earned',1398830000,'Điểm hoàn từ yêu cầu đổi hoàn hàng đơn hàng #222',NULL,NULL,NULL,0,'2025-08-24 12:18:58','2025-08-24 12:18:58'),(125,8,'earn',50000,'Điểm hoàn từ yêu cầu đổi hoàn hàng đơn hàng #RETURN_TEST_1756038067','order',223,'2026-08-24',0,'2025-08-24 12:21:07','2025-08-24 12:21:07'),(126,8,'earn',1398830000,'Điểm hoàn từ yêu cầu đổi hoàn hàng đơn hàng #WS17560375465429','order',222,'2026-08-24',0,'2025-08-24 12:23:01','2025-08-24 12:23:01'),(127,8,'earn',1399030000,'Điểm hoàn từ yêu cầu đổi hoàn hàng đơn hàng #WS17560364954026','order',213,'2026-08-24',0,'2025-08-24 12:27:41','2025-08-24 12:27:41'),(128,8,'earn',13720000,'Điểm hoàn từ yêu cầu đổi hoàn hàng đơn hàng #WS17560346409789','order',211,'2026-08-24',0,'2025-08-24 13:19:39','2025-08-24 13:19:39'),(129,8,'use',-23020000,'Sử dụng 23020000 điểm để giảm giá đơn hàng','order_points',NULL,NULL,0,'2025-08-24 13:20:49','2025-08-24 13:20:49'),(130,8,'earn',500000,'Tích điểm từ đơn hàng #WS17560416531544','order',224,'2026-08-24',0,'2025-08-24 13:21:31','2025-08-24 13:21:31'),(131,9,'earn',228200,'Tích điểm từ đơn hàng #WS17560448808504','order',225,'2026-08-24',0,'2025-08-24 14:46:17','2025-08-24 14:46:17'),(132,8,'earn',524040,'Tích điểm từ đơn hàng #WS17560872049606','order',226,'2026-08-25',0,'2025-08-25 02:01:51','2025-08-25 02:01:51'),(133,8,'earn',12020000,'Điểm hoàn từ yêu cầu đổi hoàn hàng đơn hàng #WS17560872049606','order',226,'2026-08-25',0,'2025-08-25 02:03:10','2025-08-25 02:03:10'),(134,8,'use',-100000,'Sử dụng 100000 điểm để giảm giá đơn hàng','order_points',NULL,NULL,0,'2025-08-25 02:06:27','2025-08-25 02:06:27'),(135,8,'bonus',14020000,'Hoàn trả 14020000 điểm từ đơn hàng #WS17560887218784','order_refund',NULL,'2026-08-25',0,'2025-08-25 02:26:30','2025-08-25 02:26:30'),(136,1,'exchange',-50000,'Đổi 50000 điểm lấy mã giảm giá BRONZE1','coupon',1,'2026-08-25',0,'2025-08-25 03:56:58','2025-08-25 03:56:58'),(137,8,'exchange',-400000,'Đổi 400000 điểm lấy mã giảm giá DIAMOND6','coupon',10,'2026-08-25',0,'2025-08-25 03:57:50','2025-08-25 03:57:50'),(138,8,'exchange',-400000,'Đổi 400000 điểm lấy mã giảm giá DIAMOND6','coupon',10,'2026-08-25',0,'2025-08-25 04:02:36','2025-08-25 04:02:36'),(139,8,'use',-3000000,'Sử dụng 3000000 điểm để giảm giá đơn hàng','order_points',NULL,NULL,0,'2025-08-25 04:32:44','2025-08-25 04:32:44'),(140,8,'earn',539838,'Tích điểm từ đơn hàng #WS17560963687909','order',239,'2026-08-25',0,'2025-08-25 04:51:56','2025-08-25 04:51:56'),(141,8,'use',-800000,'Sử dụng 800000 điểm để giảm giá đơn hàng','order_points',NULL,NULL,0,'2025-08-25 04:54:29','2025-08-25 04:54:29'),(142,8,'earn',564222,'Tích điểm từ đơn hàng #WS17560976756129','order',241,'2026-08-25',0,'2025-08-25 04:55:30','2025-08-25 04:55:30'),(143,10,'earn',100,'Điểm danh ngày 2025-08-25','attendance',119,'2026-08-25',0,'2025-08-25 05:28:47','2025-08-25 05:28:47'),(145,10,'bonus',22820000,'Hoàn trả 22820000 điểm từ đơn hàng #WS17560999714752','order_refund',NULL,'2026-08-25',0,'2025-08-25 05:33:26','2025-08-25 05:33:26'),(146,8,'bonus',14020000,'Hoàn trả 14020000 điểm từ đơn hàng #WS17560913447398','order_refund',NULL,'2026-08-25',0,'2025-08-25 05:36:31','2025-08-25 05:36:31'),(147,8,'bonus',14020000,'Hoàn trả 14020000 điểm từ đơn hàng #WS17560913447398','order_refund',NULL,'2026-08-25',0,'2025-08-25 05:37:34','2025-08-25 05:37:34'),(148,8,'bonus',14020000,'Hoàn trả 14020000 điểm từ đơn hàng #WS17560913447398','order_refund',NULL,'2026-08-25',0,'2025-08-25 05:39:57','2025-08-25 05:39:57'),(149,8,'use',-1000,'Sử dụng 1000 điểm để giảm giá đơn hàng','order_points',NULL,NULL,0,'2025-08-25 05:39:57','2025-08-25 05:39:57'),(150,8,'bonus',14020000,'Hoàn trả 14020000 điểm từ đơn hàng #WS17560913447398','order_refund',NULL,'2026-08-25',0,'2025-08-25 05:41:09','2025-08-25 05:41:09'),(151,8,'use',-1000,'Sử dụng 1000 điểm để giảm giá đơn hàng','order_points',NULL,NULL,0,'2025-08-25 05:41:09','2025-08-25 05:41:09'),(152,10,'bonus',31104000,'Hoàn trả 31104000 điểm từ đơn hàng #WS17561005582524','order_refund',NULL,'2026-08-25',0,'2025-08-25 05:43:18','2025-08-25 05:43:18'),(153,10,'use',-11920000,'Sử dụng 11920000 điểm để giảm giá đơn hàng','order_points',NULL,NULL,0,'2025-08-25 05:48:05','2025-08-25 05:48:05'),(154,10,'earn',111410,'Tích điểm từ đơn hàng #WS17561010506791','order',247,'2026-08-25',0,'2025-08-25 05:51:55','2025-08-25 05:51:55'),(155,10,'earn',22820000,'Điểm hoàn từ yêu cầu đổi hoàn hàng đơn hàng #WS17561010506791','order',247,'2026-08-25',0,'2025-08-25 05:54:33','2025-08-25 05:54:33'),(156,10,'earn',112460,'Tích điểm từ đơn hàng #WS17561014113302','order',248,'2026-08-25',0,'2025-08-25 06:08:27','2025-08-25 06:08:27'),(157,10,'earn',111410,'Tích điểm từ đơn hàng #WS17561024423423','order',249,'2026-08-25',0,'2025-08-25 06:14:41','2025-08-25 06:14:41'),(158,10,'earn',106010,'Tích điểm từ đơn hàng #WS17561026662435','order',250,'2026-08-25',0,'2025-08-25 06:18:16','2025-08-25 06:18:16'),(159,10,'earn',107910,'Tích điểm từ đơn hàng #WS17561027644465','order',251,'2026-08-25',0,'2025-08-25 06:35:02','2025-08-25 06:35:02'),(160,10,'exchange',-400000,'Đổi 400000 điểm lấy mã giảm giá DIAMOND6','coupon',10,'2026-08-25',0,'2025-08-25 06:38:54','2025-08-25 06:38:54'),(161,10,'earn',107905,'Tích điểm từ đơn hàng #WS17561046563006','order',252,'2026-08-25',0,'2025-08-25 06:51:38','2025-08-25 06:51:38'),(162,8,'earn',691900,'Tích điểm từ đơn hàng #WS17561049202001','order',253,'2026-08-25',0,'2025-08-25 06:56:52','2025-08-25 06:56:52');
/*!40000 ALTER TABLE `point_transactions` ENABLE KEYS */;
UNLOCK TABLES;

--
-- Table structure for table `point_vouchers`
--

DROP TABLE IF EXISTS `point_vouchers`;
/*!40101 SET @saved_cs_client     = @@character_set_client */;
/*!50503 SET character_set_client = utf8mb4 */;
CREATE TABLE `point_vouchers` (
  `id` bigint unsigned NOT NULL AUTO_INCREMENT,
  `name` varchar(255) COLLATE utf8mb4_unicode_ci NOT NULL,
  `description` text COLLATE utf8mb4_unicode_ci,
  `points_required` int NOT NULL,
  `discount_value` decimal(10,2) NOT NULL,
  `discount_type` enum('percentage','fixed') COLLATE utf8mb4_unicode_ci NOT NULL,
  `min_order_value` decimal(10,2) NOT NULL DEFAULT '0.00',
  `max_usage` int DEFAULT NULL,
  `current_usage` int NOT NULL DEFAULT '0',
  `start_date` date DEFAULT NULL,
  `end_date` date DEFAULT NULL,
  `is_active` tinyint(1) NOT NULL DEFAULT '1',
  `created_at` timestamp NULL DEFAULT NULL,
  `updated_at` timestamp NULL DEFAULT NULL,
  PRIMARY KEY (`id`)
) ENGINE=InnoDB AUTO_INCREMENT=6 DEFAULT CHARSET=utf8mb4 COLLATE=utf8mb4_unicode_ci;
/*!40101 SET character_set_client = @saved_cs_client */;

--
-- Dumping data for table `point_vouchers`
--

LOCK TABLES `point_vouchers` WRITE;
/*!40000 ALTER TABLE `point_vouchers` DISABLE KEYS */;
INSERT INTO `point_vouchers` VALUES (1,'Giảm 50.000đ cho đơn hàng từ 500.000đ','Voucher giảm giá 50.000đ cho đơn hàng có giá trị từ 500.000đ trở lên',100,50000.00,'fixed',500000.00,1000,0,'2025-08-24','2026-02-24',1,'2025-08-24 08:05:54','2025-08-24 08:05:54'),(2,'Giảm 10% cho đơn hàng từ 1.000.000đ','Voucher giảm giá 10% cho đơn hàng có giá trị từ 1.000.000đ trở lên',200,10.00,'percentage',1000000.00,500,0,'2025-08-24','2026-02-24',1,'2025-08-24 08:05:54','2025-08-24 08:05:54'),(3,'Giảm 100.000đ cho đơn hàng từ 2.000.000đ','Voucher giảm giá 100.000đ cho đơn hàng có giá trị từ 2.000.000đ trở lên',300,100000.00,'fixed',2000000.00,200,0,'2025-08-24','2026-02-24',1,'2025-08-24 08:05:54','2025-08-24 08:05:54'),(4,'Giảm 15% cho đơn hàng từ 3.000.000đ','Voucher giảm giá 15% cho đơn hàng có giá trị từ 3.000.000đ trở lên',500,15.00,'percentage',3000000.00,100,0,'2025-08-24','2026-02-24',1,'2025-08-24 08:05:54','2025-08-24 08:05:54'),(5,'Giảm 200.000đ cho đơn hàng từ 5.000.000đ','Voucher giảm giá 200.000đ cho đơn hàng có giá trị từ 5.000.000đ trở lên',800,200000.00,'fixed',5000000.00,50,0,'2025-08-24','2026-02-24',1,'2025-08-24 08:05:54','2025-08-24 08:05:54');
/*!40000 ALTER TABLE `point_vouchers` ENABLE KEYS */;
UNLOCK TABLES;

--
-- Table structure for table `points`
--

DROP TABLE IF EXISTS `points`;
/*!40101 SET @saved_cs_client     = @@character_set_client */;
/*!50503 SET character_set_client = utf8mb4 */;
CREATE TABLE `points` (
  `id` bigint unsigned NOT NULL AUTO_INCREMENT,
  `user_id` bigint unsigned NOT NULL,
  `total_points` bigint NOT NULL,
  `earned_points` bigint NOT NULL,
  `used_points` bigint NOT NULL,
  `expired_points` bigint NOT NULL,
  `vip_level` varchar(255) COLLATE utf8mb4_unicode_ci NOT NULL DEFAULT 'Bronze',
  `created_at` timestamp NULL DEFAULT NULL,
  `updated_at` timestamp NULL DEFAULT NULL,
  PRIMARY KEY (`id`),
  UNIQUE KEY `points_user_id_unique` (`user_id`),
  CONSTRAINT `points_user_id_foreign` FOREIGN KEY (`user_id`) REFERENCES `users` (`id`) ON DELETE CASCADE
) ENGINE=InnoDB AUTO_INCREMENT=11 DEFAULT CHARSET=utf8mb4 COLLATE=utf8mb4_unicode_ci;
/*!40101 SET character_set_client = @saved_cs_client */;

--
-- Dumping data for table `points`
--

LOCK TABLES `points` WRITE;
/*!40000 ALTER TABLE `points` DISABLE KEYS */;
INSERT INTO `points` VALUES (1,5,3308180,3308180,0,0,'Diamond','2025-08-24 08:09:52','2025-08-24 11:52:58'),(2,4,2962480,2962480,0,0,'Diamond','2025-08-24 08:09:52','2025-08-24 11:52:58'),(3,7,3812080,3812080,0,0,'Diamond','2025-08-24 08:09:53','2025-08-24 11:52:58'),(4,1,2724660,2724660,0,0,'Diamond','2025-08-24 08:09:53','2025-08-25 05:46:00'),(5,8,2878828960,2906050960,27222000,0,'Diamond','2025-08-24 08:09:53','2025-08-25 06:56:52'),(6,6,3694120,3694120,0,0,'Diamond','2025-08-24 08:09:53','2025-08-24 11:52:58'),(7,2,3112420,3112420,0,0,'Diamond','2025-08-24 08:09:53','2025-08-24 11:52:58'),(8,3,1643100,1643100,0,0,'Diamond','2025-08-24 08:09:53','2025-08-24 11:52:58'),(9,9,228200,228200,0,0,'Bronze','2025-08-24 14:46:17','2025-08-24 14:46:17'),(10,10,65481205,77401205,11920000,0,'Bronze','2025-08-25 05:28:47','2025-08-25 06:51:38');
/*!40000 ALTER TABLE `points` ENABLE KEYS */;
UNLOCK TABLES;

--
-- Table structure for table `posts`
--

DROP TABLE IF EXISTS `posts`;
/*!40101 SET @saved_cs_client     = @@character_set_client */;
/*!50503 SET character_set_client = utf8mb4 */;
CREATE TABLE `posts` (
  `id` bigint unsigned NOT NULL AUTO_INCREMENT,
  `author_id` bigint unsigned NOT NULL,
  `title` varchar(255) COLLATE utf8mb4_unicode_ci NOT NULL,
  `content` text COLLATE utf8mb4_unicode_ci NOT NULL,
  `view` varchar(255) COLLATE utf8mb4_unicode_ci DEFAULT NULL,
  `image` varchar(255) COLLATE utf8mb4_unicode_ci DEFAULT NULL,
  `status` enum('draft','published') COLLATE utf8mb4_unicode_ci NOT NULL DEFAULT 'draft',
  `published_at` datetime DEFAULT NULL,
  `created_at` timestamp NULL DEFAULT NULL,
  `updated_at` timestamp NULL DEFAULT NULL,
  PRIMARY KEY (`id`),
  KEY `posts_author_id_foreign` (`author_id`),
  CONSTRAINT `posts_author_id_foreign` FOREIGN KEY (`author_id`) REFERENCES `authors` (`id`) ON DELETE CASCADE
) ENGINE=InnoDB AUTO_INCREMENT=16 DEFAULT CHARSET=utf8mb4 COLLATE=utf8mb4_unicode_ci;
/*!40101 SET character_set_client = @saved_cs_client */;

--
-- Dumping data for table `posts`
--

LOCK TABLES `posts` WRITE;
/*!40000 ALTER TABLE `posts` DISABLE KEYS */;
INSERT INTO `posts` VALUES (11,6,'iPhone 15 Pro Max vs Samsung Galaxy S24 Ultra: Cuộc chiến của những gã khổng lồ công nghệ 2024','<h2>Giới thiệu</h2><p>Năm 2024 chứng kiến cuộc đối đầu gay cấn giữa hai gã khổng lồ công nghệ: Apple với iPhone 15 Pro Max và Samsung với Galaxy S24 Ultra. Cả hai đều là những flagship hàng đầu với những công nghệ tiên tiến nhất.</p><h2>Thiết kế và chất liệu</h2><p>iPhone 15 Pro Max tiếp tục sử dụng thiết kế đặc trưng với khung titanium cao cấp, giúp giảm trọng lượng đáng kể so với thế hệ trước. Samsung Galaxy S24 Ultra nổi bật với thiết kế góc cạnh, khung titanium và S Pen tích hợp.</p><h2>Hiệu năng và camera</h2><p>iPhone 15 Pro Max được trang bị chip A17 Pro mới nhất với hiệu năng vượt trội. Samsung Galaxy S24 Ultra sử dụng chip Snapdragon 8 Gen 3 tối ưu cho AI. Cả hai đều có hệ thống camera chuyên nghiệp với khả năng chụp ảnh và quay video chất lượng cao.</p>','3954',NULL,'published','2025-08-15 09:00:00','2025-08-15 02:00:00','2025-08-15 02:00:00'),(12,6,'Xu hướng công nghệ 2024: AI, 5G và tương lai của smartphone','<h2>Thời đại của AI trong smartphone</h2><p>Năm 2024 đánh dấu sự bùng nổ của trí tuệ nhân tạo (AI) trong lĩnh vực smartphone. Apple Intelligence, Samsung Galaxy AI và các tính năng AI khác đang thay đổi cách chúng ta sử dụng điện thoại.</p><h2>5G và kết nối thế hệ mới</h2><p>Mạng 5G đã phủ sóng rộng khắp tại Việt Nam, mang lại tốc độ truyền tải dữ liệu nhanh chóng mặt. Công nghệ Wi-Fi 7 cũng đang được tích hợp vào các flagship mới.</p><h2>Tương lai của smartphone</h2><p>Trong tương lai, smartphone có thể trở thành trung tâm điều khiển cho các thiết bị IoT, xe tự lái và nhà thông minh. AR/VR sẽ được tích hợp sâu hơn.</p>','4787',NULL,'published','2025-08-18 14:30:00','2025-08-18 07:30:00','2025-08-18 07:30:00'),(13,6,'Đánh giá chi tiết Xiaomi 14 Ultra: Flagship camera phone đáng mua nhất 2024','<h2>Tổng quan</h2><p>Xiaomi 14 Ultra là flagship camera phone mới nhất từ Xiaomi, được thiết kế để cạnh tranh trực tiếp với iPhone 15 Pro Max và Samsung Galaxy S24 Ultra.</p><h2>Hệ thống camera Leica</h2><p>Xiaomi 14 Ultra trang bị hệ thống camera 4 ống kính với sự hợp tác của Leica: Camera chính 50MP với cảm biến Sony LYT-900 1-inch, camera ultra-wide 50MP, camera tele 50MP với zoom 3.2x và camera periscope 50MP với zoom 5x.</p><h2>Hiệu năng và pin</h2><p>Được trang bị chip Snapdragon 8 Gen 3, RAM LPDDR5X và bộ nhớ UFS 4.0. Pin 5000mAh với sạc nhanh 90W có thể sạc đầy trong 31 phút.</p>','3965',NULL,'published','2025-08-20 16:45:00','2025-08-20 09:45:00','2025-08-20 09:45:00'),(14,6,'Hướng dẫn chọn điện thoại phù hợp: Từ người mới bắt đầu đến chuyên gia','<h2>Xác định nhu cầu sử dụng</h2><p>Trước khi mua điện thoại, bạn cần xác định rõ nhu cầu sử dụng. Người dùng cơ bản có thể chọn Xiaomi Redmi Note 13 Pro+, OPPO Reno 11. Người dùng trung cấp nên cân nhắc OnePlus 12R, Xiaomi 14. Người dùng cao cấp có thể lựa chọn iPhone 15 Pro Max, Samsung Galaxy S24 Ultra.</p><h2>Các yếu tố cần cân nhắc</h2><p>Hiệu năng phụ thuộc vào chip xử lý, RAM và bộ nhớ. Camera cần độ phân giải cao, khẩu độ lớn và ổn định hình ảnh. Pin nên có dung lượng 4500mAh+ với sạc nhanh 25W+.</p>','4561',NULL,'published','2025-08-22 11:15:00','2025-08-22 04:15:00','2025-08-22 04:15:00'),(15,6,'Công nghệ màn hình 2024: OLED, Mini LED và tương lai của hiển thị di động','<h2>OLED - Tiêu chuẩn hiện tại</h2><p>OLED đã trở thành tiêu chuẩn cho smartphone cao cấp với độ tương phản cao, tiết kiệm pin, góc nhìn rộng và tần số quét cao. Tuy nhiên vẫn có nhược điểm như burn-in và giá cao.</p><h2>Mini LED - Công nghệ mới nổi</h2><p>Mini LED sử dụng các LED nhỏ để tạo ra vùng tối cục bộ, có độ tương phản cao gần với OLED nhưng không bị burn-in. Tuy nhiên vẫn có độ dày và tiêu thụ năng lượng cao.</p><h2>Micro LED - Tương lai</h2><p>Micro LED sử dụng các LED siêu nhỏ với độ phân giải cực cao, độ sáng cao và tiết kiệm năng lượng. Tuy nhiên chi phí sản xuất vẫn rất cao.</p>','1165',NULL,'published','2025-08-24 10:00:00','2025-08-24 03:00:00','2025-08-24 03:00:00');
/*!40000 ALTER TABLE `posts` ENABLE KEYS */;
UNLOCK TABLES;

--
-- Table structure for table `product_variants`
--

DROP TABLE IF EXISTS `product_variants`;
/*!40101 SET @saved_cs_client     = @@character_set_client */;
/*!50503 SET character_set_client = utf8mb4 */;
CREATE TABLE `product_variants` (
  `id` bigint unsigned NOT NULL AUTO_INCREMENT,
  `product_id` bigint unsigned NOT NULL,
  `image_variant` text COLLATE utf8mb4_unicode_ci NOT NULL,
  `price` decimal(15,2) DEFAULT NULL,
  `promotion_price` decimal(15,2) DEFAULT NULL,
  `stock_quantity` int NOT NULL,
  `color_id` bigint unsigned DEFAULT NULL,
  `storage_id` bigint unsigned DEFAULT NULL,
  `created_at` timestamp NULL DEFAULT NULL,
  `updated_at` timestamp NULL DEFAULT NULL,
  `deleted_at` timestamp NULL DEFAULT NULL,
  PRIMARY KEY (`id`),
  KEY `product_variants_product_id_foreign` (`product_id`),
  KEY `product_variants_color_id_foreign` (`color_id`),
  KEY `product_variants_storage_id_foreign` (`storage_id`),
  CONSTRAINT `product_variants_color_id_foreign` FOREIGN KEY (`color_id`) REFERENCES `colors` (`id`) ON DELETE SET NULL,
  CONSTRAINT `product_variants_product_id_foreign` FOREIGN KEY (`product_id`) REFERENCES `products` (`id`) ON DELETE CASCADE,
  CONSTRAINT `product_variants_storage_id_foreign` FOREIGN KEY (`storage_id`) REFERENCES `storages` (`id`) ON DELETE SET NULL
) ENGINE=InnoDB AUTO_INCREMENT=150 DEFAULT CHARSET=utf8mb4 COLLATE=utf8mb4_unicode_ci;
/*!40101 SET character_set_client = @saved_cs_client */;

--
-- Dumping data for table `product_variants`
--

LOCK TABLES `product_variants` WRITE;
/*!40000 ALTER TABLE `product_variants` DISABLE KEYS */;
INSERT INTO `product_variants` VALUES (1,1,'[\"iphone-15-pro-max.jpg\",\"iphone-15-pro-max-variant1.jpg\",\"iphone-15-pro-max-variant2.jpg\"]',34990000.00,32990000.00,6,1,3,'2025-08-24 08:05:54','2025-08-24 08:05:54',NULL),(2,1,'[\"iphone-15-pro-max.jpg\",\"iphone-15-pro-max-variant1.jpg\",\"iphone-15-pro-max-variant2.jpg\"]',41988000.00,39588000.00,18,1,6,'2025-08-24 08:05:54','2025-08-24 08:05:54',NULL),(3,1,'[\"iphone-15-pro-max.jpg\",\"iphone-15-pro-max-variant1.jpg\",\"iphone-15-pro-max-variant2.jpg\"]',34990000.00,32990000.00,16,15,3,'2025-08-24 08:05:54','2025-08-24 08:05:54',NULL),(4,1,'[\"iphone-15-pro-max.jpg\",\"iphone-15-pro-max-variant1.jpg\",\"iphone-15-pro-max-variant2.jpg\"]',41988000.00,39588000.00,5,15,6,'2025-08-24 08:05:54','2025-08-24 08:05:54',NULL),(5,1,'[\"iphone-15-pro-max.jpg\",\"iphone-15-pro-max-variant1.jpg\",\"iphone-15-pro-max-variant2.jpg\"]',34990000.00,32990000.00,5,28,3,'2025-08-24 08:05:54','2025-08-24 08:05:54',NULL),(6,1,'[\"iphone-15-pro-max.jpg\",\"iphone-15-pro-max-variant1.jpg\",\"iphone-15-pro-max-variant2.jpg\"]',41988000.00,39588000.00,10,28,6,'2025-08-24 08:05:54','2025-08-24 08:05:54',NULL),(7,2,'[\"iphone-15-pro.jpg\",\"iphone-15-pro-variant1.jpg\",\"iphone-15-pro-variant2.jpg\"]',29990000.00,27990000.00,6,11,3,'2025-08-24 08:05:54','2025-08-24 08:05:54',NULL),(8,2,'[\"iphone-15-pro.jpg\",\"iphone-15-pro-variant1.jpg\",\"iphone-15-pro-variant2.jpg\"]',32989000.00,30789000.00,11,11,5,'2025-08-24 08:05:54','2025-08-24 08:05:54',NULL),(9,2,'[\"iphone-15-pro.jpg\",\"iphone-15-pro-variant1.jpg\",\"iphone-15-pro-variant2.jpg\"]',29990000.00,27990000.00,12,20,3,'2025-08-24 08:05:54','2025-08-24 08:05:54',NULL),(10,2,'[\"iphone-15-pro.jpg\",\"iphone-15-pro-variant1.jpg\",\"iphone-15-pro-variant2.jpg\"]',32989000.00,30789000.00,15,20,5,'2025-08-24 08:05:54','2025-08-24 08:05:54',NULL),(11,2,'[\"iphone-15-pro.jpg\",\"iphone-15-pro-variant1.jpg\",\"iphone-15-pro-variant2.jpg\"]',29990000.00,27990000.00,17,28,3,'2025-08-24 08:05:54','2025-08-24 08:05:54',NULL),(12,2,'[\"iphone-15-pro.jpg\",\"iphone-15-pro-variant1.jpg\",\"iphone-15-pro-variant2.jpg\"]',32989000.00,30789000.00,9,28,5,'2025-08-24 08:05:54','2025-08-24 08:05:54',NULL),(13,3,'[\"iphone-15.jpg\",\"iphone-15-variant1.jpg\",\"iphone-15-variant2.jpg\"]',24990000.00,22990000.00,6,20,2,'2025-08-24 08:05:54','2025-08-24 08:05:54',NULL),(14,3,'[\"iphone-15.jpg\",\"iphone-15-variant1.jpg\",\"iphone-15-variant2.jpg\"]',34986000.00,32186000.00,17,20,8,'2025-08-24 08:05:54','2025-08-24 08:05:54',NULL),(15,3,'[\"iphone-15.jpg\",\"iphone-15-variant1.jpg\",\"iphone-15-variant2.jpg\"]',24990000.00,22990000.00,20,29,2,'2025-08-24 08:05:54','2025-08-24 08:05:54',NULL),(16,3,'[\"iphone-15.jpg\",\"iphone-15-variant1.jpg\",\"iphone-15-variant2.jpg\"]',34986000.00,32186000.00,15,29,8,'2025-08-24 08:05:54','2025-08-24 08:05:54',NULL),(17,3,'[\"iphone-15.jpg\",\"iphone-15-variant1.jpg\",\"iphone-15-variant2.jpg\"]',24990000.00,22990000.00,17,44,2,'2025-08-24 08:05:54','2025-08-24 08:05:54',NULL),(18,3,'[\"iphone-15.jpg\",\"iphone-15-variant1.jpg\",\"iphone-15-variant2.jpg\"]',34986000.00,32186000.00,5,44,8,'2025-08-24 08:05:54','2025-08-24 08:05:54',NULL),(19,4,'[\"galaxy-s24-ultra.jpg\",\"galaxy-s24-ultra-variant1.jpg\",\"galaxy-s24-ultra-variant2.jpg\"]',31990000.00,29990000.00,17,5,3,'2025-08-24 08:05:54','2025-08-24 08:05:54',NULL),(20,4,'[\"galaxy-s24-ultra.jpg\",\"galaxy-s24-ultra-variant1.jpg\",\"galaxy-s24-ultra-variant2.jpg\"]',31990000.00,29990000.00,9,5,4,'2025-08-24 08:05:54','2025-08-24 08:05:54',NULL),(21,4,'[\"galaxy-s24-ultra.jpg\",\"galaxy-s24-ultra-variant1.jpg\",\"galaxy-s24-ultra-variant2.jpg\"]',38388000.00,35988000.00,7,5,6,'2025-08-24 08:05:54','2025-08-24 08:05:54',NULL),(22,4,'[\"galaxy-s24-ultra.jpg\",\"galaxy-s24-ultra-variant1.jpg\",\"galaxy-s24-ultra-variant2.jpg\"]',31990000.00,29990000.00,13,11,3,'2025-08-24 08:05:54','2025-08-24 08:05:54',NULL),(23,4,'[\"galaxy-s24-ultra.jpg\",\"galaxy-s24-ultra-variant1.jpg\",\"galaxy-s24-ultra-variant2.jpg\"]',31990000.00,29990000.00,10,11,4,'2025-08-24 08:05:54','2025-08-24 08:05:54',NULL),(24,4,'[\"galaxy-s24-ultra.jpg\",\"galaxy-s24-ultra-variant1.jpg\",\"galaxy-s24-ultra-variant2.jpg\"]',38388000.00,35988000.00,12,11,6,'2025-08-24 08:05:54','2025-08-24 08:05:54',NULL),(25,4,'[\"galaxy-s24-ultra.jpg\",\"galaxy-s24-ultra-variant1.jpg\",\"galaxy-s24-ultra-variant2.jpg\"]',31990000.00,29990000.00,20,36,3,'2025-08-24 08:05:54','2025-08-24 08:05:54',NULL),(26,4,'[\"galaxy-s24-ultra.jpg\",\"galaxy-s24-ultra-variant1.jpg\",\"galaxy-s24-ultra-variant2.jpg\"]',31990000.00,29990000.00,8,36,4,'2025-08-24 08:05:54','2025-08-24 08:05:54',NULL),(27,4,'[\"galaxy-s24-ultra.jpg\",\"galaxy-s24-ultra-variant1.jpg\",\"galaxy-s24-ultra-variant2.jpg\"]',38388000.00,35988000.00,16,36,6,'2025-08-24 08:05:54','2025-08-24 08:05:54',NULL),(28,5,'[\"galaxy-s24-plus.jpg\",\"galaxy-s24-plus-variant1.jpg\",\"galaxy-s24-plus-variant2.jpg\"]',26990000.00,24990000.00,16,23,1,'2025-08-24 08:05:54','2025-08-24 08:05:54',NULL),(29,5,'[\"galaxy-s24-plus.jpg\",\"galaxy-s24-plus-variant1.jpg\",\"galaxy-s24-plus-variant2.jpg\"]',26990000.00,24990000.00,14,23,2,'2025-08-24 08:05:54','2025-08-25 05:56:51',NULL),(30,5,'[\"galaxy-s24-plus.jpg\",\"galaxy-s24-plus-variant1.jpg\",\"galaxy-s24-plus-variant2.jpg\"]',37786000.00,34986000.00,6,23,8,'2025-08-24 08:05:54','2025-08-24 08:05:54',NULL),(31,5,'[\"galaxy-s24-plus.jpg\",\"galaxy-s24-plus-variant1.jpg\",\"galaxy-s24-plus-variant2.jpg\"]',26990000.00,24990000.00,17,25,1,'2025-08-24 08:05:54','2025-08-24 08:05:54',NULL),(32,5,'[\"galaxy-s24-plus.jpg\",\"galaxy-s24-plus-variant1.jpg\",\"galaxy-s24-plus-variant2.jpg\"]',26990000.00,24990000.00,16,25,2,'2025-08-24 08:05:54','2025-08-24 08:05:54',NULL),(33,5,'[\"galaxy-s24-plus.jpg\",\"galaxy-s24-plus-variant1.jpg\",\"galaxy-s24-plus-variant2.jpg\"]',37786000.00,34986000.00,15,25,8,'2025-08-24 08:05:54','2025-08-24 08:05:54',NULL),(34,6,'[\"galaxy-a55.jpg\",\"galaxy-a55-variant1.jpg\",\"galaxy-a55-variant2.jpg\"]',12990000.00,11990000.00,9,2,2,'2025-08-24 08:05:54','2025-08-24 08:05:54',NULL),(35,6,'[\"galaxy-a55.jpg\",\"galaxy-a55-variant1.jpg\",\"galaxy-a55-variant2.jpg\"]',16887000.00,15587000.00,8,2,7,'2025-08-24 08:05:54','2025-08-24 08:05:54',NULL),(36,6,'[\"galaxy-a55.jpg\",\"galaxy-a55-variant1.jpg\",\"galaxy-a55-variant2.jpg\"]',18186000.00,16786000.00,13,2,8,'2025-08-24 08:05:54','2025-08-24 08:05:54',NULL),(37,6,'[\"galaxy-a55.jpg\",\"galaxy-a55-variant1.jpg\",\"galaxy-a55-variant2.jpg\"]',12990000.00,11990000.00,9,11,2,'2025-08-24 08:05:54','2025-08-25 02:06:40',NULL),(38,6,'[\"galaxy-a55.jpg\",\"galaxy-a55-variant1.jpg\",\"galaxy-a55-variant2.jpg\"]',16887000.00,15587000.00,18,11,7,'2025-08-24 08:05:54','2025-08-24 08:05:54',NULL),(39,6,'[\"galaxy-a55.jpg\",\"galaxy-a55-variant1.jpg\",\"galaxy-a55-variant2.jpg\"]',18186000.00,16786000.00,8,11,8,'2025-08-24 08:05:54','2025-08-25 05:43:18',NULL),(40,6,'[\"galaxy-a55.jpg\",\"galaxy-a55-variant1.jpg\",\"galaxy-a55-variant2.jpg\"]',12990000.00,11990000.00,16,12,2,'2025-08-24 08:05:54','2025-08-25 05:50:15',NULL),(41,6,'[\"galaxy-a55.jpg\",\"galaxy-a55-variant1.jpg\",\"galaxy-a55-variant2.jpg\"]',16887000.00,15587000.00,16,12,7,'2025-08-24 08:05:54','2025-08-25 03:50:05',NULL),(42,6,'[\"galaxy-a55.jpg\",\"galaxy-a55-variant1.jpg\",\"galaxy-a55-variant2.jpg\"]',18186000.00,16786000.00,10,12,8,'2025-08-24 08:05:54','2025-08-24 08:05:54',NULL),(43,7,'[\"xiaomi-14-ultra.jpg\",\"xiaomi-14-ultra-variant1.jpg\",\"xiaomi-14-ultra-variant2.jpg\"]',24990000.00,22990000.00,14,16,1,'2025-08-24 08:05:54','2025-08-24 08:05:54',NULL),(44,7,'[\"xiaomi-14-ultra.jpg\",\"xiaomi-14-ultra-variant1.jpg\",\"xiaomi-14-ultra-variant2.jpg\"]',24990000.00,22990000.00,20,16,4,'2025-08-24 08:05:54','2025-08-24 08:05:54',NULL),(45,7,'[\"xiaomi-14-ultra.jpg\",\"xiaomi-14-ultra-variant1.jpg\",\"xiaomi-14-ultra-variant2.jpg\"]',34986000.00,32186000.00,13,16,8,'2025-08-24 08:05:54','2025-08-24 08:05:54',NULL),(46,7,'[\"xiaomi-14-ultra.jpg\",\"xiaomi-14-ultra-variant1.jpg\",\"xiaomi-14-ultra-variant2.jpg\"]',24990000.00,22990000.00,9,32,1,'2025-08-24 08:05:54','2025-08-24 08:05:54',NULL),(47,7,'[\"xiaomi-14-ultra.jpg\",\"xiaomi-14-ultra-variant1.jpg\",\"xiaomi-14-ultra-variant2.jpg\"]',24990000.00,22990000.00,12,32,4,'2025-08-24 08:05:54','2025-08-24 08:05:54',NULL),(48,7,'[\"xiaomi-14-ultra.jpg\",\"xiaomi-14-ultra-variant1.jpg\",\"xiaomi-14-ultra-variant2.jpg\"]',34986000.00,32186000.00,17,32,8,'2025-08-24 08:05:54','2025-08-24 08:05:54',NULL),(49,8,'[\"xiaomi-14.jpg\",\"xiaomi-14-variant1.jpg\",\"xiaomi-14-variant2.jpg\"]',19990000.00,17990000.00,15,2,2,'2025-08-24 08:05:54','2025-08-24 08:05:54',NULL),(50,8,'[\"xiaomi-14.jpg\",\"xiaomi-14-variant1.jpg\",\"xiaomi-14-variant2.jpg\"]',19990000.00,17990000.00,10,2,3,'2025-08-24 08:05:54','2025-08-24 08:05:54',NULL),(51,8,'[\"xiaomi-14.jpg\",\"xiaomi-14-variant1.jpg\",\"xiaomi-14-variant2.jpg\"]',23988000.00,21588000.00,7,2,6,'2025-08-24 08:05:54','2025-08-24 08:05:54',NULL),(52,8,'[\"xiaomi-14.jpg\",\"xiaomi-14-variant1.jpg\",\"xiaomi-14-variant2.jpg\"]',19990000.00,17990000.00,7,13,2,'2025-08-24 08:05:54','2025-08-24 08:05:54',NULL),(53,8,'[\"xiaomi-14.jpg\",\"xiaomi-14-variant1.jpg\",\"xiaomi-14-variant2.jpg\"]',19990000.00,17990000.00,7,13,3,'2025-08-24 08:05:54','2025-08-24 08:05:54',NULL),(54,8,'[\"xiaomi-14.jpg\",\"xiaomi-14-variant1.jpg\",\"xiaomi-14-variant2.jpg\"]',23988000.00,21588000.00,20,13,6,'2025-08-24 08:05:54','2025-08-24 08:05:54',NULL),(55,8,'[\"xiaomi-14.jpg\",\"xiaomi-14-variant1.jpg\",\"xiaomi-14-variant2.jpg\"]',19990000.00,17990000.00,10,24,2,'2025-08-24 08:05:54','2025-08-24 08:05:54',NULL),(56,8,'[\"xiaomi-14.jpg\",\"xiaomi-14-variant1.jpg\",\"xiaomi-14-variant2.jpg\"]',19990000.00,17990000.00,14,24,3,'2025-08-24 08:05:54','2025-08-24 08:05:54',NULL),(57,8,'[\"xiaomi-14.jpg\",\"xiaomi-14-variant1.jpg\",\"xiaomi-14-variant2.jpg\"]',23988000.00,21588000.00,12,24,6,'2025-08-24 08:05:54','2025-08-24 08:05:54',NULL),(58,9,'[\"redmi-note-13-pro-plus.jpg\",\"redmi-note-13-pro-plus-variant1.jpg\",\"redmi-note-13-pro-plus-variant2.jpg\"]',8990000.00,7990000.00,5,17,2,'2025-08-24 08:05:54','2025-08-24 08:05:54',NULL),(59,9,'[\"redmi-note-13-pro-plus.jpg\",\"redmi-note-13-pro-plus-variant1.jpg\",\"redmi-note-13-pro-plus-variant2.jpg\"]',11687000.00,10387000.00,12,17,7,'2025-08-24 08:05:54','2025-08-24 08:05:54',NULL),(60,9,'[\"redmi-note-13-pro-plus.jpg\",\"redmi-note-13-pro-plus-variant1.jpg\",\"redmi-note-13-pro-plus-variant2.jpg\"]',8990000.00,7990000.00,15,23,2,'2025-08-24 08:05:54','2025-08-24 08:05:54',NULL),(61,9,'[\"redmi-note-13-pro-plus.jpg\",\"redmi-note-13-pro-plus-variant1.jpg\",\"redmi-note-13-pro-plus-variant2.jpg\"]',11687000.00,10387000.00,8,23,7,'2025-08-24 08:05:54','2025-08-24 08:05:54',NULL),(62,9,'[\"redmi-note-13-pro-plus.jpg\",\"redmi-note-13-pro-plus-variant1.jpg\",\"redmi-note-13-pro-plus-variant2.jpg\"]',8990000.00,7990000.00,16,30,2,'2025-08-24 08:05:54','2025-08-24 08:05:54',NULL),(63,9,'[\"redmi-note-13-pro-plus.jpg\",\"redmi-note-13-pro-plus-variant1.jpg\",\"redmi-note-13-pro-plus-variant2.jpg\"]',11687000.00,10387000.00,20,30,7,'2025-08-24 08:05:54','2025-08-24 08:05:54',NULL),(64,10,'[\"oppo-find-x7-ultra.jpg\",\"oppo-find-x7-ultra-variant1.jpg\",\"oppo-find-x7-ultra-variant2.jpg\"]',25289000.00,23089000.00,19,30,5,'2025-08-24 08:05:54','2025-08-24 08:05:54',NULL),(65,10,'[\"oppo-find-x7-ultra.jpg\",\"oppo-find-x7-ultra-variant1.jpg\",\"oppo-find-x7-ultra-variant2.jpg\"]',32186000.00,29386000.00,18,30,8,'2025-08-24 08:05:54','2025-08-25 04:37:49',NULL),(66,10,'[\"oppo-find-x7-ultra.jpg\",\"oppo-find-x7-ultra-variant1.jpg\",\"oppo-find-x7-ultra-variant2.jpg\"]',25289000.00,23089000.00,14,33,5,'2025-08-24 08:05:54','2025-08-25 04:32:48',NULL),(67,10,'[\"oppo-find-x7-ultra.jpg\",\"oppo-find-x7-ultra-variant1.jpg\",\"oppo-find-x7-ultra-variant2.jpg\"]',32186000.00,29386000.00,17,33,8,'2025-08-24 08:05:54','2025-08-25 05:31:37',NULL),(68,10,'[\"oppo-find-x7-ultra.jpg\",\"oppo-find-x7-ultra-variant1.jpg\",\"oppo-find-x7-ultra-variant2.jpg\"]',25289000.00,23089000.00,19,37,5,'2025-08-24 08:05:54','2025-08-24 08:05:54',NULL),(69,10,'[\"oppo-find-x7-ultra.jpg\",\"oppo-find-x7-ultra-variant1.jpg\",\"oppo-find-x7-ultra-variant2.jpg\"]',32186000.00,29386000.00,17,37,8,'2025-08-24 08:05:54','2025-08-24 08:05:54',NULL),(70,11,'[\"oppo-find-x7.jpg\",\"oppo-find-x7-variant1.jpg\",\"oppo-find-x7-variant2.jpg\"]',18990000.00,16990000.00,5,19,4,'2025-08-24 08:05:54','2025-08-24 08:05:54',NULL),(71,11,'[\"oppo-find-x7.jpg\",\"oppo-find-x7-variant1.jpg\",\"oppo-find-x7-variant2.jpg\"]',22788000.00,20388000.00,19,19,6,'2025-08-24 08:05:54','2025-08-24 08:05:54',NULL),(72,11,'[\"oppo-find-x7.jpg\",\"oppo-find-x7-variant1.jpg\",\"oppo-find-x7-variant2.jpg\"]',18990000.00,16990000.00,11,25,4,'2025-08-24 08:05:54','2025-08-24 08:05:54',NULL),(73,11,'[\"oppo-find-x7.jpg\",\"oppo-find-x7-variant1.jpg\",\"oppo-find-x7-variant2.jpg\"]',22788000.00,20388000.00,18,25,6,'2025-08-24 08:05:54','2025-08-24 08:05:54',NULL),(74,11,'[\"oppo-find-x7.jpg\",\"oppo-find-x7-variant1.jpg\",\"oppo-find-x7-variant2.jpg\"]',18990000.00,16990000.00,5,39,4,'2025-08-24 08:05:54','2025-08-24 08:05:54',NULL),(75,11,'[\"oppo-find-x7.jpg\",\"oppo-find-x7-variant1.jpg\",\"oppo-find-x7-variant2.jpg\"]',22788000.00,20388000.00,9,39,6,'2025-08-24 08:05:54','2025-08-24 08:05:54',NULL),(76,12,'[\"oppo-reno-11.jpg\",\"oppo-reno-11-variant1.jpg\",\"oppo-reno-11-variant2.jpg\"]',9990000.00,8990000.00,15,25,2,'2025-08-24 08:05:54','2025-08-24 08:05:54',NULL),(77,12,'[\"oppo-reno-11.jpg\",\"oppo-reno-11-variant1.jpg\",\"oppo-reno-11-variant2.jpg\"]',13986000.00,12586000.00,7,25,8,'2025-08-24 08:05:54','2025-08-24 08:05:54',NULL),(78,12,'[\"oppo-reno-11.jpg\",\"oppo-reno-11-variant1.jpg\",\"oppo-reno-11-variant2.jpg\"]',9990000.00,8990000.00,18,33,2,'2025-08-24 08:05:54','2025-08-24 08:05:54',NULL),(79,12,'[\"oppo-reno-11.jpg\",\"oppo-reno-11-variant1.jpg\",\"oppo-reno-11-variant2.jpg\"]',13986000.00,12586000.00,18,33,8,'2025-08-24 08:05:54','2025-08-24 08:05:54',NULL),(80,13,'[\"vivo-x100-pro.jpg\",\"vivo-x100-pro-variant1.jpg\",\"vivo-x100-pro-variant2.jpg\"]',21990000.00,19990000.00,11,17,2,'2025-08-24 08:05:54','2025-08-24 08:05:54',NULL),(81,13,'[\"vivo-x100-pro.jpg\",\"vivo-x100-pro-variant1.jpg\",\"vivo-x100-pro-variant2.jpg\"]',26388000.00,23988000.00,9,17,6,'2025-08-24 08:05:54','2025-08-24 08:05:54',NULL),(82,13,'[\"vivo-x100-pro.jpg\",\"vivo-x100-pro-variant1.jpg\",\"vivo-x100-pro-variant2.jpg\"]',21990000.00,19990000.00,14,19,2,'2025-08-24 08:05:54','2025-08-24 08:05:54',NULL),(83,13,'[\"vivo-x100-pro.jpg\",\"vivo-x100-pro-variant1.jpg\",\"vivo-x100-pro-variant2.jpg\"]',26388000.00,23988000.00,9,19,6,'2025-08-24 08:05:54','2025-08-24 08:05:54',NULL),(84,13,'[\"vivo-x100-pro.jpg\",\"vivo-x100-pro-variant1.jpg\",\"vivo-x100-pro-variant2.jpg\"]',21990000.00,19990000.00,7,38,2,'2025-08-24 08:05:54','2025-08-24 08:05:54',NULL),(85,13,'[\"vivo-x100-pro.jpg\",\"vivo-x100-pro-variant1.jpg\",\"vivo-x100-pro-variant2.jpg\"]',26388000.00,23988000.00,10,38,6,'2025-08-24 08:05:54','2025-08-24 08:05:54',NULL),(86,14,'[\"vivo-x100.jpg\",\"vivo-x100-variant1.jpg\",\"vivo-x100-variant2.jpg\"]',17990000.00,15990000.00,12,7,4,'2025-08-24 08:05:54','2025-08-24 08:05:54',NULL),(87,14,'[\"vivo-x100.jpg\",\"vivo-x100-variant1.jpg\",\"vivo-x100-variant2.jpg\"]',19789000.00,17589000.00,9,7,5,'2025-08-24 08:05:54','2025-08-24 08:05:54',NULL),(88,14,'[\"vivo-x100.jpg\",\"vivo-x100-variant1.jpg\",\"vivo-x100-variant2.jpg\"]',25186000.00,22386000.00,20,7,8,'2025-08-24 08:05:54','2025-08-24 08:05:54',NULL),(89,14,'[\"vivo-x100.jpg\",\"vivo-x100-variant1.jpg\",\"vivo-x100-variant2.jpg\"]',17990000.00,15990000.00,15,34,4,'2025-08-24 08:05:54','2025-08-25 06:19:24',NULL),(90,14,'[\"vivo-x100.jpg\",\"vivo-x100-variant1.jpg\",\"vivo-x100-variant2.jpg\"]',19789000.00,17589000.00,5,34,5,'2025-08-24 08:05:54','2025-08-24 08:05:54',NULL),(91,14,'[\"vivo-x100.jpg\",\"vivo-x100-variant1.jpg\",\"vivo-x100-variant2.jpg\"]',25186000.00,22386000.00,18,34,8,'2025-08-24 08:05:54','2025-08-24 08:05:54',NULL),(92,15,'[\"vivo-v29.jpg\",\"vivo-v29-variant1.jpg\",\"vivo-v29-variant2.jpg\"]',12990000.00,11990000.00,16,4,1,'2025-08-24 08:05:54','2025-08-24 08:05:54',NULL),(93,15,'[\"vivo-v29.jpg\",\"vivo-v29-variant1.jpg\",\"vivo-v29-variant2.jpg\"]',15588000.00,14388000.00,6,4,6,'2025-08-24 08:05:54','2025-08-24 08:05:54',NULL),(94,15,'[\"vivo-v29.jpg\",\"vivo-v29-variant1.jpg\",\"vivo-v29-variant2.jpg\"]',16887000.00,15587000.00,15,4,7,'2025-08-24 08:05:54','2025-08-24 08:05:54',NULL),(95,15,'[\"vivo-v29.jpg\",\"vivo-v29-variant1.jpg\",\"vivo-v29-variant2.jpg\"]',12990000.00,11990000.00,16,34,1,'2025-08-24 08:05:54','2025-08-24 08:05:54',NULL),(96,15,'[\"vivo-v29.jpg\",\"vivo-v29-variant1.jpg\",\"vivo-v29-variant2.jpg\"]',15588000.00,14388000.00,14,34,6,'2025-08-24 08:05:54','2025-08-24 08:05:54',NULL),(97,15,'[\"vivo-v29.jpg\",\"vivo-v29-variant1.jpg\",\"vivo-v29-variant2.jpg\"]',16887000.00,15587000.00,5,34,7,'2025-08-24 08:05:54','2025-08-24 08:05:54',NULL),(98,16,'[\"realme-gt-neo-5-se.jpg\",\"realme-gt-neo-5-se-variant1.jpg\",\"realme-gt-neo-5-se-variant2.jpg\"]',8990000.00,7990000.00,14,17,4,'2025-08-24 08:05:54','2025-08-24 08:05:54',NULL),(99,16,'[\"realme-gt-neo-5-se.jpg\",\"realme-gt-neo-5-se-variant1.jpg\",\"realme-gt-neo-5-se-variant2.jpg\"]',11687000.00,10387000.00,17,17,7,'2025-08-24 08:05:54','2025-08-24 08:05:54',NULL),(100,16,'[\"realme-gt-neo-5-se.jpg\",\"realme-gt-neo-5-se-variant1.jpg\",\"realme-gt-neo-5-se-variant2.jpg\"]',8990000.00,7990000.00,14,18,4,'2025-08-24 08:05:54','2025-08-24 08:05:54',NULL),(101,16,'[\"realme-gt-neo-5-se.jpg\",\"realme-gt-neo-5-se-variant1.jpg\",\"realme-gt-neo-5-se-variant2.jpg\"]',11687000.00,10387000.00,5,18,7,'2025-08-24 08:05:54','2025-08-24 08:05:54',NULL),(102,16,'[\"realme-gt-neo-5-se.jpg\",\"realme-gt-neo-5-se-variant1.jpg\",\"realme-gt-neo-5-se-variant2.jpg\"]',8990000.00,7990000.00,6,22,4,'2025-08-24 08:05:54','2025-08-24 08:05:54',NULL),(103,16,'[\"realme-gt-neo-5-se.jpg\",\"realme-gt-neo-5-se-variant1.jpg\",\"realme-gt-neo-5-se-variant2.jpg\"]',11687000.00,10387000.00,20,22,7,'2025-08-24 08:05:54','2025-08-24 08:05:54',NULL),(104,17,'[\"realme-11-pro-plus.jpg\",\"realme-11-pro-plus-variant1.jpg\",\"realme-11-pro-plus-variant2.jpg\"]',12990000.00,11990000.00,10,10,2,'2025-08-24 08:05:54','2025-08-24 08:05:54',NULL),(105,17,'[\"realme-11-pro-plus.jpg\",\"realme-11-pro-plus-variant1.jpg\",\"realme-11-pro-plus-variant2.jpg\"]',12990000.00,11990000.00,20,10,3,'2025-08-24 08:05:54','2025-08-24 08:05:54',NULL),(106,17,'[\"realme-11-pro-plus.jpg\",\"realme-11-pro-plus-variant1.jpg\",\"realme-11-pro-plus-variant2.jpg\"]',12990000.00,11990000.00,16,13,2,'2025-08-24 08:05:54','2025-08-24 08:05:54',NULL),(107,17,'[\"realme-11-pro-plus.jpg\",\"realme-11-pro-plus-variant1.jpg\",\"realme-11-pro-plus-variant2.jpg\"]',12990000.00,11990000.00,9,13,3,'2025-08-24 08:05:54','2025-08-24 08:05:54',NULL),(108,18,'[\"oneplus-12.jpg\",\"oneplus-12-variant1.jpg\",\"oneplus-12-variant2.jpg\"]',19990000.00,17990000.00,7,40,3,'2025-08-24 08:05:54','2025-08-24 08:05:54',NULL),(109,18,'[\"oneplus-12.jpg\",\"oneplus-12-variant1.jpg\",\"oneplus-12-variant2.jpg\"]',25987000.00,23387000.00,12,40,7,'2025-08-24 08:05:54','2025-08-24 08:05:54',NULL),(110,18,'[\"oneplus-12.jpg\",\"oneplus-12-variant1.jpg\",\"oneplus-12-variant2.jpg\"]',19990000.00,17990000.00,13,44,3,'2025-08-24 08:05:54','2025-08-24 08:05:54',NULL),(111,18,'[\"oneplus-12.jpg\",\"oneplus-12-variant1.jpg\",\"oneplus-12-variant2.jpg\"]',25987000.00,23387000.00,5,44,7,'2025-08-24 08:05:54','2025-08-24 08:05:54',NULL),(112,19,'[\"oneplus-12r.jpg\",\"oneplus-12r-variant1.jpg\",\"oneplus-12r-variant2.jpg\"]',15990000.00,13990000.00,49696,22,3,'2025-08-24 08:05:54','2025-08-25 04:01:41',NULL),(113,19,'[\"oneplus-12r.jpg\",\"oneplus-12r-variant1.jpg\",\"oneplus-12r-variant2.jpg\"]',17589000.00,15389000.00,12,22,5,'2025-08-24 08:05:54','2025-08-24 08:05:54',NULL),(114,19,'[\"oneplus-12r.jpg\",\"oneplus-12r-variant1.jpg\",\"oneplus-12r-variant2.jpg\"]',19188000.00,16788000.00,10,22,6,'2025-08-24 08:05:54','2025-08-25 06:50:56',NULL),(115,19,'[\"oneplus-12r.jpg\",\"oneplus-12r-variant1.jpg\",\"oneplus-12r-variant2.jpg\"]',15990000.00,13990000.00,7,34,3,'2025-08-24 08:05:54','2025-08-24 08:05:54',NULL),(116,19,'[\"oneplus-12r.jpg\",\"oneplus-12r-variant1.jpg\",\"oneplus-12r-variant2.jpg\"]',17589000.00,15389000.00,8,34,5,'2025-08-24 08:05:54','2025-08-24 08:05:54',NULL),(117,19,'[\"oneplus-12r.jpg\",\"oneplus-12r-variant1.jpg\",\"oneplus-12r-variant2.jpg\"]',19188000.00,16788000.00,8,34,6,'2025-08-24 08:05:54','2025-08-24 08:05:54',NULL),(118,20,'[\"huawei-pura-70-ultra.jpg\",\"huawei-pura-70-ultra-variant1.jpg\",\"huawei-pura-70-ultra-variant2.jpg\"]',24990000.00,22990000.00,4,3,1,'2025-08-24 08:05:54','2025-08-25 06:14:02',NULL),(119,20,'[\"huawei-pura-70-ultra.jpg\",\"huawei-pura-70-ultra-variant1.jpg\",\"huawei-pura-70-ultra-variant2.jpg\"]',24990000.00,22990000.00,16,3,2,'2025-08-24 08:05:54','2025-08-24 08:05:54',NULL),(120,20,'[\"huawei-pura-70-ultra.jpg\",\"huawei-pura-70-ultra-variant1.jpg\",\"huawei-pura-70-ultra-variant2.jpg\"]',24990000.00,22990000.00,4,37,1,'2025-08-24 08:05:54','2025-08-24 14:14:40',NULL),(121,20,'[\"huawei-pura-70-ultra.jpg\",\"huawei-pura-70-ultra-variant1.jpg\",\"huawei-pura-70-ultra-variant2.jpg\"]',24990000.00,22990000.00,18,37,2,'2025-08-24 08:05:54','2025-08-24 08:05:54',NULL),(122,21,'[\"huawei-nova-12.jpg\",\"huawei-nova-12-variant1.jpg\",\"huawei-nova-12-variant2.jpg\"]',12990000.00,11990000.00,0,23,2,'2025-08-24 08:05:54','2025-08-25 06:55:20',NULL),(123,21,'[\"huawei-nova-12.jpg\",\"huawei-nova-12-variant1.jpg\",\"huawei-nova-12-variant2.jpg\"]',12990000.00,11990000.00,13,23,3,'2025-08-24 08:05:54','2025-08-24 08:05:54',NULL),(124,21,'[\"huawei-nova-12.jpg\",\"huawei-nova-12-variant1.jpg\",\"huawei-nova-12-variant2.jpg\"]',15588000.00,14388000.00,15,23,6,'2025-08-24 08:05:54','2025-08-25 05:43:18',NULL),(125,21,'[\"huawei-nova-12.jpg\",\"huawei-nova-12-variant1.jpg\",\"huawei-nova-12-variant2.jpg\"]',12990000.00,11990000.00,7,40,2,'2025-08-24 08:05:54','2025-08-25 04:54:35',NULL),(126,21,'[\"huawei-nova-12.jpg\",\"huawei-nova-12-variant1.jpg\",\"huawei-nova-12-variant2.jpg\"]',12990000.00,11990000.00,9,40,3,'2025-08-24 08:05:54','2025-08-24 08:05:54',NULL),(127,21,'[\"huawei-nova-12.jpg\",\"huawei-nova-12-variant1.jpg\",\"huawei-nova-12-variant2.jpg\"]',15588000.00,14388000.00,16,40,6,'2025-08-24 08:05:54','2025-08-24 08:05:54',NULL),(128,22,'[\"nokia-g60.jpg\",\"nokia-g60-variant1.jpg\",\"nokia-g60-variant2.jpg\"]',6589000.00,5489000.00,18,11,5,'2025-08-24 08:05:54','2025-08-24 08:05:54',NULL),(129,22,'[\"nokia-g60.jpg\",\"nokia-g60-variant1.jpg\",\"nokia-g60-variant2.jpg\"]',7787000.00,6487000.00,16,11,7,'2025-08-24 08:05:54','2025-08-24 08:05:54',NULL),(130,22,'[\"nokia-g60.jpg\",\"nokia-g60-variant1.jpg\",\"nokia-g60-variant2.jpg\"]',6589000.00,5489000.00,5,12,5,'2025-08-24 08:05:54','2025-08-24 08:05:54',NULL),(131,22,'[\"nokia-g60.jpg\",\"nokia-g60-variant1.jpg\",\"nokia-g60-variant2.jpg\"]',7787000.00,6487000.00,5,12,7,'2025-08-24 08:05:54','2025-08-24 08:05:54',NULL),(132,22,'[\"nokia-g60.jpg\",\"nokia-g60-variant1.jpg\",\"nokia-g60-variant2.jpg\"]',6589000.00,5489000.00,10,36,5,'2025-08-24 08:05:54','2025-08-24 08:05:54',NULL),(133,22,'[\"nokia-g60.jpg\",\"nokia-g60-variant1.jpg\",\"nokia-g60-variant2.jpg\"]',7787000.00,6487000.00,16,36,7,'2025-08-24 08:05:54','2025-08-24 08:05:54',NULL),(134,23,'[\"motorola-edge-40.jpg\",\"motorola-edge-40-variant1.jpg\",\"motorola-edge-40-variant2.jpg\"]',9990000.00,8990000.00,20,13,1,'2025-08-24 08:05:54','2025-08-24 08:05:54',NULL),(135,23,'[\"motorola-edge-40.jpg\",\"motorola-edge-40-variant1.jpg\",\"motorola-edge-40-variant2.jpg\"]',9990000.00,8990000.00,13,13,3,'2025-08-24 08:05:54','2025-08-24 08:05:54',NULL),(136,23,'[\"motorola-edge-40.jpg\",\"motorola-edge-40-variant1.jpg\",\"motorola-edge-40-variant2.jpg\"]',13986000.00,12586000.00,6,13,8,'2025-08-24 08:05:54','2025-08-24 08:05:54',NULL),(137,23,'[\"motorola-edge-40.jpg\",\"motorola-edge-40-variant1.jpg\",\"motorola-edge-40-variant2.jpg\"]',9990000.00,8990000.00,10,42,1,'2025-08-24 08:05:54','2025-08-24 08:05:54',NULL),(138,23,'[\"motorola-edge-40.jpg\",\"motorola-edge-40-variant1.jpg\",\"motorola-edge-40-variant2.jpg\"]',9990000.00,8990000.00,20,42,3,'2025-08-24 08:05:54','2025-08-24 08:05:54',NULL),(139,23,'[\"motorola-edge-40.jpg\",\"motorola-edge-40-variant1.jpg\",\"motorola-edge-40-variant2.jpg\"]',13986000.00,12586000.00,6,42,8,'2025-08-24 08:05:54','2025-08-24 08:05:54',NULL),(140,24,'[\"asus-rog-phone-8.jpg\",\"asus-rog-phone-8-variant1.jpg\",\"asus-rog-phone-8-variant2.jpg\"]',22990000.00,20990000.00,10,20,3,'2025-08-24 08:05:54','2025-08-24 08:05:54',NULL),(141,24,'[\"asus-rog-phone-8.jpg\",\"asus-rog-phone-8-variant1.jpg\",\"asus-rog-phone-8-variant2.jpg\"]',25289000.00,23089000.00,16,20,5,'2025-08-24 08:05:54','2025-08-24 08:05:54',NULL),(142,24,'[\"asus-rog-phone-8.jpg\",\"asus-rog-phone-8-variant1.jpg\",\"asus-rog-phone-8-variant2.jpg\"]',27588000.00,25188000.00,17,20,6,'2025-08-24 08:05:54','2025-08-24 08:05:54',NULL),(143,24,'[\"asus-rog-phone-8.jpg\",\"asus-rog-phone-8-variant1.jpg\",\"asus-rog-phone-8-variant2.jpg\"]',22990000.00,20990000.00,17,23,3,'2025-08-24 08:05:54','2025-08-25 04:27:58',NULL),(144,24,'[\"asus-rog-phone-8.jpg\",\"asus-rog-phone-8-variant1.jpg\",\"asus-rog-phone-8-variant2.jpg\"]',25289000.00,23089000.00,7,23,5,'2025-08-24 08:05:54','2025-08-24 08:05:54',NULL),(145,24,'[\"asus-rog-phone-8.jpg\",\"asus-rog-phone-8-variant1.jpg\",\"asus-rog-phone-8-variant2.jpg\"]',27588000.00,25188000.00,17,23,6,'2025-08-24 08:05:54','2025-08-24 08:05:54',NULL),(146,24,'[\"asus-rog-phone-8.jpg\",\"asus-rog-phone-8-variant1.jpg\",\"asus-rog-phone-8-variant2.jpg\"]',22990000.00,20990000.00,19,34,3,'2025-08-24 08:05:54','2025-08-24 08:05:54',NULL),(147,24,'[\"asus-rog-phone-8.jpg\",\"asus-rog-phone-8-variant1.jpg\",\"asus-rog-phone-8-variant2.jpg\"]',25289000.00,23089000.00,5,34,5,'2025-08-24 08:05:54','2025-08-24 08:05:54',NULL),(148,24,'[\"asus-rog-phone-8.jpg\",\"asus-rog-phone-8-variant1.jpg\",\"asus-rog-phone-8-variant2.jpg\"]',27588000.00,25188000.00,19,34,6,'2025-08-24 08:05:54','2025-08-24 09:36:11','2025-08-24 09:36:11'),(149,26,'[\"product-variants\\/A0GokbaqIqkyfjs4ez8NmtpPb4x43eN2khxcuC9G.webp\"]',30000000.00,29000000.00,1000,27,6,'2025-08-24 09:31:50','2025-08-24 09:31:50',NULL);
/*!40000 ALTER TABLE `product_variants` ENABLE KEYS */;
UNLOCK TABLES;

--
-- Table structure for table `products`
--

DROP TABLE IF EXISTS `products`;
/*!40101 SET @saved_cs_client     = @@character_set_client */;
/*!50503 SET character_set_client = utf8mb4 */;
CREATE TABLE `products` (
  `id` bigint unsigned NOT NULL AUTO_INCREMENT,
  `name` varchar(255) COLLATE utf8mb4_unicode_ci NOT NULL,
  `image` varchar(255) COLLATE utf8mb4_unicode_ci DEFAULT NULL,
  `price` decimal(15,2) DEFAULT NULL,
  `promotion_price` decimal(15,2) DEFAULT NULL,
  `compare_price` decimal(15,2) DEFAULT NULL COMMENT 'Giá so sánh (giá gốc)',
  `description` text COLLATE utf8mb4_unicode_ci,
  `brand` varchar(255) COLLATE utf8mb4_unicode_ci DEFAULT NULL COMMENT 'Thương hiệu sản phẩm',
  `model` varchar(255) COLLATE utf8mb4_unicode_ci DEFAULT NULL COMMENT 'Model sản phẩm',
  `sku` varchar(100) COLLATE utf8mb4_unicode_ci DEFAULT NULL COMMENT 'Mã SKU',
  `weight` decimal(8,2) DEFAULT NULL COMMENT 'Trọng lượng (kg)',
  `length` decimal(8,1) DEFAULT NULL COMMENT 'Chiều dài (cm)',
  `width` decimal(8,1) DEFAULT NULL COMMENT 'Chiều rộng (cm)',
  `height` decimal(8,1) DEFAULT NULL COMMENT 'Chiều cao (cm)',
  `warranty` int DEFAULT NULL COMMENT 'Thời gian bảo hành (tháng)',
  `origin` varchar(255) COLLATE utf8mb4_unicode_ci DEFAULT NULL COMMENT 'Xuất xứ sản phẩm',
  `meta_keywords` text COLLATE utf8mb4_unicode_ci COMMENT 'Từ khóa SEO',
  `meta_description` text COLLATE utf8mb4_unicode_ci COMMENT 'Mô tả SEO',
  `category_id` bigint unsigned NOT NULL,
  `status` tinyint NOT NULL DEFAULT '1',
  `view` int DEFAULT NULL,
  `stock_quantity` int DEFAULT NULL,
  `created_at` timestamp NULL DEFAULT NULL,
  `updated_at` timestamp NULL DEFAULT NULL,
  `deleted_at` timestamp NULL DEFAULT NULL,
  PRIMARY KEY (`id`),
  KEY `products_category_id_foreign` (`category_id`),
  CONSTRAINT `products_category_id_foreign` FOREIGN KEY (`category_id`) REFERENCES `categories` (`id`) ON DELETE CASCADE
) ENGINE=InnoDB AUTO_INCREMENT=27 DEFAULT CHARSET=utf8mb4 COLLATE=utf8mb4_unicode_ci;
/*!40101 SET character_set_client = @saved_cs_client */;

--
-- Dumping data for table `products`
--

LOCK TABLES `products` WRITE;
/*!40000 ALTER TABLE `products` DISABLE KEYS */;
INSERT INTO `products` VALUES (1,'iPhone 15 Pro Max','iphone-15-pro-max.jpg',34990000.00,32990000.00,NULL,'iPhone 15 Pro Max với chip A17 Pro, camera 48MP, màn hình 6.7 inch Super Retina XDR OLED',NULL,NULL,NULL,NULL,NULL,NULL,NULL,NULL,NULL,NULL,NULL,1,1,1325,50,'2025-08-24 08:05:53','2025-08-24 11:43:39',NULL),(2,'iPhone 15 Pro','iphone-15-pro.jpg',29990000.00,27990000.00,NULL,'iPhone 15 Pro với chip A17 Pro, camera 48MP, màn hình 6.1 inch Super Retina XDR OLED',NULL,NULL,NULL,NULL,NULL,NULL,NULL,NULL,NULL,NULL,NULL,1,1,980,45,'2025-08-24 08:05:53','2025-08-24 08:05:53',NULL),(3,'iPhone 15','iphone-15.jpg',24990000.00,22990000.00,NULL,'iPhone 15 với chip A16 Bionic, camera 48MP, màn hình 6.1 inch Super Retina XDR OLED',NULL,NULL,NULL,NULL,NULL,NULL,NULL,NULL,NULL,NULL,NULL,1,1,850,60,'2025-08-24 08:05:53','2025-08-24 08:05:53',NULL),(4,'Samsung Galaxy S24 Ultra','galaxy-s24-ultra.jpg',31990000.00,29990000.00,NULL,'Galaxy S24 Ultra với chip Snapdragon 8 Gen 3, camera 200MP, màn hình 6.8 inch Dynamic AMOLED 2X',NULL,NULL,NULL,NULL,NULL,NULL,NULL,NULL,NULL,NULL,NULL,2,1,1100,40,'2025-08-24 08:05:53','2025-08-24 08:05:53',NULL),(5,'Samsung Galaxy S24+','galaxy-s24-plus.jpg',26990000.00,24990000.00,NULL,'Galaxy S24+ với chip Snapdragon 8 Gen 3, camera 50MP, màn hình 6.7 inch Dynamic AMOLED 2X',NULL,NULL,NULL,NULL,NULL,NULL,NULL,NULL,NULL,NULL,NULL,2,1,920,55,'2025-08-24 08:05:53','2025-08-24 08:05:53',NULL),(6,'Samsung Galaxy A55','galaxy-a55.jpg',12990000.00,11990000.00,NULL,'Galaxy A55 với chip Exynos 1480, camera 50MP, màn hình 6.6 inch Super AMOLED',NULL,NULL,NULL,NULL,NULL,NULL,NULL,NULL,NULL,NULL,NULL,2,1,750,70,'2025-08-24 08:05:53','2025-08-24 08:05:53',NULL),(7,'Xiaomi 14 Ultra','xiaomi-14-ultra.jpg',24990000.00,22990000.00,NULL,'Xiaomi 14 Ultra với chip Snapdragon 8 Gen 3, camera 50MP Leica, màn hình 6.73 inch LTPO AMOLED',NULL,NULL,NULL,NULL,NULL,NULL,NULL,NULL,NULL,NULL,NULL,3,1,680,35,'2025-08-24 08:05:53','2025-08-24 08:05:53',NULL),(8,'Xiaomi 14','xiaomi-14.jpg',19990000.00,17990000.00,NULL,'Xiaomi 14 với chip Snapdragon 8 Gen 3, camera 50MP Leica, màn hình 6.36 inch LTPO AMOLED',NULL,NULL,NULL,NULL,NULL,NULL,NULL,NULL,NULL,NULL,NULL,3,1,590,50,'2025-08-24 08:05:53','2025-08-24 08:05:53',NULL),(9,'Xiaomi Redmi Note 13 Pro+','redmi-note-13-pro-plus.jpg',8990000.00,7990000.00,NULL,'Redmi Note 13 Pro+ với chip Dimensity 7200 Ultra, camera 200MP, màn hình 6.67 inch AMOLED',NULL,NULL,NULL,NULL,NULL,NULL,NULL,NULL,NULL,NULL,NULL,3,1,820,80,'2025-08-24 08:05:53','2025-08-24 08:05:53',NULL),(10,'OPPO Find X7 Ultra','oppo-find-x7-ultra.jpg',22990000.00,20990000.00,NULL,'OPPO Find X7 Ultra với chip Dimensity 9300, camera 50MP Hasselblad, màn hình 6.82 inch LTPO AMOLED',NULL,NULL,NULL,NULL,NULL,NULL,NULL,NULL,NULL,NULL,NULL,4,1,452,30,'2025-08-24 08:05:53','2025-08-25 04:52:27',NULL),(11,'OPPO Find X7','oppo-find-x7.jpg',18990000.00,16990000.00,NULL,'OPPO Find X7 với chip Dimensity 9300, camera 50MP Hasselblad, màn hình 6.78 inch LTPO AMOLED',NULL,NULL,NULL,NULL,NULL,NULL,NULL,NULL,NULL,NULL,NULL,4,1,381,45,'2025-08-24 08:05:53','2025-08-24 09:02:37',NULL),(12,'OPPO Reno 11','oppo-reno-11.jpg',9990000.00,8990000.00,NULL,'OPPO Reno 11 với chip Dimensity 7050, camera 50MP, màn hình 6.7 inch AMOLED',NULL,NULL,NULL,NULL,NULL,NULL,NULL,NULL,NULL,NULL,NULL,4,1,524,65,'2025-08-24 08:05:53','2025-08-24 09:17:54',NULL),(13,'Vivo X100 Pro','vivo-x100-pro.jpg',21990000.00,19990000.00,NULL,'Vivo X100 Pro với chip Dimensity 9300, camera 50MP Zeiss, màn hình 6.78 inch LTPO AMOLED',NULL,NULL,NULL,NULL,NULL,NULL,NULL,NULL,NULL,NULL,NULL,5,1,420,25,'2025-08-24 08:05:53','2025-08-24 08:05:53',NULL),(14,'Vivo X100','vivo-x100.jpg',17990000.00,15990000.00,NULL,'Vivo X100 với chip Dimensity 9300, camera 50MP Zeiss, màn hình 6.78 inch LTPO AMOLED',NULL,NULL,NULL,NULL,NULL,NULL,NULL,NULL,NULL,NULL,NULL,5,1,350,40,'2025-08-24 08:05:53','2025-08-24 08:05:53',NULL),(15,'Vivo V29','vivo-v29.jpg',12990000.00,11990000.00,NULL,'Vivo V29 với chip Snapdragon 778G, camera 50MP, màn hình 6.78 inch AMOLED',NULL,NULL,NULL,NULL,NULL,NULL,NULL,NULL,NULL,NULL,NULL,5,1,480,55,'2025-08-24 08:05:53','2025-08-24 08:05:53',NULL),(16,'Realme GT Neo 5 SE','realme-gt-neo-5-se.jpg',8990000.00,7990000.00,NULL,'Realme GT Neo 5 SE với chip Snapdragon 7+ Gen 2, camera 64MP, màn hình 6.74 inch AMOLED',NULL,NULL,NULL,NULL,NULL,NULL,NULL,NULL,NULL,NULL,NULL,6,1,380,60,'2025-08-24 08:05:53','2025-08-24 08:05:53',NULL),(17,'Realme 11 Pro+','realme-11-pro-plus.jpg',12990000.00,11990000.00,NULL,'Realme 11 Pro+ với chip Dimensity 7050, camera 200MP, màn hình 6.7 inch AMOLED',NULL,NULL,NULL,NULL,NULL,NULL,NULL,NULL,NULL,NULL,NULL,6,1,420,45,'2025-08-24 08:05:53','2025-08-24 08:05:53',NULL),(18,'OnePlus 12','oneplus-12.jpg',19990000.00,17990000.00,NULL,'OnePlus 12 với chip Snapdragon 8 Gen 3, camera 50MP Hasselblad, màn hình 6.82 inch LTPO AMOLED',NULL,NULL,NULL,NULL,NULL,NULL,NULL,NULL,NULL,NULL,NULL,7,1,350,30,'2025-08-24 08:05:53','2025-08-24 08:05:53',NULL),(19,'OnePlus 12R','oneplus-12r.jpg',15990000.00,13990000.00,NULL,'OnePlus 12R với chip Snapdragon 8 Gen 2, camera 50MP, màn hình 6.78 inch LTPO AMOLED',NULL,NULL,NULL,NULL,NULL,NULL,NULL,NULL,NULL,NULL,NULL,7,1,280,40,'2025-08-24 08:05:54','2025-08-24 08:05:54',NULL),(20,'Huawei Pura 70 Ultra','huawei-pura-70-ultra.jpg',24990000.00,22990000.00,NULL,'Huawei Pura 70 Ultra với chip Kirin 9010, camera 50MP XMAGE, màn hình 6.8 inch LTPO OLED',NULL,NULL,NULL,NULL,NULL,NULL,NULL,NULL,NULL,NULL,NULL,8,1,231,20,'2025-08-24 08:05:54','2025-08-24 14:13:29',NULL),(21,'Huawei Nova 12','huawei-nova-12.jpg',12990000.00,11990000.00,NULL,'Huawei Nova 12 với chip Kirin 830, camera 50MP, màn hình 6.7 inch OLED',NULL,NULL,NULL,NULL,NULL,NULL,NULL,NULL,NULL,NULL,NULL,8,1,214,35,'2025-08-24 08:05:54','2025-08-25 04:53:47',NULL),(22,'Nokia G60','nokia-g60.jpg',5990000.00,4990000.00,NULL,'Nokia G60 với chip Snapdragon 695, camera 50MP, màn hình 6.58 inch IPS LCD',NULL,NULL,NULL,NULL,NULL,NULL,NULL,NULL,NULL,NULL,NULL,9,1,150,50,'2025-08-24 08:05:54','2025-08-24 08:05:54',NULL),(23,'Motorola Edge 40','motorola-edge-40.jpg',9990000.00,8990000.00,NULL,'Motorola Edge 40 với chip Dimensity 8020, camera 50MP, màn hình 6.55 inch pOLED',NULL,NULL,NULL,NULL,NULL,NULL,NULL,NULL,NULL,NULL,NULL,10,1,220,40,'2025-08-24 08:05:54','2025-08-24 08:05:54',NULL),(24,'ASUS ROG Phone 8','asus-rog-phone-8.jpg',22990000.00,20990000.00,NULL,'ASUS ROG Phone 8 với chip Snapdragon 8 Gen 3, camera 50MP, màn hình 6.78 inch AMOLED',NULL,NULL,NULL,NULL,NULL,NULL,NULL,NULL,NULL,NULL,NULL,11,1,180,25,'2025-08-24 08:05:54','2025-08-24 08:05:54',NULL),(25,'Tét hông biến thể','products/R3vStuHhyubo4j6gQ9MhIwWUtvNYkYMIwGGbLRTU.jpg',100000.00,90000.00,120000.00,NULL,NULL,NULL,NULL,NULL,NULL,NULL,NULL,NULL,NULL,NULL,NULL,1,1,20,1000,'2025-08-24 09:18:52','2025-08-24 09:30:54','2025-08-24 09:30:54'),(26,'Nguyễn Văn Cường','products/MtvNtcUKqZnKvo7BhfRCh8aACaWPEhOCHCxGyhCg.jpg',0.00,NULL,NULL,NULL,NULL,NULL,NULL,NULL,NULL,NULL,NULL,NULL,NULL,NULL,NULL,1,1,1,0,'2025-08-24 09:31:13','2025-08-24 09:34:34','2025-08-24 09:34:34');
/*!40000 ALTER TABLE `products` ENABLE KEYS */;
UNLOCK TABLES;

--
-- Table structure for table `reviews`
--

DROP TABLE IF EXISTS `reviews`;
/*!40101 SET @saved_cs_client     = @@character_set_client */;
/*!50503 SET character_set_client = utf8mb4 */;
CREATE TABLE `reviews` (
  `id` bigint unsigned NOT NULL AUTO_INCREMENT,
  `user_id` bigint unsigned NOT NULL,
  `product_id` bigint unsigned NOT NULL,
  `order_id` bigint unsigned DEFAULT NULL,
  `name` varchar(255) COLLATE utf8mb4_unicode_ci DEFAULT NULL,
  `email` varchar(255) COLLATE utf8mb4_unicode_ci DEFAULT NULL,
  `rating` int DEFAULT NULL,
  `content` text COLLATE utf8mb4_unicode_ci,
  `image` varchar(255) COLLATE utf8mb4_unicode_ci DEFAULT NULL,
  `status` int NOT NULL DEFAULT '0',
  `deleted_at` timestamp NULL DEFAULT NULL,
  `created_at` timestamp NULL DEFAULT NULL,
  `updated_at` timestamp NULL DEFAULT NULL,
  PRIMARY KEY (`id`),
  KEY `reviews_user_id_foreign` (`user_id`),
  KEY `reviews_product_id_foreign` (`product_id`),
  KEY `reviews_order_id_foreign` (`order_id`),
  CONSTRAINT `reviews_order_id_foreign` FOREIGN KEY (`order_id`) REFERENCES `orders` (`id`) ON DELETE SET NULL,
  CONSTRAINT `reviews_product_id_foreign` FOREIGN KEY (`product_id`) REFERENCES `products` (`id`) ON DELETE CASCADE,
  CONSTRAINT `reviews_user_id_foreign` FOREIGN KEY (`user_id`) REFERENCES `users` (`id`) ON DELETE CASCADE
) ENGINE=InnoDB AUTO_INCREMENT=17 DEFAULT CHARSET=utf8mb4 COLLATE=utf8mb4_unicode_ci;
/*!40101 SET character_set_client = @saved_cs_client */;

--
-- Dumping data for table `reviews`
--

LOCK TABLES `reviews` WRITE;
/*!40000 ALTER TABLE `reviews` DISABLE KEYS */;
INSERT INTO `reviews` VALUES (1,1,6,NULL,'Nguyễn Văn A','nguyenvana@gmail.com',5,'Sản phẩm rất tốt, chất lượng vượt mong đợi. Tôi rất hài lòng với sản phẩm này. Giao hàng nhanh, đóng gói cẩn thận.',NULL,1,NULL,'2025-08-03 08:05:54','2025-08-24 08:05:54'),(2,3,1,NULL,'Trần Thị B','tranthib@gmail.com',4,'Sản phẩm tốt, đáng tiền. Chỉ có điều hơi lâu shipping thôi. Chất lượng ổn.',NULL,1,NULL,'2025-08-14 08:05:54','2025-08-24 08:05:54'),(3,3,10,NULL,'Lê Văn C','levanc@gmail.com',3,'Sản phẩm bình thường, không có gì đặc biệt. Giá hơi cao so với chất lượng.',NULL,0,NULL,'2025-08-14 08:05:54','2025-08-24 08:05:54'),(4,3,7,NULL,'Phạm Thị D','phamthid@gmail.com',5,'Tuyệt vời! Sản phẩm chính xác như mô tả. Shop phục vụ rất chu đáo. Sẽ mua lại.',NULL,1,NULL,'2025-08-10 08:05:54','2025-08-24 08:05:54'),(5,2,10,NULL,'Hoàng Văn E','hoangvane@gmail.com',2,'Sản phẩm không như mong đợi. Chất lượng kém, màu sắc không giống hình.',NULL,0,NULL,'2025-08-21 08:05:54','2025-08-24 08:05:54'),(6,4,4,NULL,'Vũ Thị F','vuthif@gmail.com',4,'Sản phẩm khá tốt, đóng gói cẩn thận. Giao hàng đúng hẹn. Giá cả hợp lý.',NULL,1,NULL,'2025-08-22 08:05:54','2025-08-24 08:05:54'),(7,2,9,NULL,'Đinh Văn G','dinhvang@gmail.com',5,'Chất lượng tuyệt vời! Đúng như mô tả, thậm chí còn đẹp hơn. Rất hài lòng.',NULL,1,NULL,'2025-08-10 08:05:54','2025-08-24 08:05:54'),(8,4,8,NULL,'Bùi Thị H','buithih@gmail.com',1,'Rất thất vọng với sản phẩm này. Chất lượng kém, không đáng đồng tiền nào.',NULL,0,NULL,'2025-08-15 08:05:54','2025-08-24 08:05:54'),(9,1,8,76,'Quản Trị Viên','admin@winstar.com',5,'Ssản phẩm quá là ok',NULL,1,NULL,'2025-08-24 10:45:12','2025-08-24 10:45:12'),(10,8,16,200,'Cường Nguyễn','nvcuong04.dev@gmail.com',5,'Sản phẩm không còn gì để chê',NULL,1,NULL,'2025-08-24 10:48:50','2025-08-24 10:48:50'),(11,8,19,211,'Cường Nguyễn','nvcuong04.dev@gmail.com',5,'Sản Phẩm Miễn bãn',NULL,1,NULL,'2025-08-24 11:25:43','2025-08-24 11:25:43'),(12,8,6,226,'Cường Nguyễn','nvcuong04.dev@gmail.com',5,'Sản phẩm quá tuyệt vời luôn',NULL,1,NULL,'2025-08-25 02:02:14','2025-08-25 02:02:14'),(13,8,10,239,'Cường Nguyễn','nvcuong04.dev@gmail.com',5,'Không còn gì để chê',NULL,1,NULL,'2025-08-25 04:52:10','2025-08-25 04:52:10'),(14,10,20,247,'vuou Thông','nguthong75@gmail.com',5,'sản phẩm quá tuyệt vời',NULL,1,NULL,'2025-08-25 05:52:51','2025-08-25 05:52:51'),(15,10,21,250,'vuou Thông','nguthong75@gmail.com',5,'sản phẩm tuyệt vời',NULL,1,NULL,'2025-08-25 06:18:40','2025-08-25 06:18:40'),(16,8,21,253,'Cường Nguyễn','nvcuong04.dev@gmail.com',5,'sản phẩm tuyệt vời',NULL,1,NULL,'2025-08-25 06:57:08','2025-08-25 06:57:08');
/*!40000 ALTER TABLE `reviews` ENABLE KEYS */;
UNLOCK TABLES;

--
-- Table structure for table `role_permissions`
--

DROP TABLE IF EXISTS `role_permissions`;
/*!40101 SET @saved_cs_client     = @@character_set_client */;
/*!50503 SET character_set_client = utf8mb4 */;
CREATE TABLE `role_permissions` (
  `id` bigint unsigned NOT NULL AUTO_INCREMENT,
  `role_id` bigint unsigned NOT NULL,
  `permission_id` bigint unsigned NOT NULL,
  `created_at` timestamp NULL DEFAULT NULL,
  `updated_at` timestamp NULL DEFAULT NULL,
  PRIMARY KEY (`id`),
  KEY `role_permissions_role_id_foreign` (`role_id`),
  KEY `role_permissions_permission_id_foreign` (`permission_id`),
  CONSTRAINT `role_permissions_permission_id_foreign` FOREIGN KEY (`permission_id`) REFERENCES `permissions` (`id`) ON DELETE CASCADE,
  CONSTRAINT `role_permissions_role_id_foreign` FOREIGN KEY (`role_id`) REFERENCES `roles` (`id`) ON DELETE CASCADE
) ENGINE=InnoDB AUTO_INCREMENT=51 DEFAULT CHARSET=utf8mb4 COLLATE=utf8mb4_unicode_ci;
/*!40101 SET character_set_client = @saved_cs_client */;

--
-- Dumping data for table `role_permissions`
--

LOCK TABLES `role_permissions` WRITE;
/*!40000 ALTER TABLE `role_permissions` DISABLE KEYS */;
INSERT INTO `role_permissions` VALUES (1,1,1,NULL,NULL),(2,1,2,NULL,NULL),(3,1,3,NULL,NULL),(4,1,4,NULL,NULL),(5,1,5,NULL,NULL),(6,1,6,NULL,NULL),(7,1,7,NULL,NULL),(8,1,8,NULL,NULL),(9,1,9,NULL,NULL),(10,1,10,NULL,NULL),(11,1,11,NULL,NULL),(12,1,12,NULL,NULL),(13,1,13,NULL,NULL),(14,1,14,NULL,NULL),(15,1,15,NULL,NULL),(16,1,16,NULL,NULL),(17,1,17,NULL,NULL),(18,1,18,NULL,NULL),(19,1,19,NULL,NULL),(20,1,20,NULL,NULL),(21,1,21,NULL,NULL),(22,1,22,NULL,NULL),(23,1,23,NULL,NULL),(24,1,24,NULL,NULL),(25,1,25,NULL,NULL),(26,1,26,NULL,NULL),(27,1,27,NULL,NULL),(28,1,28,NULL,NULL),(29,1,29,NULL,NULL),(30,1,30,NULL,NULL),(31,1,31,NULL,NULL),(32,1,32,NULL,NULL),(33,2,14,NULL,NULL),(34,2,15,NULL,NULL),(35,2,16,NULL,NULL),(36,2,18,NULL,NULL),(37,2,19,NULL,NULL),(38,2,20,NULL,NULL),(39,2,22,NULL,NULL),(40,2,23,NULL,NULL),(41,2,24,NULL,NULL),(42,2,25,NULL,NULL),(43,2,26,NULL,NULL),(44,2,27,NULL,NULL),(45,2,28,NULL,NULL),(46,2,30,NULL,NULL),(47,2,31,NULL,NULL),(48,2,32,NULL,NULL),(49,3,18,NULL,NULL),(50,3,22,NULL,NULL);
/*!40000 ALTER TABLE `role_permissions` ENABLE KEYS */;
UNLOCK TABLES;

--
-- Table structure for table `roles`
--

DROP TABLE IF EXISTS `roles`;
/*!40101 SET @saved_cs_client     = @@character_set_client */;
/*!50503 SET character_set_client = utf8mb4 */;
CREATE TABLE `roles` (
  `id` bigint unsigned NOT NULL AUTO_INCREMENT,
  `name` varchar(255) COLLATE utf8mb4_unicode_ci NOT NULL,
  `description` text COLLATE utf8mb4_unicode_ci,
  `created_at` timestamp NULL DEFAULT NULL,
  `updated_at` timestamp NULL DEFAULT NULL,
  PRIMARY KEY (`id`)
) ENGINE=InnoDB AUTO_INCREMENT=4 DEFAULT CHARSET=utf8mb4 COLLATE=utf8mb4_unicode_ci;
/*!40101 SET character_set_client = @saved_cs_client */;

--
-- Dumping data for table `roles`
--

LOCK TABLES `roles` WRITE;
/*!40000 ALTER TABLE `roles` DISABLE KEYS */;
INSERT INTO `roles` VALUES (1,'admin','Quản trị viên - quản lý hệ thống','2025-08-24 08:05:53','2025-08-24 08:05:53'),(2,'staff','Nhân viên - xử lý đơn hàng và quản lý sản phẩm','2025-08-24 08:05:53','2025-08-24 08:05:53'),(3,'user','Người dùng - quyền cơ bản','2025-08-24 08:05:53','2025-08-24 08:05:53');
/*!40000 ALTER TABLE `roles` ENABLE KEYS */;
UNLOCK TABLES;

--
-- Table structure for table `services`
--

DROP TABLE IF EXISTS `services`;
/*!40101 SET @saved_cs_client     = @@character_set_client */;
/*!50503 SET character_set_client = utf8mb4 */;
CREATE TABLE `services` (
  `id` bigint unsigned NOT NULL AUTO_INCREMENT,
  `icon` varchar(255) COLLATE utf8mb4_unicode_ci NOT NULL,
  `title` varchar(255) COLLATE utf8mb4_unicode_ci NOT NULL,
  `description` text COLLATE utf8mb4_unicode_ci NOT NULL,
  `order` int NOT NULL DEFAULT '0',
  `created_at` timestamp NULL DEFAULT NULL,
  `updated_at` timestamp NULL DEFAULT NULL,
  `deleted_at` timestamp NULL DEFAULT NULL,
  PRIMARY KEY (`id`)
) ENGINE=InnoDB AUTO_INCREMENT=7 DEFAULT CHARSET=utf8mb4 COLLATE=utf8mb4_unicode_ci;
/*!40101 SET character_set_client = @saved_cs_client */;

--
-- Dumping data for table `services`
--

LOCK TABLES `services` WRITE;
/*!40000 ALTER TABLE `services` DISABLE KEYS */;
INSERT INTO `services` VALUES (1,'icon-basket','Mua sắm trực tuyến','Trải nghiệm mua sắm tiện lợi, dễ dàng với giao diện thân thiện và quy trình đơn giản.',1,'2025-08-24 08:05:54','2025-08-24 08:05:54',NULL),(2,'icon-bike','Giao hàng tận nơi','Dịch vụ giao hàng nhanh chóng, đảm bảo sản phẩm đến tay khách hàng trong thời gian sớm nhất.',2,'2025-08-24 08:05:54','2025-08-24 08:05:54',NULL),(3,'icon-tools','Bảo hành sản phẩm','Chế độ bảo hành toàn diện, đổi trả linh hoạt đảm bảo quyền lợi tốt nhất cho khách hàng.',3,'2025-08-24 08:05:54','2025-08-24 08:05:54',NULL),(4,'icon-genius','Tư vấn chuyên nghiệp','Đội ngũ tư vấn viên giàu kinh nghiệm, hỗ trợ khách hàng chọn lựa sản phẩm phù hợp nhất.',4,'2025-08-24 08:05:54','2025-08-24 08:05:54',NULL),(5,'icon-mobile','Ứng dụng di động','Mua sắm mọi lúc mọi nơi với ứng dụng di động tiện lợi, tối ưu trải nghiệm người dùng.',5,'2025-08-24 08:05:54','2025-08-24 08:05:54',NULL),(6,'icon-lifesaver','Chăm sóc khách hàng','Dịch vụ chăm sóc khách hàng tận tâm, giải đáp mọi thắc mắc và hỗ trợ kịp thời.',6,'2025-08-24 08:05:54','2025-08-24 08:05:54',NULL);
/*!40000 ALTER TABLE `services` ENABLE KEYS */;
UNLOCK TABLES;

--
-- Table structure for table `storages`
--

DROP TABLE IF EXISTS `storages`;
/*!40101 SET @saved_cs_client     = @@character_set_client */;
/*!50503 SET character_set_client = utf8mb4 */;
CREATE TABLE `storages` (
  `id` bigint unsigned NOT NULL AUTO_INCREMENT,
  `capacity` varchar(50) COLLATE utf8mb4_unicode_ci NOT NULL,
  `created_at` timestamp NULL DEFAULT NULL,
  `updated_at` timestamp NULL DEFAULT NULL,
  PRIMARY KEY (`id`)
) ENGINE=InnoDB AUTO_INCREMENT=9 DEFAULT CHARSET=utf8mb4 COLLATE=utf8mb4_unicode_ci;
/*!40101 SET character_set_client = @saved_cs_client */;

--
-- Dumping data for table `storages`
--

LOCK TABLES `storages` WRITE;
/*!40000 ALTER TABLE `storages` DISABLE KEYS */;
INSERT INTO `storages` VALUES (1,'128GB','2025-08-24 08:05:48','2025-08-24 08:05:48'),(2,'32GB','2025-08-24 08:05:51','2025-08-24 08:05:51'),(3,'64GB','2025-08-24 08:05:51','2025-08-24 08:05:51'),(4,'128GB','2025-08-24 08:05:51','2025-08-24 08:05:51'),(5,'256GB','2025-08-24 08:05:51','2025-08-24 08:05:51'),(6,'512GB','2025-08-24 08:05:51','2025-08-24 08:05:51'),(7,'1TB','2025-08-24 08:05:51','2025-08-24 08:05:51'),(8,'2TB','2025-08-24 08:05:51','2025-08-24 08:05:51');
/*!40000 ALTER TABLE `storages` ENABLE KEYS */;
UNLOCK TABLES;

--
-- Table structure for table `user_point_vouchers`
--

DROP TABLE IF EXISTS `user_point_vouchers`;
/*!40101 SET @saved_cs_client     = @@character_set_client */;
/*!50503 SET character_set_client = utf8mb4 */;
CREATE TABLE `user_point_vouchers` (
  `id` bigint unsigned NOT NULL AUTO_INCREMENT,
  `user_id` bigint unsigned NOT NULL,
  `point_voucher_id` bigint unsigned NOT NULL,
  `voucher_code` varchar(255) COLLATE utf8mb4_unicode_ci NOT NULL,
  `status` enum('active','used','expired') COLLATE utf8mb4_unicode_ci NOT NULL DEFAULT 'active',
  `expiry_date` date NOT NULL,
  `used_in_order_id` bigint unsigned DEFAULT NULL,
  `used_at` timestamp NULL DEFAULT NULL,
  `created_at` timestamp NULL DEFAULT NULL,
  `updated_at` timestamp NULL DEFAULT NULL,
  PRIMARY KEY (`id`),
  UNIQUE KEY `user_point_vouchers_voucher_code_unique` (`voucher_code`),
  KEY `user_point_vouchers_point_voucher_id_foreign` (`point_voucher_id`),
  KEY `user_point_vouchers_used_in_order_id_foreign` (`used_in_order_id`),
  KEY `user_point_vouchers_user_id_status_index` (`user_id`,`status`),
  KEY `user_point_vouchers_voucher_code_index` (`voucher_code`),
  KEY `user_point_vouchers_expiry_date_index` (`expiry_date`),
  CONSTRAINT `user_point_vouchers_point_voucher_id_foreign` FOREIGN KEY (`point_voucher_id`) REFERENCES `point_vouchers` (`id`) ON DELETE CASCADE,
  CONSTRAINT `user_point_vouchers_used_in_order_id_foreign` FOREIGN KEY (`used_in_order_id`) REFERENCES `orders` (`id`) ON DELETE SET NULL,
  CONSTRAINT `user_point_vouchers_user_id_foreign` FOREIGN KEY (`user_id`) REFERENCES `users` (`id`) ON DELETE CASCADE
) ENGINE=InnoDB DEFAULT CHARSET=utf8mb4 COLLATE=utf8mb4_unicode_ci;
/*!40101 SET character_set_client = @saved_cs_client */;

--
-- Dumping data for table `user_point_vouchers`
--

LOCK TABLES `user_point_vouchers` WRITE;
/*!40000 ALTER TABLE `user_point_vouchers` DISABLE KEYS */;
/*!40000 ALTER TABLE `user_point_vouchers` ENABLE KEYS */;
UNLOCK TABLES;

--
-- Table structure for table `user_roles`
--

DROP TABLE IF EXISTS `user_roles`;
/*!40101 SET @saved_cs_client     = @@character_set_client */;
/*!50503 SET character_set_client = utf8mb4 */;
CREATE TABLE `user_roles` (
  `id` bigint unsigned NOT NULL AUTO_INCREMENT,
  `user_id` bigint unsigned NOT NULL,
  `role_id` bigint unsigned NOT NULL,
  `created_at` timestamp NULL DEFAULT NULL,
  `updated_at` timestamp NULL DEFAULT NULL,
  PRIMARY KEY (`id`),
  KEY `user_roles_user_id_foreign` (`user_id`),
  KEY `user_roles_role_id_foreign` (`role_id`),
  CONSTRAINT `user_roles_role_id_foreign` FOREIGN KEY (`role_id`) REFERENCES `roles` (`id`) ON DELETE CASCADE,
  CONSTRAINT `user_roles_user_id_foreign` FOREIGN KEY (`user_id`) REFERENCES `users` (`id`) ON DELETE CASCADE
) ENGINE=InnoDB AUTO_INCREMENT=8 DEFAULT CHARSET=utf8mb4 COLLATE=utf8mb4_unicode_ci;
/*!40101 SET character_set_client = @saved_cs_client */;

--
-- Dumping data for table `user_roles`
--

LOCK TABLES `user_roles` WRITE;
/*!40000 ALTER TABLE `user_roles` DISABLE KEYS */;
INSERT INTO `user_roles` VALUES (1,1,1,NULL,NULL),(2,2,2,NULL,NULL),(3,3,3,NULL,NULL),(4,4,3,NULL,NULL),(5,8,3,NULL,NULL),(6,9,3,NULL,NULL),(7,10,3,NULL,NULL);
/*!40000 ALTER TABLE `user_roles` ENABLE KEYS */;
UNLOCK TABLES;

--
-- Table structure for table `users`
--

DROP TABLE IF EXISTS `users`;
/*!40101 SET @saved_cs_client     = @@character_set_client */;
/*!50503 SET character_set_client = utf8mb4 */;
CREATE TABLE `users` (
  `id` bigint unsigned NOT NULL AUTO_INCREMENT,
  `name` varchar(255) COLLATE utf8mb4_unicode_ci NOT NULL,
  `email` varchar(255) COLLATE utf8mb4_unicode_ci NOT NULL,
  `avatar` varchar(255) COLLATE utf8mb4_unicode_ci DEFAULT NULL,
  `email_verified_at` timestamp NULL DEFAULT NULL,
  `password` varchar(255) COLLATE utf8mb4_unicode_ci NOT NULL,
  `remember_token` varchar(100) COLLATE utf8mb4_unicode_ci DEFAULT NULL,
  `address` varchar(255) COLLATE utf8mb4_unicode_ci DEFAULT NULL,
  `city` varchar(255) COLLATE utf8mb4_unicode_ci DEFAULT NULL,
  `district` varchar(255) COLLATE utf8mb4_unicode_ci DEFAULT NULL,
  `ward` varchar(255) COLLATE utf8mb4_unicode_ci DEFAULT NULL,
  `phone` varchar(18) COLLATE utf8mb4_unicode_ci DEFAULT NULL,
  `status` tinyint NOT NULL DEFAULT '1',
  `created_at` timestamp NULL DEFAULT NULL,
  `updated_at` timestamp NULL DEFAULT NULL,
  `email_verification_code` varchar(6) COLLATE utf8mb4_unicode_ci DEFAULT NULL,
  `email_verification_expires_at` timestamp NULL DEFAULT NULL,
  PRIMARY KEY (`id`),
  UNIQUE KEY `users_email_unique` (`email`),
  UNIQUE KEY `users_phone_unique` (`phone`)
) ENGINE=InnoDB AUTO_INCREMENT=11 DEFAULT CHARSET=utf8mb4 COLLATE=utf8mb4_unicode_ci;
/*!40101 SET character_set_client = @saved_cs_client */;

--
-- Dumping data for table `users`
--

LOCK TABLES `users` WRITE;
/*!40000 ALTER TABLE `users` DISABLE KEYS */;
INSERT INTO `users` VALUES (1,'Quản Trị Viên','admin@winstar.com',NULL,NULL,'$2y$12$KTTOimiUoHCMyRFOsXPGdO98djbffrqg1t5LYHp1VKoCNeJVVzJxS',NULL,NULL,NULL,NULL,NULL,'0123456789',1,'2025-08-24 08:05:51','2025-08-24 08:05:51',NULL,NULL),(2,'Nhân Viên','staff@winstar.com',NULL,NULL,'$2y$12$yb0MlEKRyRfG/2JlMFy6Me9RnZiv9loGzh1qcqgi/UAyab6YjYiQu',NULL,NULL,NULL,NULL,NULL,'0123456790',1,'2025-08-24 08:05:52','2025-08-24 08:05:52',NULL,NULL),(3,'Nguyễn Văn An','user1@example.com',NULL,NULL,'$2y$12$xVhEbTIqBAFOleUwlaCIB.maWfIFFX6jU3ul6AcfqSbQj50poZdsC',NULL,'123 Nguyễn Trãi, Hà Nội','Hà Nội','Đống Đa','Láng Hạ','0987654321',1,'2025-08-24 08:05:52','2025-08-24 08:05:52',NULL,NULL),(4,'Trần Thị Bình','user2@example.com',NULL,NULL,'$2y$12$Qxk78BFXv/ElMjyZN2/6s.7SDRfMvCcblZQlPzHLMJ2kzXBQVu0A6',NULL,'456 Lê Lợi, TP. Hồ Chí Minh','TP. Hồ Chí Minh','Quận 1','Bến Nghé','0987654322',1,'2025-08-24 08:05:52','2025-08-24 08:05:52',NULL,NULL),(5,'Lê Văn Cường','user3@example.com',NULL,NULL,'$2y$12$XceFRAr121pScQBQbbYhKuPHJTKZ6mT52zXE5GW2K5xLFnvs0PEoC',NULL,'789 Trần Hưng Đạo, Đà Nẵng','Đà Nẵng','Hải Châu','Phước Ninh','0987654323',1,'2025-08-24 08:05:53','2025-08-24 08:05:53',NULL,NULL),(6,'Phạm Thị Dung','user4@example.com',NULL,NULL,'$2y$12$K1DPM14BzdFuo4TapX29bujAoL21THKXHpWsh0KSptD8iD9E4L1sG',NULL,'321 Lý Thường Kiệt, Cần Thơ','Cần Thơ','Ninh Kiều','An Hội','0987654324',1,'2025-08-24 08:05:53','2025-08-24 08:05:53',NULL,NULL),(7,'Hoàng Văn Em','user5@example.com',NULL,NULL,'$2y$12$TIZqnL39zwQYQZ51PE0keOSSUlwk/wbJy.IKsfC0SPxKcUYO2u9yO',NULL,'654 Nguyễn Huệ, Huế','Thừa Thiên Huế','Thành phố Huế','Phú Hội','0987654325',1,'2025-08-24 08:05:53','2025-08-24 08:05:53',NULL,NULL),(8,'Cường Nguyễn','nvcuong04.dev@gmail.com',NULL,'2025-08-24 08:06:49','$2y$12$rmh4OUVGQCM4BYiOXhc4q.hvP5VNQfUgmQNtbsAJpC.XriMi/Li0O',NULL,'123 nguyen hue','Tỉnh Bắc Giang','Huyện Sơn Động','Xã An Bá','0869555252',1,'2025-08-24 08:06:29','2025-08-24 09:01:47',NULL,NULL),(9,'Cường Nguyễn','cuong24102004pl@gmail.com',NULL,'2025-08-24 13:25:02','$2y$12$vbvecqRT1HfflXioV5QG9.1j4ecKlk.uSsam4fgujLXso/yvv69QW',NULL,'123 nguyen hue','Tỉnh Vĩnh Phúc','Thành phố Phúc Yên','Phường Phúc Thắng','0869555253',1,'2025-08-24 13:24:42','2025-08-24 14:12:56',NULL,NULL),(10,'vuou Thông','nguthong75@gmail.com',NULL,'2025-08-25 05:19:05','$2y$12$.q7VgeJsz/HggC4gAr7xW.ijf5FwN4kqtyJDQNZr4gQdauGttoKGi',NULL,NULL,NULL,NULL,NULL,'g1756099115xaa184',1,'2025-08-25 05:18:35','2025-08-25 05:19:05',NULL,NULL);
/*!40000 ALTER TABLE `users` ENABLE KEYS */;
UNLOCK TABLES;

--
-- Table structure for table `videos`
--

DROP TABLE IF EXISTS `videos`;
/*!40101 SET @saved_cs_client     = @@character_set_client */;
/*!50503 SET character_set_client = utf8mb4 */;
CREATE TABLE `videos` (
  `id` bigint unsigned NOT NULL AUTO_INCREMENT,
  `title` varchar(255) COLLATE utf8mb4_unicode_ci NOT NULL,
  `subtitle` varchar(255) COLLATE utf8mb4_unicode_ci DEFAULT NULL,
  `video_path` varchar(255) COLLATE utf8mb4_unicode_ci NOT NULL,
  `background` varchar(255) COLLATE utf8mb4_unicode_ci DEFAULT NULL,
  `created_at` timestamp NULL DEFAULT NULL,
  `updated_at` timestamp NULL DEFAULT NULL,
  PRIMARY KEY (`id`)
) ENGINE=InnoDB AUTO_INCREMENT=2 DEFAULT CHARSET=utf8mb4 COLLATE=utf8mb4_unicode_ci;
/*!40101 SET character_set_client = @saved_cs_client */;

--
-- Dumping data for table `videos`
--

LOCK TABLES `videos` WRITE;
/*!40000 ALTER TABLE `videos` DISABLE KEYS */;
INSERT INTO `videos` VALUES (1,'1','khogong có gì','videos/ZVYC8rmFN4YefOoNYLCIcs7gGaAloUF4IcteO45Z.mp4','videos/backgrounds/B7OXuky8Ehs3VqMYnWUTvuAxnTFqEMudTaLfY2uW.webp','2025-08-24 10:01:45','2025-08-24 10:01:45');
/*!40000 ALTER TABLE `videos` ENABLE KEYS */;
UNLOCK TABLES;

--
-- Temporary view structure for view `view_average_product_rating`
--

DROP TABLE IF EXISTS `view_average_product_rating`;
/*!50001 DROP VIEW IF EXISTS `view_average_product_rating`*/;
SET @saved_cs_client     = @@character_set_client;
/*!50503 SET character_set_client = utf8mb4 */;
/*!50001 CREATE VIEW `view_average_product_rating` AS SELECT 
 1 AS `product_id`,
 1 AS `avg_rating`*/;
SET character_set_client = @saved_cs_client;

--
-- Temporary view structure for view `view_daily_paid_revenue`
--

DROP TABLE IF EXISTS `view_daily_paid_revenue`;
/*!50001 DROP VIEW IF EXISTS `view_daily_paid_revenue`*/;
SET @saved_cs_client     = @@character_set_client;
/*!50503 SET character_set_client = utf8mb4 */;
/*!50001 CREATE VIEW `view_daily_paid_revenue` AS SELECT 
 1 AS `date`,
 1 AS `paid_revenue`*/;
SET character_set_client = @saved_cs_client;

--
-- Temporary view structure for view `view_daily_revenue`
--

DROP TABLE IF EXISTS `view_daily_revenue`;
/*!50001 DROP VIEW IF EXISTS `view_daily_revenue`*/;
SET @saved_cs_client     = @@character_set_client;
/*!50503 SET character_set_client = utf8mb4 */;
/*!50001 CREATE VIEW `view_daily_revenue` AS SELECT 
 1 AS `date`,
 1 AS `revenue`*/;
SET character_set_client = @saved_cs_client;

--
-- Temporary view structure for view `view_monthly_revenue`
--

DROP TABLE IF EXISTS `view_monthly_revenue`;
/*!50001 DROP VIEW IF EXISTS `view_monthly_revenue`*/;
SET @saved_cs_client     = @@character_set_client;
/*!50503 SET character_set_client = utf8mb4 */;
/*!50001 CREATE VIEW `view_monthly_revenue` AS SELECT 
 1 AS `month`,
 1 AS `revenue`*/;
SET character_set_client = @saved_cs_client;

--
-- Temporary view structure for view `view_most_viewed_products`
--

DROP TABLE IF EXISTS `view_most_viewed_products`;
/*!50001 DROP VIEW IF EXISTS `view_most_viewed_products`*/;
SET @saved_cs_client     = @@character_set_client;
/*!50503 SET character_set_client = utf8mb4 */;
/*!50001 CREATE VIEW `view_most_viewed_products` AS SELECT 
 1 AS `id`,
 1 AS `name`,
 1 AS `view`*/;
SET character_set_client = @saved_cs_client;

--
-- Temporary view structure for view `view_order_status_count`
--

DROP TABLE IF EXISTS `view_order_status_count`;
/*!50001 DROP VIEW IF EXISTS `view_order_status_count`*/;
SET @saved_cs_client     = @@character_set_client;
/*!50503 SET character_set_client = utf8mb4 */;
/*!50001 CREATE VIEW `view_order_status_count` AS SELECT 
 1 AS `status`,
 1 AS `count`,
 1 AS `created_at`*/;
SET character_set_client = @saved_cs_client;

--
-- Temporary view structure for view `view_paid_revenue`
--

DROP TABLE IF EXISTS `view_paid_revenue`;
/*!50001 DROP VIEW IF EXISTS `view_paid_revenue`*/;
SET @saved_cs_client     = @@character_set_client;
/*!50503 SET character_set_client = utf8mb4 */;
/*!50001 CREATE VIEW `view_paid_revenue` AS SELECT 
 1 AS `month`,
 1 AS `paid_revenue`*/;
SET character_set_client = @saved_cs_client;

--
-- Temporary view structure for view `view_revenue_by_category`
--

DROP TABLE IF EXISTS `view_revenue_by_category`;
/*!50001 DROP VIEW IF EXISTS `view_revenue_by_category`*/;
SET @saved_cs_client     = @@character_set_client;
/*!50503 SET character_set_client = utf8mb4 */;
/*!50001 CREATE VIEW `view_revenue_by_category` AS SELECT 
 1 AS `category_id`,
 1 AS `category_name`,
 1 AS `revenue`*/;
SET character_set_client = @saved_cs_client;

--
-- Temporary view structure for view `view_stock_by_color`
--

DROP TABLE IF EXISTS `view_stock_by_color`;
/*!50001 DROP VIEW IF EXISTS `view_stock_by_color`*/;
SET @saved_cs_client     = @@character_set_client;
/*!50503 SET character_set_client = utf8mb4 */;
/*!50001 CREATE VIEW `view_stock_by_color` AS SELECT 
 1 AS `color_id`,
 1 AS `color_name`,
 1 AS `total_stock`*/;
SET character_set_client = @saved_cs_client;

--
-- Temporary view structure for view `view_storage_variants`
--

DROP TABLE IF EXISTS `view_storage_variants`;
/*!50001 DROP VIEW IF EXISTS `view_storage_variants`*/;
SET @saved_cs_client     = @@character_set_client;
/*!50503 SET character_set_client = utf8mb4 */;
/*!50001 CREATE VIEW `view_storage_variants` AS SELECT 
 1 AS `storage_id`,
 1 AS `capacity`,
 1 AS `variant_count`*/;
SET character_set_client = @saved_cs_client;

--
-- Temporary view structure for view `view_top_coupons`
--

DROP TABLE IF EXISTS `view_top_coupons`;
/*!50001 DROP VIEW IF EXISTS `view_top_coupons`*/;
SET @saved_cs_client     = @@character_set_client;
/*!50503 SET character_set_client = utf8mb4 */;
/*!50001 CREATE VIEW `view_top_coupons` AS SELECT 
 1 AS `id`,
 1 AS `code`,
 1 AS `used_count`,
 1 AS `created_at`*/;
SET character_set_client = @saved_cs_client;

--
-- Temporary view structure for view `view_top_customers`
--

DROP TABLE IF EXISTS `view_top_customers`;
/*!50001 DROP VIEW IF EXISTS `view_top_customers`*/;
SET @saved_cs_client     = @@character_set_client;
/*!50503 SET character_set_client = utf8mb4 */;
/*!50001 CREATE VIEW `view_top_customers` AS SELECT 
 1 AS `id`,
 1 AS `name`,
 1 AS `email`,
 1 AS `phone`,
 1 AS `total_orders`,
 1 AS `total_spent`,
 1 AS `avg_order_value`,
 1 AS `first_order_date`,
 1 AS `last_order_date`,
 1 AS `total_earned_points`,
 1 AS `vip_level`*/;
SET character_set_client = @saved_cs_client;

--
-- Temporary view structure for view `view_top_products`
--

DROP TABLE IF EXISTS `view_top_products`;
/*!50001 DROP VIEW IF EXISTS `view_top_products`*/;
SET @saved_cs_client     = @@character_set_client;
/*!50503 SET character_set_client = utf8mb4 */;
/*!50001 CREATE VIEW `view_top_products` AS SELECT 
 1 AS `id`,
 1 AS `name`,
 1 AS `total_sold`,
 1 AS `created_at`*/;
SET character_set_client = @saved_cs_client;

--
-- Temporary view structure for view `view_total_stock_per_product`
--

DROP TABLE IF EXISTS `view_total_stock_per_product`;
/*!50001 DROP VIEW IF EXISTS `view_total_stock_per_product`*/;
SET @saved_cs_client     = @@character_set_client;
/*!50503 SET character_set_client = utf8mb4 */;
/*!50001 CREATE VIEW `view_total_stock_per_product` AS SELECT 
 1 AS `product_id`,
 1 AS `product_name`,
 1 AS `total_stock`*/;
SET character_set_client = @saved_cs_client;

--
-- Temporary view structure for view `view_user_status_count`
--

DROP TABLE IF EXISTS `view_user_status_count`;
/*!50001 DROP VIEW IF EXISTS `view_user_status_count`*/;
SET @saved_cs_client     = @@character_set_client;
/*!50503 SET character_set_client = utf8mb4 */;
/*!50001 CREATE VIEW `view_user_status_count` AS SELECT 
 1 AS `status`,
 1 AS `count`*/;
SET character_set_client = @saved_cs_client;

--
-- Table structure for table `vnpay_transactions`
--

DROP TABLE IF EXISTS `vnpay_transactions`;
/*!40101 SET @saved_cs_client     = @@character_set_client */;
/*!50503 SET character_set_client = utf8mb4 */;
CREATE TABLE `vnpay_transactions` (
  `id` bigint unsigned NOT NULL AUTO_INCREMENT,
  `order_id` bigint unsigned DEFAULT NULL,
  `vnp_TxnRef` varchar(255) COLLATE utf8mb4_unicode_ci DEFAULT NULL,
  `vnp_Amount` bigint DEFAULT NULL,
  `vnp_ResponseCode` varchar(10) COLLATE utf8mb4_unicode_ci DEFAULT NULL,
  `vnp_TransactionNo` varchar(50) COLLATE utf8mb4_unicode_ci DEFAULT NULL,
  `vnp_PayDate` varchar(20) COLLATE utf8mb4_unicode_ci DEFAULT NULL,
  `vnp_BankCode` varchar(50) COLLATE utf8mb4_unicode_ci DEFAULT NULL,
  `vnp_CardType` varchar(50) COLLATE utf8mb4_unicode_ci DEFAULT NULL,
  `vnp_SecureHash` varchar(255) COLLATE utf8mb4_unicode_ci DEFAULT NULL,
  `status` varchar(20) COLLATE utf8mb4_unicode_ci DEFAULT NULL,
  `message` varchar(255) COLLATE utf8mb4_unicode_ci DEFAULT NULL,
  `raw_data` json DEFAULT NULL,
  `created_at` timestamp NULL DEFAULT NULL,
  `updated_at` timestamp NULL DEFAULT NULL,
  PRIMARY KEY (`id`),
  KEY `vnpay_transactions_order_id_index` (`order_id`),
  CONSTRAINT `vnpay_transactions_order_id_foreign` FOREIGN KEY (`order_id`) REFERENCES `orders` (`id`) ON DELETE SET NULL
) ENGINE=InnoDB AUTO_INCREMENT=18 DEFAULT CHARSET=utf8mb4 COLLATE=utf8mb4_unicode_ci;
/*!40101 SET character_set_client = @saved_cs_client */;

--
-- Dumping data for table `vnpay_transactions`
--

LOCK TABLES `vnpay_transactions` WRITE;
/*!40000 ALTER TABLE `vnpay_transactions` DISABLE KEYS */;
INSERT INTO `vnpay_transactions` VALUES (1,225,'225_1756044880',2282000000,'00','15145581','20250824211626','NCB','ATM','a4a93ba05dfa28ef966ff79d8e6315bfea44884fc4a0081af76340815adf232761ccab0c4b429ddec3e6e0404fe26574d970e9089aa5cabffa40587fdde70d4e','success','Giao dịch thành công','{\"vnp_Amount\": \"2282000000\", \"vnp_TxnRef\": \"225_1756044880\", \"vnp_PayDate\": \"20250824211626\", \"vnp_TmnCode\": \"1VYBIYQP\", \"vnp_BankCode\": \"NCB\", \"vnp_CardType\": \"ATM\", \"vnp_OrderInfo\": \"Thanh toan don hang #WS17560448808504\", \"vnp_BankTranNo\": \"VNP15145581\", \"vnp_SecureHash\": \"a4a93ba05dfa28ef966ff79d8e6315bfea44884fc4a0081af76340815adf232761ccab0c4b429ddec3e6e0404fe26574d970e9089aa5cabffa40587fdde70d4e\", \"vnp_ResponseCode\": \"00\", \"vnp_TransactionNo\": \"15145581\", \"vnp_TransactionStatus\": \"00\"}','2025-08-24 14:14:40','2025-08-24 14:15:16'),(2,226,'226_1756087204',1202000000,'00','15146155','20250825090151','NCB','ATM','be426e84a2956c8f15cef56cd95dbbd28d56326ea786866946981ab9111dcbe25c9816c5c8cc5134e82f8881a5ab2f16f6cf5ba018d120583ab80344345d4f05','success','Giao dịch thành công','{\"vnp_Amount\": \"1202000000\", \"vnp_TxnRef\": \"226_1756087204\", \"vnp_PayDate\": \"20250825090151\", \"vnp_TmnCode\": \"1VYBIYQP\", \"vnp_BankCode\": \"NCB\", \"vnp_CardType\": \"ATM\", \"vnp_OrderInfo\": \"Thanh toan don hang #WS17560872049606\", \"vnp_BankTranNo\": \"VNP15146155\", \"vnp_SecureHash\": \"be426e84a2956c8f15cef56cd95dbbd28d56326ea786866946981ab9111dcbe25c9816c5c8cc5134e82f8881a5ab2f16f6cf5ba018d120583ab80344345d4f05\", \"vnp_ResponseCode\": \"00\", \"vnp_TransactionNo\": \"15146155\", \"vnp_TransactionStatus\": \"00\"}','2025-08-25 02:00:04','2025-08-25 02:00:41'),(3,227,'227_1756087601',1192000000,'24','0','20250825090802','VNPAY','QRCODE','2267950ffea43e83650a94341db97ec8ea60edefbe9a2f1742a79f471fb198129eac1241453af81c710669cdfb5e22c0c8327f15d1efeccec827b2c845367d6e','failed','Mã lỗi không xác định: 24','{\"vnp_Amount\": \"1192000000\", \"vnp_TxnRef\": \"227_1756087601\", \"vnp_PayDate\": \"20250825090802\", \"vnp_TmnCode\": \"1VYBIYQP\", \"vnp_BankCode\": \"VNPAY\", \"vnp_CardType\": \"QRCODE\", \"vnp_OrderInfo\": \"Thanh toan don hang #WS17560875993493\", \"vnp_SecureHash\": \"2267950ffea43e83650a94341db97ec8ea60edefbe9a2f1742a79f471fb198129eac1241453af81c710669cdfb5e22c0c8327f15d1efeccec827b2c845367d6e\", \"vnp_ResponseCode\": \"24\", \"vnp_TransactionNo\": \"0\", \"vnp_TransactionStatus\": \"02\"}','2025-08-25 02:06:41','2025-08-25 02:07:30'),(4,227,'227_1756087694',1192000000,NULL,NULL,NULL,NULL,NULL,NULL,'pending',NULL,'{\"vnp_Amount\": 1192000000, \"vnp_IpAddr\": \"127.0.0.1\", \"vnp_Locale\": \"vn\", \"vnp_TxnRef\": \"227_1756087694\", \"vnp_Command\": \"pay\", \"vnp_TmnCode\": \"1VYBIYQP\", \"vnp_Version\": \"2.1.0\", \"vnp_CurrCode\": \"VND\", \"vnp_OrderInfo\": \"Thanh toan don hang #WS17560875993493\", \"vnp_OrderType\": \"billpayment\", \"vnp_ReturnUrl\": \"http://localhost:8000/payment/vnpay-return\", \"vnp_CreateDate\": \"20250825090814\"}','2025-08-25 02:08:14','2025-08-25 02:08:14'),(6,228,'228_1756088721',1402000000,'00','15146197','20250825092710','NCB','ATM','fc5d0b57b806d22c388570f8f6d736118b834d93d70c46d8e7c2e851b5f953f0595c3a930f6404f9885dcaa2cd46a83226d73f1cfc096c0fd959863c02c5b6ef','success','Giao dịch thành công','{\"vnp_Amount\": \"1402000000\", \"vnp_TxnRef\": \"228_1756088721\", \"vnp_PayDate\": \"20250825092710\", \"vnp_TmnCode\": \"1VYBIYQP\", \"vnp_BankCode\": \"NCB\", \"vnp_CardType\": \"ATM\", \"vnp_OrderInfo\": \"Thanh toan don hang #WS17560887218784\", \"vnp_BankTranNo\": \"VNP15146197\", \"vnp_SecureHash\": \"fc5d0b57b806d22c388570f8f6d736118b834d93d70c46d8e7c2e851b5f953f0595c3a930f6404f9885dcaa2cd46a83226d73f1cfc096c0fd959863c02c5b6ef\", \"vnp_ResponseCode\": \"00\", \"vnp_TransactionNo\": \"15146197\", \"vnp_TransactionStatus\": \"00\"}','2025-08-25 02:25:21','2025-08-25 02:25:59'),(7,229,'229_1756089374',2302000000,'00','15146223','20250825093752','NCB','ATM','fa840009130bf419f168a5dc0d3229503b954d7ff8b75389a07b23800b9105ebf204f55a8bec47f0b275129746ee073bf8802e32a7b67eafbc9fb0af2c596236','success','Giao dịch thành công','{\"vnp_Amount\": \"2302000000\", \"vnp_TxnRef\": \"229_1756089374\", \"vnp_PayDate\": \"20250825093752\", \"vnp_TmnCode\": \"1VYBIYQP\", \"vnp_BankCode\": \"NCB\", \"vnp_CardType\": \"ATM\", \"vnp_OrderInfo\": \"Thanh toan don hang #WS17560893748799\", \"vnp_BankTranNo\": \"VNP15146223\", \"vnp_SecureHash\": \"fa840009130bf419f168a5dc0d3229503b954d7ff8b75389a07b23800b9105ebf204f55a8bec47f0b275129746ee073bf8802e32a7b67eafbc9fb0af2c596236\", \"vnp_ResponseCode\": \"00\", \"vnp_TransactionNo\": \"15146223\", \"vnp_TransactionStatus\": \"00\"}','2025-08-25 02:36:14','2025-08-25 02:36:43'),(8,231,'231_1756090477',1402000000,'00','15146270','20250825095618','NCB','ATM','a92e502e9ffe9c7194eae5c0956d31ad72bd4caf77fef4d251d7f12e0d66e6bab4124f65540d938f87d040689b4739ca75c0810e5f9c61e5ce52fb3c9fa2a2a4','success','Giao dịch thành công','{\"vnp_Amount\": \"1402000000\", \"vnp_TxnRef\": \"231_1756090477\", \"vnp_PayDate\": \"20250825095618\", \"vnp_TmnCode\": \"1VYBIYQP\", \"vnp_BankCode\": \"NCB\", \"vnp_CardType\": \"ATM\", \"vnp_OrderInfo\": \"Thanh toan don hang #WS17560904773618\", \"vnp_BankTranNo\": \"VNP15146270\", \"vnp_SecureHash\": \"a92e502e9ffe9c7194eae5c0956d31ad72bd4caf77fef4d251d7f12e0d66e6bab4124f65540d938f87d040689b4739ca75c0810e5f9c61e5ce52fb3c9fa2a2a4\", \"vnp_ResponseCode\": \"00\", \"vnp_TransactionNo\": \"15146270\", \"vnp_TransactionStatus\": \"00\"}','2025-08-25 02:54:37','2025-08-25 02:55:04'),(9,232,'232_1756091344',1402000000,'00','15146313','20250825101043','NCB','ATM','73fcd860a0ac764351e52051dc1c693d3bbfc252afc927b016f10673deda99487fa093b05829a5e1b47601fa51d7aa99348ff4dbb94f4b8968263d9222f3a0d8','success','Giao dịch thành công','{\"vnp_Amount\": \"1402000000\", \"vnp_TxnRef\": \"232_1756091344\", \"vnp_PayDate\": \"20250825101043\", \"vnp_TmnCode\": \"1VYBIYQP\", \"vnp_BankCode\": \"NCB\", \"vnp_CardType\": \"ATM\", \"vnp_OrderInfo\": \"Thanh toan don hang #WS17560913447398\", \"vnp_BankTranNo\": \"VNP15146313\", \"vnp_SecureHash\": \"73fcd860a0ac764351e52051dc1c693d3bbfc252afc927b016f10673deda99487fa093b05829a5e1b47601fa51d7aa99348ff4dbb94f4b8968263d9222f3a0d8\", \"vnp_ResponseCode\": \"00\", \"vnp_TransactionNo\": \"15146313\", \"vnp_TransactionStatus\": \"00\"}','2025-08-25 03:09:04','2025-08-25 03:09:28'),(10,241,'241_1756097675',3211120000,'00','15146576','20250825115615','NCB','ATM','cbea9060f840e5666e4d886c411a4211102909dd3916f7c2505a84a12704d60ae63fbd513b8e6e4b8a4c618846673c683954b83e146c6f28c49f211cbf565d21','success','Giao dịch thành công','{\"vnp_Amount\": \"3211120000\", \"vnp_TxnRef\": \"241_1756097675\", \"vnp_PayDate\": \"20250825115615\", \"vnp_TmnCode\": \"1VYBIYQP\", \"vnp_BankCode\": \"NCB\", \"vnp_CardType\": \"ATM\", \"vnp_OrderInfo\": \"Thanh toan don hang #WS17560976756129\", \"vnp_BankTranNo\": \"VNP15146576\", \"vnp_SecureHash\": \"cbea9060f840e5666e4d886c411a4211102909dd3916f7c2505a84a12704d60ae63fbd513b8e6e4b8a4c618846673c683954b83e146c6f28c49f211cbf565d21\", \"vnp_ResponseCode\": \"00\", \"vnp_TransactionNo\": \"15146576\", \"vnp_TransactionStatus\": \"00\"}','2025-08-25 04:54:35','2025-08-25 04:55:01'),(11,242,'242_1756099230',2931600000,'00','15146606','20250825122221','NCB','ATM','794a3044b4da9c2d3fe0eb176d1db1d0c84b838d4c53f54c4f080ef0a679d5ea72d69a39eb0c2bb113c205fff8186a1c3c4b1006f5c7509f118c06c386586574','success','Giao dịch thành công','{\"vnp_Amount\": \"2931600000\", \"vnp_TxnRef\": \"242_1756099230\", \"vnp_PayDate\": \"20250825122221\", \"vnp_TmnCode\": \"1VYBIYQP\", \"vnp_BankCode\": \"NCB\", \"vnp_CardType\": \"ATM\", \"vnp_OrderInfo\": \"Thanh toan don hang #WS17560992301972\", \"vnp_BankTranNo\": \"VNP15146606\", \"vnp_SecureHash\": \"794a3044b4da9c2d3fe0eb176d1db1d0c84b838d4c53f54c4f080ef0a679d5ea72d69a39eb0c2bb113c205fff8186a1c3c4b1006f5c7509f118c06c386586574\", \"vnp_ResponseCode\": \"00\", \"vnp_TransactionNo\": \"15146606\", \"vnp_TransactionStatus\": \"00\"}','2025-08-25 05:20:31','2025-08-25 05:21:11'),(12,243,'243_1756099646',2931600000,'00','15146614','20250825122908','NCB','ATM','83f3db777c3764a9408cd4dd722cf9256acf25d96862e6ad566f3cec023cc53b55a55f0a30fb337277708504371f9347844812385ab2249c1bdbc359ed1f6329','success','Giao dịch thành công','{\"vnp_Amount\": \"2931600000\", \"vnp_TxnRef\": \"243_1756099646\", \"vnp_PayDate\": \"20250825122908\", \"vnp_TmnCode\": \"1VYBIYQP\", \"vnp_BankCode\": \"NCB\", \"vnp_CardType\": \"ATM\", \"vnp_OrderInfo\": \"Thanh toan don hang #WS17560996468858\", \"vnp_BankTranNo\": \"VNP15146614\", \"vnp_SecureHash\": \"83f3db777c3764a9408cd4dd722cf9256acf25d96862e6ad566f3cec023cc53b55a55f0a30fb337277708504371f9347844812385ab2249c1bdbc359ed1f6329\", \"vnp_ResponseCode\": \"00\", \"vnp_TransactionNo\": \"15146614\", \"vnp_TransactionStatus\": \"00\"}','2025-08-25 05:27:26','2025-08-25 05:27:59'),(13,244,'244_1756099971',2282000000,'00','15146621','20250825123433','NCB','ATM','d9e6fbc6bfeefe624c78ca505c73c1a3d65e27bdf907cd1621a7005cfa8ad023f3344c632bd02568f491b75530245b7ae4550367703953c423aa2d6ee4b8385f','success','Giao dịch thành công','{\"vnp_Amount\": \"2282000000\", \"vnp_TxnRef\": \"244_1756099971\", \"vnp_PayDate\": \"20250825123433\", \"vnp_TmnCode\": \"1VYBIYQP\", \"vnp_BankCode\": \"NCB\", \"vnp_CardType\": \"ATM\", \"vnp_OrderInfo\": \"Thanh toan don hang #WS17560999714752\", \"vnp_BankTranNo\": \"VNP15146621\", \"vnp_SecureHash\": \"d9e6fbc6bfeefe624c78ca505c73c1a3d65e27bdf907cd1621a7005cfa8ad023f3344c632bd02568f491b75530245b7ae4550367703953c423aa2d6ee4b8385f\", \"vnp_ResponseCode\": \"00\", \"vnp_TransactionNo\": \"15146621\", \"vnp_TransactionStatus\": \"00\"}','2025-08-25 05:32:51','2025-08-25 05:33:18'),(14,245,'245_1756100558',3110400000,'00','15146635','20250825124423','NCB','ATM','8bf6b95ba7714b47ea78d130bd3a8e9a65123dee5e82f91a4e073845d15cabc13025ed70705658ab9fe0b8de144b372eeef5dbe991101dfc618dc6fd81cc0c89','success','Giao dịch thành công','{\"vnp_Amount\": \"3110400000\", \"vnp_TxnRef\": \"245_1756100558\", \"vnp_PayDate\": \"20250825124423\", \"vnp_TmnCode\": \"1VYBIYQP\", \"vnp_BankCode\": \"NCB\", \"vnp_CardType\": \"ATM\", \"vnp_OrderInfo\": \"Thanh toan don hang #WS17561005582524\", \"vnp_BankTranNo\": \"VNP15146635\", \"vnp_SecureHash\": \"8bf6b95ba7714b47ea78d130bd3a8e9a65123dee5e82f91a4e073845d15cabc13025ed70705658ab9fe0b8de144b372eeef5dbe991101dfc618dc6fd81cc0c89\", \"vnp_ResponseCode\": \"00\", \"vnp_TransactionNo\": \"15146635\", \"vnp_TransactionStatus\": \"00\"}','2025-08-25 05:42:38','2025-08-25 05:43:12'),(15,246,'246_1756100916',0,NULL,NULL,NULL,NULL,NULL,NULL,'pending',NULL,'{\"vnp_Amount\": 0, \"vnp_IpAddr\": \"127.0.0.1\", \"vnp_Locale\": \"vn\", \"vnp_TxnRef\": \"246_1756100916\", \"vnp_Command\": \"pay\", \"vnp_TmnCode\": \"1VYBIYQP\", \"vnp_Version\": \"2.1.0\", \"vnp_CurrCode\": \"VND\", \"vnp_OrderInfo\": \"Thanh toan don hang #WS17561009168205\", \"vnp_OrderType\": \"billpayment\", \"vnp_ReturnUrl\": \"http://localhost:8000/payment/vnpay-return\", \"vnp_CreateDate\": \"20250825124836\"}','2025-08-25 05:48:36','2025-08-25 05:48:36'),(16,247,'247_1756101050',2282000000,'00','15146651','20250825125229','NCB','ATM','45e0173091c837fd6f99d0fdf09eb55e8de08491193b3bf0db9c47e63c67aafbeaf9f85695a3b201e887459924db60ac4999e52c5257d8cb7182d0f2ce2a0ea6','success','Giao dịch thành công','{\"vnp_Amount\": \"2282000000\", \"vnp_TxnRef\": \"247_1756101050\", \"vnp_PayDate\": \"20250825125229\", \"vnp_TmnCode\": \"1VYBIYQP\", \"vnp_BankCode\": \"NCB\", \"vnp_CardType\": \"ATM\", \"vnp_OrderInfo\": \"Thanh toan don hang #WS17561010506791\", \"vnp_BankTranNo\": \"VNP15146651\", \"vnp_SecureHash\": \"45e0173091c837fd6f99d0fdf09eb55e8de08491193b3bf0db9c47e63c67aafbeaf9f85695a3b201e887459924db60ac4999e52c5257d8cb7182d0f2ce2a0ea6\", \"vnp_ResponseCode\": \"00\", \"vnp_TransactionNo\": \"15146651\", \"vnp_TransactionStatus\": \"00\"}','2025-08-25 05:50:50','2025-08-25 05:51:19'),(17,248,'248_1756101411',2492000000,'00','15146661','20250825125927','NCB','ATM','dd48565c4c07c9abfd33b788b818be5269a46febdfa5b135cd28ef181e793487733977b7aa8d6430d7d159bf8ac8fcb058dd91113c3c436ef2d38e27633d0d67','success','Giao dịch thành công','{\"vnp_Amount\": \"2492000000\", \"vnp_TxnRef\": \"248_1756101411\", \"vnp_PayDate\": \"20250825125927\", \"vnp_TmnCode\": \"1VYBIYQP\", \"vnp_BankCode\": \"NCB\", \"vnp_CardType\": \"ATM\", \"vnp_OrderInfo\": \"Thanh toan don hang #WS17561014113302\", \"vnp_BankTranNo\": \"VNP15146661\", \"vnp_SecureHash\": \"dd48565c4c07c9abfd33b788b818be5269a46febdfa5b135cd28ef181e793487733977b7aa8d6430d7d159bf8ac8fcb058dd91113c3c436ef2d38e27633d0d67\", \"vnp_ResponseCode\": \"00\", \"vnp_TransactionNo\": \"15146661\", \"vnp_TransactionStatus\": \"00\"}','2025-08-25 05:56:51','2025-08-25 05:58:17');
/*!40000 ALTER TABLE `vnpay_transactions` ENABLE KEYS */;
UNLOCK TABLES;

--
-- Table structure for table `websockets_statistics_entries`
--

DROP TABLE IF EXISTS `websockets_statistics_entries`;
/*!40101 SET @saved_cs_client     = @@character_set_client */;
/*!50503 SET character_set_client = utf8mb4 */;
CREATE TABLE `websockets_statistics_entries` (
  `id` int unsigned NOT NULL AUTO_INCREMENT,
  `app_id` varchar(255) COLLATE utf8mb4_unicode_ci NOT NULL,
  `peak_connection_count` int NOT NULL,
  `websocket_message_count` int NOT NULL,
  `api_message_count` int NOT NULL,
  `created_at` timestamp NULL DEFAULT NULL,
  `updated_at` timestamp NULL DEFAULT NULL,
  PRIMARY KEY (`id`)
) ENGINE=InnoDB DEFAULT CHARSET=utf8mb4 COLLATE=utf8mb4_unicode_ci;
/*!40101 SET character_set_client = @saved_cs_client */;

--
-- Dumping data for table `websockets_statistics_entries`
--

LOCK TABLES `websockets_statistics_entries` WRITE;
/*!40000 ALTER TABLE `websockets_statistics_entries` DISABLE KEYS */;
/*!40000 ALTER TABLE `websockets_statistics_entries` ENABLE KEYS */;
UNLOCK TABLES;

--
-- Final view structure for view `view_average_product_rating`
--

/*!50001 DROP VIEW IF EXISTS `view_average_product_rating`*/;
/*!50001 SET @saved_cs_client          = @@character_set_client */;
/*!50001 SET @saved_cs_results         = @@character_set_results */;
/*!50001 SET @saved_col_connection     = @@collation_connection */;
/*!50001 SET character_set_client      = utf8mb4 */;
/*!50001 SET character_set_results     = utf8mb4 */;
/*!50001 SET collation_connection      = utf8mb4_unicode_ci */;
/*!50001 CREATE ALGORITHM=UNDEFINED */
/*!50013 DEFINER=`root`@`localhost` SQL SECURITY DEFINER */
/*!50001 VIEW `view_average_product_rating` AS select `r`.`product_id` AS `product_id`,avg(`r`.`rating`) AS `avg_rating` from (`reviews` `r` join `products` `p` on((`r`.`product_id` = `p`.`id`))) where (`p`.`status` = 1) group by `r`.`product_id` */;
/*!50001 SET character_set_client      = @saved_cs_client */;
/*!50001 SET character_set_results     = @saved_cs_results */;
/*!50001 SET collation_connection      = @saved_col_connection */;

--
-- Final view structure for view `view_daily_paid_revenue`
--

/*!50001 DROP VIEW IF EXISTS `view_daily_paid_revenue`*/;
/*!50001 SET @saved_cs_client          = @@character_set_client */;
/*!50001 SET @saved_cs_results         = @@character_set_results */;
/*!50001 SET @saved_col_connection     = @@collation_connection */;
/*!50001 SET character_set_client      = utf8mb4 */;
/*!50001 SET character_set_results     = utf8mb4 */;
/*!50001 SET collation_connection      = utf8mb4_unicode_ci */;
/*!50001 CREATE ALGORITHM=UNDEFINED */
/*!50013 DEFINER=`root`@`localhost` SQL SECURITY DEFINER */
/*!50001 VIEW `view_daily_paid_revenue` AS select cast(`orders`.`created_at` as date) AS `date`,sum(`orders`.`total_amount`) AS `paid_revenue` from `orders` where (`orders`.`payment_status` = 'paid') group by cast(`orders`.`created_at` as date) order by `date` desc */;
/*!50001 SET character_set_client      = @saved_cs_client */;
/*!50001 SET character_set_results     = @saved_cs_results */;
/*!50001 SET collation_connection      = @saved_col_connection */;

--
-- Final view structure for view `view_daily_revenue`
--

/*!50001 DROP VIEW IF EXISTS `view_daily_revenue`*/;
/*!50001 SET @saved_cs_client          = @@character_set_client */;
/*!50001 SET @saved_cs_results         = @@character_set_results */;
/*!50001 SET @saved_col_connection     = @@collation_connection */;
/*!50001 SET character_set_client      = utf8mb4 */;
/*!50001 SET character_set_results     = utf8mb4 */;
/*!50001 SET collation_connection      = utf8mb4_unicode_ci */;
/*!50001 CREATE ALGORITHM=UNDEFINED */
/*!50013 DEFINER=`root`@`localhost` SQL SECURITY DEFINER */
/*!50001 VIEW `view_daily_revenue` AS select cast(`orders`.`created_at` as date) AS `date`,sum(`orders`.`total_amount`) AS `revenue` from `orders` where (`orders`.`status` = 'completed') group by cast(`orders`.`created_at` as date) order by `date` desc */;
/*!50001 SET character_set_client      = @saved_cs_client */;
/*!50001 SET character_set_results     = @saved_cs_results */;
/*!50001 SET collation_connection      = @saved_col_connection */;

--
-- Final view structure for view `view_monthly_revenue`
--

/*!50001 DROP VIEW IF EXISTS `view_monthly_revenue`*/;
/*!50001 SET @saved_cs_client          = @@character_set_client */;
/*!50001 SET @saved_cs_results         = @@character_set_results */;
/*!50001 SET @saved_col_connection     = @@collation_connection */;
/*!50001 SET character_set_client      = utf8mb4 */;
/*!50001 SET character_set_results     = utf8mb4 */;
/*!50001 SET collation_connection      = utf8mb4_unicode_ci */;
/*!50001 CREATE ALGORITHM=UNDEFINED */
/*!50013 DEFINER=`root`@`localhost` SQL SECURITY DEFINER */
/*!50001 VIEW `view_monthly_revenue` AS select date_format(`orders`.`created_at`,'%Y-%m') AS `month`,sum(`orders`.`total_amount`) AS `revenue` from `orders` where (`orders`.`status` = 'completed') group by `month` */;
/*!50001 SET character_set_client      = @saved_cs_client */;
/*!50001 SET character_set_results     = @saved_cs_results */;
/*!50001 SET collation_connection      = @saved_col_connection */;

--
-- Final view structure for view `view_most_viewed_products`
--

/*!50001 DROP VIEW IF EXISTS `view_most_viewed_products`*/;
/*!50001 SET @saved_cs_client          = @@character_set_client */;
/*!50001 SET @saved_cs_results         = @@character_set_results */;
/*!50001 SET @saved_col_connection     = @@collation_connection */;
/*!50001 SET character_set_client      = utf8mb4 */;
/*!50001 SET character_set_results     = utf8mb4 */;
/*!50001 SET collation_connection      = utf8mb4_unicode_ci */;
/*!50001 CREATE ALGORITHM=UNDEFINED */
/*!50013 DEFINER=`root`@`localhost` SQL SECURITY DEFINER */
/*!50001 VIEW `view_most_viewed_products` AS select `products`.`id` AS `id`,`products`.`name` AS `name`,`products`.`view` AS `view` from `products` where (`products`.`status` = 1) order by `products`.`view` desc */;
/*!50001 SET character_set_client      = @saved_cs_client */;
/*!50001 SET character_set_results     = @saved_cs_results */;
/*!50001 SET collation_connection      = @saved_col_connection */;

--
-- Final view structure for view `view_order_status_count`
--

/*!50001 DROP VIEW IF EXISTS `view_order_status_count`*/;
/*!50001 SET @saved_cs_client          = @@character_set_client */;
/*!50001 SET @saved_cs_results         = @@character_set_results */;
/*!50001 SET @saved_col_connection     = @@collation_connection */;
/*!50001 SET character_set_client      = utf8mb4 */;
/*!50001 SET character_set_results     = utf8mb4 */;
/*!50001 SET collation_connection      = utf8mb4_unicode_ci */;
/*!50001 CREATE ALGORITHM=UNDEFINED */
/*!50013 DEFINER=`root`@`localhost` SQL SECURITY DEFINER */
/*!50001 VIEW `view_order_status_count` AS select `orders`.`status` AS `status`,count(0) AS `count`,min(`orders`.`created_at`) AS `created_at` from `orders` group by `orders`.`status` */;
/*!50001 SET character_set_client      = @saved_cs_client */;
/*!50001 SET character_set_results     = @saved_cs_results */;
/*!50001 SET collation_connection      = @saved_col_connection */;

--
-- Final view structure for view `view_paid_revenue`
--

/*!50001 DROP VIEW IF EXISTS `view_paid_revenue`*/;
/*!50001 SET @saved_cs_client          = @@character_set_client */;
/*!50001 SET @saved_cs_results         = @@character_set_results */;
/*!50001 SET @saved_col_connection     = @@collation_connection */;
/*!50001 SET character_set_client      = utf8mb4 */;
/*!50001 SET character_set_results     = utf8mb4 */;
/*!50001 SET collation_connection      = utf8mb4_unicode_ci */;
/*!50001 CREATE ALGORITHM=UNDEFINED */
/*!50013 DEFINER=`root`@`localhost` SQL SECURITY DEFINER */
/*!50001 VIEW `view_paid_revenue` AS select date_format(`orders`.`created_at`,'%Y-%m') AS `month`,sum(`orders`.`total_amount`) AS `paid_revenue` from `orders` where (`orders`.`payment_status` = 'paid') group by `month` */;
/*!50001 SET character_set_client      = @saved_cs_client */;
/*!50001 SET character_set_results     = @saved_cs_results */;
/*!50001 SET collation_connection      = @saved_col_connection */;

--
-- Final view structure for view `view_revenue_by_category`
--

/*!50001 DROP VIEW IF EXISTS `view_revenue_by_category`*/;
/*!50001 SET @saved_cs_client          = @@character_set_client */;
/*!50001 SET @saved_cs_results         = @@character_set_results */;
/*!50001 SET @saved_col_connection     = @@collation_connection */;
/*!50001 SET character_set_client      = utf8mb4 */;
/*!50001 SET character_set_results     = utf8mb4 */;
/*!50001 SET collation_connection      = utf8mb4_unicode_ci */;
/*!50001 CREATE ALGORITHM=UNDEFINED */
/*!50013 DEFINER=`root`@`localhost` SQL SECURITY DEFINER */
/*!50001 VIEW `view_revenue_by_category` AS select `cat`.`id` AS `category_id`,`cat`.`name` AS `category_name`,sum(`od`.`total`) AS `revenue` from ((`order_details` `od` join `products` `p` on((`od`.`product_id` = `p`.`id`))) join `categories` `cat` on((`p`.`category_id` = `cat`.`id`))) where (`p`.`status` = 1) group by `cat`.`id`,`cat`.`name` */;
/*!50001 SET character_set_client      = @saved_cs_client */;
/*!50001 SET character_set_results     = @saved_cs_results */;
/*!50001 SET collation_connection      = @saved_col_connection */;

--
-- Final view structure for view `view_stock_by_color`
--

/*!50001 DROP VIEW IF EXISTS `view_stock_by_color`*/;
/*!50001 SET @saved_cs_client          = @@character_set_client */;
/*!50001 SET @saved_cs_results         = @@character_set_results */;
/*!50001 SET @saved_col_connection     = @@collation_connection */;
/*!50001 SET character_set_client      = utf8mb4 */;
/*!50001 SET character_set_results     = utf8mb4 */;
/*!50001 SET collation_connection      = utf8mb4_unicode_ci */;
/*!50001 CREATE ALGORITHM=UNDEFINED */
/*!50013 DEFINER=`root`@`localhost` SQL SECURITY DEFINER */
/*!50001 VIEW `view_stock_by_color` AS select `c`.`id` AS `color_id`,`c`.`name` AS `color_name`,sum(`pv`.`stock_quantity`) AS `total_stock` from ((`product_variants` `pv` join `colors` `c` on((`pv`.`color_id` = `c`.`id`))) join `products` `p` on((`pv`.`product_id` = `p`.`id`))) where (`p`.`status` = 1) group by `c`.`id`,`c`.`name` */;
/*!50001 SET character_set_client      = @saved_cs_client */;
/*!50001 SET character_set_results     = @saved_cs_results */;
/*!50001 SET collation_connection      = @saved_col_connection */;

--
-- Final view structure for view `view_storage_variants`
--

/*!50001 DROP VIEW IF EXISTS `view_storage_variants`*/;
/*!50001 SET @saved_cs_client          = @@character_set_client */;
/*!50001 SET @saved_cs_results         = @@character_set_results */;
/*!50001 SET @saved_col_connection     = @@collation_connection */;
/*!50001 SET character_set_client      = utf8mb4 */;
/*!50001 SET character_set_results     = utf8mb4 */;
/*!50001 SET collation_connection      = utf8mb4_unicode_ci */;
/*!50001 CREATE ALGORITHM=UNDEFINED */
/*!50013 DEFINER=`root`@`localhost` SQL SECURITY DEFINER */
/*!50001 VIEW `view_storage_variants` AS select `s`.`id` AS `storage_id`,`s`.`capacity` AS `capacity`,count(`pv`.`id`) AS `variant_count` from ((`storages` `s` left join `product_variants` `pv` on((`pv`.`storage_id` = `s`.`id`))) left join `products` `p` on((`pv`.`product_id` = `p`.`id`))) where ((`p`.`status` = 1) or (`p`.`status` is null)) group by `s`.`id`,`s`.`capacity` */;
/*!50001 SET character_set_client      = @saved_cs_client */;
/*!50001 SET character_set_results     = @saved_cs_results */;
/*!50001 SET collation_connection      = @saved_col_connection */;

--
-- Final view structure for view `view_top_coupons`
--

/*!50001 DROP VIEW IF EXISTS `view_top_coupons`*/;
/*!50001 SET @saved_cs_client          = @@character_set_client */;
/*!50001 SET @saved_cs_results         = @@character_set_results */;
/*!50001 SET @saved_col_connection     = @@collation_connection */;
/*!50001 SET character_set_client      = utf8mb4 */;
/*!50001 SET character_set_results     = utf8mb4 */;
/*!50001 SET collation_connection      = utf8mb4_unicode_ci */;
/*!50001 CREATE ALGORITHM=UNDEFINED */
/*!50013 DEFINER=`root`@`localhost` SQL SECURITY DEFINER */
/*!50001 VIEW `view_top_coupons` AS select `c`.`id` AS `id`,`c`.`code` AS `code`,count(`o`.`id`) AS `used_count`,min(`o`.`created_at`) AS `created_at` from (`coupons` `c` join `orders` `o` on((`o`.`coupon_id` = `c`.`id`))) group by `c`.`id`,`c`.`code` order by `used_count` desc */;
/*!50001 SET character_set_client      = @saved_cs_client */;
/*!50001 SET character_set_results     = @saved_cs_results */;
/*!50001 SET collation_connection      = @saved_col_connection */;

--
-- Final view structure for view `view_top_customers`
--

/*!50001 DROP VIEW IF EXISTS `view_top_customers`*/;
/*!50001 SET @saved_cs_client          = @@character_set_client */;
/*!50001 SET @saved_cs_results         = @@character_set_results */;
/*!50001 SET @saved_col_connection     = @@collation_connection */;
/*!50001 SET character_set_client      = utf8mb4 */;
/*!50001 SET character_set_results     = utf8mb4 */;
/*!50001 SET collation_connection      = utf8mb4_unicode_ci */;
/*!50001 CREATE ALGORITHM=UNDEFINED */
/*!50013 DEFINER=`root`@`localhost` SQL SECURITY DEFINER */
/*!50001 VIEW `view_top_customers` AS select `u`.`id` AS `id`,`u`.`name` AS `name`,`u`.`email` AS `email`,`u`.`phone` AS `phone`,count(`o`.`id`) AS `total_orders`,sum(`o`.`total_amount`) AS `total_spent`,avg(`o`.`total_amount`) AS `avg_order_value`,min(`o`.`created_at`) AS `first_order_date`,max(`o`.`created_at`) AS `last_order_date`,coalesce(`p`.`earned_points`,0) AS `total_earned_points`,(case when (coalesce(`p`.`earned_points`,0) >= 600000) then 'Diamond' when (coalesce(`p`.`earned_points`,0) >= 390000) then 'Platinum' when (coalesce(`p`.`earned_points`,0) >= 330000) then 'Gold' when (coalesce(`p`.`earned_points`,0) >= 240000) then 'Silver' else 'Bronze' end) AS `vip_level` from ((`users` `u` join `orders` `o` on((`u`.`id` = `o`.`user_id`))) left join `points` `p` on((`u`.`id` = `p`.`user_id`))) where (`o`.`status` = 'completed') group by `u`.`id`,`u`.`name`,`u`.`email`,`u`.`phone`,`p`.`earned_points` order by `total_spent` desc,`total_orders` desc */;
/*!50001 SET character_set_client      = @saved_cs_client */;
/*!50001 SET character_set_results     = @saved_cs_results */;
/*!50001 SET collation_connection      = @saved_col_connection */;

--
-- Final view structure for view `view_top_products`
--

/*!50001 DROP VIEW IF EXISTS `view_top_products`*/;
/*!50001 SET @saved_cs_client          = @@character_set_client */;
/*!50001 SET @saved_cs_results         = @@character_set_results */;
/*!50001 SET @saved_col_connection     = @@collation_connection */;
/*!50001 SET character_set_client      = utf8mb4 */;
/*!50001 SET character_set_results     = utf8mb4 */;
/*!50001 SET collation_connection      = utf8mb4_unicode_ci */;
/*!50001 CREATE ALGORITHM=UNDEFINED */
/*!50013 DEFINER=`root`@`localhost` SQL SECURITY DEFINER */
/*!50001 VIEW `view_top_products` AS select `p`.`id` AS `id`,`p`.`name` AS `name`,sum(`od`.`quantity`) AS `total_sold`,min(`od`.`created_at`) AS `created_at` from (`order_details` `od` join `products` `p` on((`od`.`product_id` = `p`.`id`))) where (`p`.`status` = 1) group by `p`.`id`,`p`.`name` order by `total_sold` desc */;
/*!50001 SET character_set_client      = @saved_cs_client */;
/*!50001 SET character_set_results     = @saved_cs_results */;
/*!50001 SET collation_connection      = @saved_col_connection */;

--
-- Final view structure for view `view_total_stock_per_product`
--

/*!50001 DROP VIEW IF EXISTS `view_total_stock_per_product`*/;
/*!50001 SET @saved_cs_client          = @@character_set_client */;
/*!50001 SET @saved_cs_results         = @@character_set_results */;
/*!50001 SET @saved_col_connection     = @@collation_connection */;
/*!50001 SET character_set_client      = utf8mb4 */;
/*!50001 SET character_set_results     = utf8mb4 */;
/*!50001 SET collation_connection      = utf8mb4_unicode_ci */;
/*!50001 CREATE ALGORITHM=UNDEFINED */
/*!50013 DEFINER=`root`@`localhost` SQL SECURITY DEFINER */
/*!50001 VIEW `view_total_stock_per_product` AS select `p`.`id` AS `product_id`,`p`.`name` AS `product_name`,sum(`pv`.`stock_quantity`) AS `total_stock` from (`products` `p` left join `product_variants` `pv` on((`p`.`id` = `pv`.`product_id`))) where (`p`.`status` = 1) group by `p`.`id`,`p`.`name` */;
/*!50001 SET character_set_client      = @saved_cs_client */;
/*!50001 SET character_set_results     = @saved_cs_results */;
/*!50001 SET collation_connection      = @saved_col_connection */;

--
-- Final view structure for view `view_user_status_count`
--

/*!50001 DROP VIEW IF EXISTS `view_user_status_count`*/;
/*!50001 SET @saved_cs_client          = @@character_set_client */;
/*!50001 SET @saved_cs_results         = @@character_set_results */;
/*!50001 SET @saved_col_connection     = @@collation_connection */;
/*!50001 SET character_set_client      = utf8mb4 */;
/*!50001 SET character_set_results     = utf8mb4 */;
/*!50001 SET collation_connection      = utf8mb4_unicode_ci */;
/*!50001 CREATE ALGORITHM=UNDEFINED */
/*!50013 DEFINER=`root`@`localhost` SQL SECURITY DEFINER */
/*!50001 VIEW `view_user_status_count` AS select `users`.`status` AS `status`,count(0) AS `count` from `users` group by `users`.`status` */;
/*!50001 SET character_set_client      = @saved_cs_client */;
/*!50001 SET character_set_results     = @saved_cs_results */;
/*!50001 SET collation_connection      = @saved_col_connection */;
/*!40103 SET TIME_ZONE=@OLD_TIME_ZONE */;

/*!40101 SET SQL_MODE=@OLD_SQL_MODE */;
/*!40014 SET FOREIGN_KEY_CHECKS=@OLD_FOREIGN_KEY_CHECKS */;
/*!40014 SET UNIQUE_CHECKS=@OLD_UNIQUE_CHECKS */;
/*!40101 SET CHARACTER_SET_CLIENT=@OLD_CHARACTER_SET_CLIENT */;
/*!40101 SET CHARACTER_SET_RESULTS=@OLD_CHARACTER_SET_RESULTS */;
/*!40101 SET COLLATION_CONNECTION=@OLD_COLLATION_CONNECTION */;
/*!40111 SET SQL_NOTES=@OLD_SQL_NOTES */;

-- Dump completed on 2025-08-25 13:59:21
